Trial-ID,Status,Iteration,activation,batch_size,dropout,learning_rate,lstm_layers,num_hidden_units,Objective,avg_train_loss
1,INTERMEDIATE,0,elu,16,0.18524918934453094,0.0006350373354660275,3,61,1.5604702234268188,1.6053093671798706
1,INTERMEDIATE,1,elu,16,0.18524918934453094,0.0006350373354660275,3,61,1.2173138856887817,1.3078462137625768
1,INTERMEDIATE,2,elu,16,0.18524918934453094,0.0006350373354660275,3,61,1.048817949635642,0.9633697110873002
1,INTERMEDIATE,3,elu,16,0.18524918934453094,0.0006350373354660275,3,61,0.9152984959738595,0.8601260483264923
1,INTERMEDIATE,4,elu,16,0.18524918934453094,0.0006350373354660275,3,61,0.8483721358435494,0.7636107481442965
1,INTERMEDIATE,5,elu,16,0.18524918934453094,0.0006350373354660275,3,61,0.7576909065246582,0.6969417998423943
1,INTERMEDIATE,6,elu,16,0.18524918934453094,0.0006350373354660275,3,61,0.6909031527382987,0.6457976504014089
1,INTERMEDIATE,7,elu,16,0.18524918934453094,0.0006350373354660275,3,61,0.6447898830686297,0.6126787616656377
1,INTERMEDIATE,8,elu,16,0.18524918934453094,0.0006350373354660275,3,61,0.6379196260656629,0.5486808774562982
1,INTERMEDIATE,9,elu,16,0.18524918934453094,0.0006350373354660275,3,61,0.6181520564215524,0.5292496635363653
1,INTERMEDIATE,10,elu,16,0.18524918934453094,0.0006350373354660275,3,61,0.5770059653690883,0.5132854259931124
1,INTERMEDIATE,11,elu,16,0.18524918934453094,0.0006350373354660275,3,61,0.5549804312842233,0.4978475616528438
1,INTERMEDIATE,12,elu,16,0.18524918934453094,0.0006350373354660275,3,61,0.5734219040189471,0.4901161973293011
1,INTERMEDIATE,13,elu,16,0.18524918934453094,0.0006350373354660275,3,61,0.5425236182553428,0.47905395122674793
1,INTERMEDIATE,14,elu,16,0.18524918934453094,0.0006350373354660275,3,61,0.5592146984168461,0.45642853012451756
1,INTERMEDIATE,15,elu,16,0.18524918934453094,0.0006350373354660275,3,61,0.4863267200333731,0.4662975250528409
1,INTERMEDIATE,16,elu,16,0.18524918934453094,0.0006350373354660275,3,61,0.5828290624277932,0.4951957040108167
1,INTERMEDIATE,17,elu,16,0.18524918934453094,0.0006350373354660275,3,61,0.568652732031686,0.455951737669798
1,INTERMEDIATE,18,elu,16,0.18524918934453094,0.0006350373354660275,3,61,0.561193436384201,0.43642548758250016
1,INTERMEDIATE,19,elu,16,0.18524918934453094,0.0006350373354660275,3,61,0.5579145891325814,0.4380413110439594
1,INTERMEDIATE,20,elu,16,0.18524918934453094,0.0006350373354660275,3,61,0.5575176988329206,0.4457325293467595
1,INTERMEDIATE,21,elu,16,0.18524918934453094,0.0006350373354660275,3,61,0.5332549810409546,0.4460664311280617
1,INTERMEDIATE,22,elu,16,0.18524918934453094,0.0006350373354660275,3,61,0.5806679001876286,0.4375994744209143
1,INTERMEDIATE,23,elu,16,0.18524918934453094,0.0006350373354660275,3,61,0.49799956594194683,0.43375548949608433
1,INTERMEDIATE,24,elu,16,0.18524918934453094,0.0006350373354660275,3,61,0.5616407990455627,0.4536215548331921
1,INTERMEDIATE,25,elu,16,0.18524918934453094,0.0006350373354660275,3,61,0.5405226307255881,0.4271982048566525
1,INTERMEDIATE,26,elu,16,0.18524918934453094,0.0006350373354660275,3,61,0.4983518975121634,0.42433519202929276
1,INTERMEDIATE,27,elu,16,0.18524918934453094,0.0006350373354660275,3,61,0.5374356806278229,0.4041120415696731
1,INTERMEDIATE,28,elu,16,0.18524918934453094,0.0006350373354660275,3,61,0.5583919371877398,0.40688080111375224
1,INTERMEDIATE,29,elu,16,0.18524918934453094,0.0006350373354660275,3,61,0.5330335540430886,0.4067741552224526
1,INTERMEDIATE,30,elu,16,0.18524918934453094,0.0006350373354660275,3,61,0.5492710641452244,0.42058560252189636
1,INTERMEDIATE,31,elu,16,0.18524918934453094,0.0006350373354660275,3,61,0.5243742423398154,0.40728572469491225
1,INTERMEDIATE,32,elu,16,0.18524918934453094,0.0006350373354660275,3,61,0.6218299354825702,0.39767484137645137
1,INTERMEDIATE,33,elu,16,0.18524918934453094,0.0006350373354660275,3,61,0.47820935930524555,0.37563565402076793
1,INTERMEDIATE,34,elu,16,0.18524918934453094,0.0006350373354660275,3,61,0.482196460877146,0.3912190938225159
1,INTERMEDIATE,35,elu,16,0.18524918934453094,0.0006350373354660275,3,61,0.521914643900735,0.3721560795719807
1,INTERMEDIATE,36,elu,16,0.18524918934453094,0.0006350373354660275,3,61,0.5327244869300297,0.3666377801161546
1,INTERMEDIATE,37,elu,16,0.18524918934453094,0.0006350373354660275,3,61,0.4957055279186794,0.38151243271735996
1,INTERMEDIATE,38,elu,16,0.18524918934453094,0.0006350373354660275,3,61,0.45290873306138174,0.3630384155190908
1,INTERMEDIATE,39,elu,16,0.18524918934453094,0.0006350373354660275,3,61,0.5262446190629687,0.34623321948143154
1,INTERMEDIATE,40,elu,16,0.18524918934453094,0.0006350373354660275,3,61,0.522226618868964,0.3218122399770297
1,INTERMEDIATE,41,elu,16,0.18524918934453094,0.0006350373354660275,3,61,0.48785439346517834,0.3360372604085849
1,INTERMEDIATE,42,elu,16,0.18524918934453094,0.0006350373354660275,3,61,0.4240680124078478,0.3239988340781285
1,INTERMEDIATE,43,elu,16,0.18524918934453094,0.0006350373354660275,3,61,0.4420903005770275,0.3696503180723924
1,INTERMEDIATE,44,elu,16,0.18524918934453094,0.0006350373354660275,3,61,0.5245958204780307,0.3035987839102745
1,INTERMEDIATE,45,elu,16,0.18524918934453094,0.0006350373354660275,3,61,0.3925285850252424,0.30605404967298877
1,INTERMEDIATE,46,elu,16,0.18524918934453094,0.0006350373354660275,3,61,0.39246041966336115,0.27364116076093453
1,INTERMEDIATE,47,elu,16,0.18524918934453094,0.0006350373354660275,3,61,0.40130465797015596,0.2854060802895289
1,INTERMEDIATE,48,elu,16,0.18524918934453094,0.0006350373354660275,3,61,0.3118211882455008,0.268133150270352
1,INTERMEDIATE,49,elu,16,0.18524918934453094,0.0006350373354660275,3,61,0.34570700568812235,0.26713838829444003
1,INTERMEDIATE,50,elu,16,0.18524918934453094,0.0006350373354660275,3,61,0.3239449645791735,0.26396246483692754
1,INTERMEDIATE,51,elu,16,0.18524918934453094,0.0006350373354660275,3,61,0.3358547219208309,0.25760047281017673
1,INTERMEDIATE,52,elu,16,0.18524918934453094,0.0006350373354660275,3,61,0.3303562083414623,0.2455800181398025
1,INTERMEDIATE,53,elu,16,0.18524918934453094,0.0006350373354660275,3,61,0.3297549550022398,0.2501208604528354
1,INTERMEDIATE,54,elu,16,0.18524918934453094,0.0006350373354660275,3,61,0.36801576614379883,0.24042476025911477
1,INTERMEDIATE,55,elu,16,0.18524918934453094,0.0006350373354660275,3,61,0.3309697210788727,0.2344753174827649
1,INTERMEDIATE,56,elu,16,0.18524918934453094,0.0006350373354660275,3,61,0.3674007420028959,0.24021561902302963
1,INTERMEDIATE,57,elu,16,0.18524918934453094,0.0006350373354660275,3,61,0.3858789460999625,0.23577477439091757
1,INTERMEDIATE,58,elu,16,0.18524918934453094,0.0006350373354660275,3,61,0.5110382437705994,0.23534834642822927
1,INTERMEDIATE,59,elu,16,0.18524918934453094,0.0006350373354660275,3,61,0.32304600306919645,0.2909482210301436
1,INTERMEDIATE,60,elu,16,0.18524918934453094,0.0006350373354660275,3,61,0.31647853034415413,0.24389663940438858
1,INTERMEDIATE,61,elu,16,0.18524918934453094,0.0006350373354660275,3,61,0.3186105840972492,0.26033423067285466
1,INTERMEDIATE,62,elu,16,0.18524918934453094,0.0006350373354660275,3,61,0.32986145839095116,0.24261623219801828
1,INTERMEDIATE,63,elu,16,0.18524918934453094,0.0006350373354660275,3,61,0.2876843054379736,0.25129404936272365
1,INTERMEDIATE,64,elu,16,0.18524918934453094,0.0006350373354660275,3,61,0.3117826208472252,0.22792949842718932
1,INTERMEDIATE,65,elu,16,0.18524918934453094,0.0006350373354660275,3,61,0.27339987669672283,0.20360251917288855
1,INTERMEDIATE,66,elu,16,0.18524918934453094,0.0006350373354660275,3,61,0.22284025911773955,0.18014732805582193
1,INTERMEDIATE,67,elu,16,0.18524918934453094,0.0006350373354660275,3,61,0.2083469916667257,0.1647614875378517
1,INTERMEDIATE,68,elu,16,0.18524918934453094,0.0006350373354660275,3,61,0.4278806086097445,0.1525370877665969
1,INTERMEDIATE,69,elu,16,0.18524918934453094,0.0006350373354660275,3,61,0.49158582517078947,0.3558415461045045
1,INTERMEDIATE,70,elu,16,0.18524918934453094,0.0006350373354660275,3,61,0.39386299891131266,0.23998066209829771
1,INTERMEDIATE,71,elu,16,0.18524918934453094,0.0006350373354660275,3,61,0.28081412400518146,0.2121321510236997
1,INTERMEDIATE,72,elu,16,0.18524918934453094,0.0006350373354660275,3,61,0.30835017269211157,0.22579673090233252
1,INTERMEDIATE,73,elu,16,0.18524918934453094,0.0006350373354660275,3,61,0.4899361325161798,0.2754412622979054
1,INTERMEDIATE,74,elu,16,0.18524918934453094,0.0006350373354660275,3,61,0.5226786072765078,0.36186154587910724
1,INTERMEDIATE,75,elu,16,0.18524918934453094,0.0006350373354660275,3,61,0.4529511162212917,0.33985241731772053
1,INTERMEDIATE,76,elu,16,0.18524918934453094,0.0006350373354660275,3,61,0.577691097344671,0.33712609513447833
1,INTERMEDIATE,77,elu,16,0.18524918934453094,0.0006350373354660275,3,61,0.4124327727726528,0.32644657160227114
1,INTERMEDIATE,78,elu,16,0.18524918934453094,0.0006350373354660275,3,61,0.5020656649555478,0.2791238490205545
1,INTERMEDIATE,79,elu,16,0.18524918934453094,0.0006350373354660275,3,61,0.35272430947848726,0.2809200888642898
1,INTERMEDIATE,80,elu,16,0.18524918934453094,0.0006350373354660275,3,61,0.33702135724680765,0.21571931407715267
1,INTERMEDIATE,81,elu,16,0.18524918934453094,0.0006350373354660275,3,61,0.33925006432192667,0.1932307006074832
1,INTERMEDIATE,82,elu,16,0.18524918934453094,0.0006350373354660275,3,61,0.27425833152873175,0.17569872908867323
1,INTERMEDIATE,83,elu,16,0.18524918934453094,0.0006350373354660275,3,61,0.24801200202533177,0.15351616075405708
1,INTERMEDIATE,84,elu,16,0.18524918934453094,0.0006350373354660275,3,61,0.30671965863023487,0.13558858002607638
1,INTERMEDIATE,85,elu,16,0.18524918934453094,0.0006350373354660275,3,61,0.24831987278802053,0.14722993443361843
1,INTERMEDIATE,86,elu,16,0.18524918934453094,0.0006350373354660275,3,61,0.21410133875906467,0.1346263590340431
1,INTERMEDIATE,87,elu,16,0.18524918934453094,0.0006350373354660275,3,61,0.2183586923139436,0.10747505699356015
1,INTERMEDIATE,88,elu,16,0.18524918934453094,0.0006350373354660275,3,61,0.19628137616174562,0.12784601461428863
1,INTERMEDIATE,89,elu,16,0.18524918934453094,0.0006350373354660275,3,61,0.28222651353904177,0.10837843369406003
1,INTERMEDIATE,90,elu,16,0.18524918934453094,0.0006350373354660275,3,61,0.18271248787641525,0.10603733468227662
1,INTERMEDIATE,91,elu,16,0.18524918934453094,0.0006350373354660275,3,61,0.17397967619555338,0.09494307279013671
1,INTERMEDIATE,92,elu,16,0.18524918934453094,0.0006350373354660275,3,61,0.18377464690378734,0.10126404765133674
1,INTERMEDIATE,93,elu,16,0.18524918934453094,0.0006350373354660275,3,61,0.18907124336276734,0.11687505001632068
1,INTERMEDIATE,94,elu,16,0.18524918934453094,0.0006350373354660275,3,61,0.20070271513291768,0.11900520328289041
1,INTERMEDIATE,95,elu,16,0.18524918934453094,0.0006350373354660275,3,61,0.1750613313966564,0.1057223854944683
1,INTERMEDIATE,96,elu,16,0.18524918934453094,0.0006350373354660275,3,61,0.18459402796413218,0.09978135739668058
1,INTERMEDIATE,97,elu,16,0.18524918934453094,0.0006350373354660275,3,61,0.18206421053037047,0.10484452681759229
1,INTERMEDIATE,98,elu,16,0.18524918934453094,0.0006350373354660275,3,61,0.2030559139592307,0.09951962201068035
1,INTERMEDIATE,99,elu,16,0.18524918934453094,0.0006350373354660275,3,61,0.1928573442356927,0.09286887628527787
1,INTERMEDIATE,100,elu,16,0.18524918934453094,0.0006350373354660275,3,61,0.2173506005534104,0.07707683627422039
1,INTERMEDIATE,101,elu,16,0.18524918934453094,0.0006350373354660275,3,61,0.1767090926212924,0.0835846456555793
1,INTERMEDIATE,102,elu,16,0.18524918934453094,0.0006350373354660275,3,61,0.18094939671989,0.0692942151799798
1,INTERMEDIATE,103,elu,16,0.18524918934453094,0.0006350373354660275,3,61,0.16196314431726933,0.06984362917808959
1,INTERMEDIATE,104,elu,16,0.18524918934453094,0.0006350373354660275,3,61,0.1681344700711114,0.08190191193268849
1,INTERMEDIATE,105,elu,16,0.18524918934453094,0.0006350373354660275,3,61,0.24873706831463746,0.09195010700764564
1,INTERMEDIATE,106,elu,16,0.18524918934453094,0.0006350373354660275,3,61,0.19995189777442388,0.06905471816515693
1,INTERMEDIATE,107,elu,16,0.18524918934453094,0.0006350373354660275,3,61,0.1844491739757359,0.056958189162497334
1,INTERMEDIATE,108,elu,16,0.18524918934453094,0.0006350373354660275,3,61,0.1585346031934023,0.06363121506113273
1,INTERMEDIATE,109,elu,16,0.18524918934453094,0.0006350373354660275,3,61,0.1531081105183278,0.09120597385873015
1,INTERMEDIATE,110,elu,16,0.18524918934453094,0.0006350373354660275,3,61,0.10764319033894156,0.03548602029108084
1,INTERMEDIATE,111,elu,16,0.18524918934453094,0.0006350373354660275,3,61,0.10397636401467025,0.037385362872065835
1,INTERMEDIATE,112,elu,16,0.18524918934453094,0.0006350373354660275,3,61,0.10314939749826278,0.032998587349608824
1,INTERMEDIATE,113,elu,16,0.18524918934453094,0.0006350373354660275,3,61,0.11976937089847135,0.034183201675589844
1,INTERMEDIATE,114,elu,16,0.18524918934453094,0.0006350373354660275,3,61,0.22822848201862403,0.12184837839315431
1,INTERMEDIATE,115,elu,16,0.18524918934453094,0.0006350373354660275,3,61,0.11823052646858352,0.07092613026571389
1,INTERMEDIATE,116,elu,16,0.18524918934453094,0.0006350373354660275,3,61,0.1560247162623065,0.09641279602566591
1,INTERMEDIATE,117,elu,16,0.18524918934453094,0.0006350373354660275,3,61,0.15668454846101149,0.05229745638700059
1,INTERMEDIATE,118,elu,16,0.18524918934453094,0.0006350373354660275,3,61,0.1504873392571296,0.03182067482982977
1,INTERMEDIATE,119,elu,16,0.18524918934453094,0.0006350373354660275,3,61,0.15299881213078542,0.032323639253333494
1,INTERMEDIATE,120,elu,16,0.18524918934453094,0.0006350373354660275,3,61,0.12396344226518911,0.07145499198948248
1,INTERMEDIATE,121,elu,16,0.18524918934453094,0.0006350373354660275,3,61,0.07126261217386595,0.03274547322339808
1,INTERMEDIATE,122,elu,16,0.18524918934453094,0.0006350373354660275,3,61,0.073151047241741,0.03273992528780722
1,INTERMEDIATE,123,elu,16,0.18524918934453094,0.0006350373354660275,3,61,0.1136895108169743,0.02344688971956762
1,INTERMEDIATE,124,elu,16,0.18524918934453094,0.0006350373354660275,3,61,0.16283182676748506,0.028591119182797577
1,INTERMEDIATE,125,elu,16,0.18524918934453094,0.0006350373354660275,3,61,0.3795948065817356,0.05257385050376447
1,INTERMEDIATE,126,elu,16,0.18524918934453094,0.0006350373354660275,3,61,0.10709698724427394,0.06805932053024523
1,INTERMEDIATE,127,elu,16,0.18524918934453094,0.0006350373354660275,3,61,0.1638667245861143,0.045653296392769195
1,INTERMEDIATE,128,elu,16,0.18524918934453094,0.0006350373354660275,3,61,0.12925866109851217,0.03897340852731409
1,INTERMEDIATE,129,elu,16,0.18524918934453094,0.0006350373354660275,3,61,0.1394397825102455,0.03963243688205974
1,INTERMEDIATE,130,elu,16,0.18524918934453094,0.0006350373354660275,3,61,0.1200239232275635,0.036001857907439656
1,INTERMEDIATE,131,elu,16,0.18524918934453094,0.0006350373354660275,3,61,0.095885292859748,0.03817344666458666
1,INTERMEDIATE,132,elu,16,0.18524918934453094,0.0006350373354660275,3,61,0.09259053713841629,0.015660716355061874
1,INTERMEDIATE,133,elu,16,0.18524918934453094,0.0006350373354660275,3,61,0.09076489158906043,0.015547094530819986
1,INTERMEDIATE,134,elu,16,0.18524918934453094,0.0006350373354660275,3,61,0.09124607469753496,0.00791882456262381
1,INTERMEDIATE,135,elu,16,0.18524918934453094,0.0006350373354660275,3,61,0.09229705426176744,0.011375760552115165
1,INTERMEDIATE,136,elu,16,0.18524918934453094,0.0006350373354660275,3,61,0.09377982926421932,0.01128221955598117
1,INTERMEDIATE,137,elu,16,0.18524918934453094,0.0006350373354660275,3,61,0.0934657543465229,0.016439239288536973
1,INTERMEDIATE,138,elu,16,0.18524918934453094,0.0006350373354660275,3,61,0.11214575755210328,0.011644724174402654
1,INTERMEDIATE,139,elu,16,0.18524918934453094,0.0006350373354660275,3,61,0.10497906115571302,0.024658673626478188
1,INTERMEDIATE,140,elu,16,0.18524918934453094,0.0006350373354660275,3,61,0.10499129223171622,0.01660673980278751
1,INTERMEDIATE,141,elu,16,0.18524918934453094,0.0006350373354660275,3,61,0.10755576341346439,0.01434348347202803
1,INTERMEDIATE,142,elu,16,0.18524918934453094,0.0006350373354660275,3,61,0.10653700403470014,0.01322613583985143
1,INTERMEDIATE,143,elu,16,0.18524918934453094,0.0006350373354660275,3,61,0.10239817671078656,0.010624002519762143
1,INTERMEDIATE,144,elu,16,0.18524918934453094,0.0006350373354660275,3,61,0.10294260260083579,0.014010182673630949
1,INTERMEDIATE,145,elu,16,0.18524918934453094,0.0006350373354660275,3,61,0.1973114003610265,0.01275512401927979
1,INTERMEDIATE,146,elu,16,0.18524918934453094,0.0006350373354660275,3,61,0.10407428791014743,0.013713353051571175
1,INTERMEDIATE,147,elu,16,0.18524918934453094,0.0006350373354660275,3,61,0.11722820405183094,0.009724498862991683
1,INTERMEDIATE,148,elu,16,0.18524918934453094,0.0006350373354660275,3,61,0.10383459538154836,0.01765304770714675
1,INTERMEDIATE,149,elu,16,0.18524918934453094,0.0006350373354660275,3,61,0.21002345645268047,0.010036976246808011
1,INTERMEDIATE,150,elu,16,0.18524918934453094,0.0006350373354660275,3,61,0.10735674844389516,0.01111277567263012
1,INTERMEDIATE,151,elu,16,0.18524918934453094,0.0006350373354660275,3,61,0.1035031343760368,0.010916193718842875
1,INTERMEDIATE,152,elu,16,0.18524918934453094,0.0006350373354660275,3,61,0.10777025355491787,0.007731480718715689
1,INTERMEDIATE,153,elu,16,0.18524918934453094,0.0006350373354660275,3,61,0.20068389225551592,0.013711458356388343
1,INTERMEDIATE,154,elu,16,0.18524918934453094,0.0006350373354660275,3,61,0.10427986882028303,0.011153631747359984
1,INTERMEDIATE,155,elu,16,0.18524918934453094,0.0006350373354660275,3,61,0.10351472189151016,0.006077449526995993
1,INTERMEDIATE,156,elu,16,0.18524918934453094,0.0006350373354660275,3,61,0.10261974695770602,0.004776649602438108
1,INTERMEDIATE,157,elu,16,0.18524918934453094,0.0006350373354660275,3,61,0.10620353004196659,0.006380516064102546
1,INTERMEDIATE,158,elu,16,0.18524918934453094,0.0006350373354660275,3,61,0.09897992115501049,0.005716693538348549
1,INTERMEDIATE,159,elu,16,0.18524918934453094,0.0006350373354660275,3,61,0.10316372421636645,0.026598932467795048
1,INTERMEDIATE,160,elu,16,0.18524918934453094,0.0006350373354660275,3,61,0.15150650788564235,0.11063306865085346
1,INTERMEDIATE,161,elu,16,0.18524918934453094,0.0006350373354660275,3,61,0.13881239487922617,0.05810571932054769
1,COMPLETED,161,elu,16,0.18524918934453094,0.0006350373354660275,3,61,0.07126261217386595,0.03274547322339808
2,INTERMEDIATE,0,relu,32,0.39559046155684163,0.0002559768607483559,3,49,1.6141152083873749,1.61750616477086
2,INTERMEDIATE,1,relu,32,0.39559046155684163,0.0002559768607483559,3,49,1.598445475101471,1.6101052027482252
2,INTERMEDIATE,2,relu,32,0.39559046155684163,0.0002559768607483559,3,49,1.5979999899864197,1.5947668093901415
2,INTERMEDIATE,3,relu,32,0.39559046155684163,0.0002559768607483559,3,49,1.5699823200702667,1.5717370693500226
2,INTERMEDIATE,4,relu,32,0.39559046155684163,0.0002559768607483559,3,49,1.5437714457511902,1.5261602126635039
2,INTERMEDIATE,5,relu,32,0.39559046155684163,0.0002559768607483559,3,49,1.4115150272846222,1.442243374311007
2,INTERMEDIATE,6,relu,32,0.39559046155684163,0.0002559768607483559,3,49,1.3451411426067352,1.338910964819101
2,INTERMEDIATE,7,relu,32,0.39559046155684163,0.0002559768607483559,3,49,1.3318679630756378,1.2434404721626868
2,INTERMEDIATE,8,relu,32,0.39559046155684163,0.0002559768607483559,3,49,1.2103604078292847,1.2009008480952337
2,INTERMEDIATE,9,relu,32,0.39559046155684163,0.0002559768607483559,3,49,1.1542605459690094,1.1380409139853258
2,INTERMEDIATE,10,relu,32,0.39559046155684163,0.0002559768607483559,3,49,1.163481965661049,1.0705494009531462
2,INTERMEDIATE,11,relu,32,0.39559046155684163,0.0002559768607483559,3,49,1.197483479976654,1.0448472270598779
2,INTERMEDIATE,12,relu,32,0.39559046155684163,0.0002559768607483559,3,49,1.114534318447113,1.017372218462137
2,INTERMEDIATE,13,relu,32,0.39559046155684163,0.0002559768607483559,3,49,1.070301592350006,0.9857377914281992
2,INTERMEDIATE,14,relu,32,0.39559046155684163,0.0002559768607483559,3,49,0.9912996888160706,0.9572399396162766
2,INTERMEDIATE,15,relu,32,0.39559046155684163,0.0002559768607483559,3,49,0.9690581113100052,0.9471078285804162
2,INTERMEDIATE,16,relu,32,0.39559046155684163,0.0002559768607483559,3,49,0.9760402739048004,0.9320890811773447
2,INTERMEDIATE,17,relu,32,0.39559046155684163,0.0002559768607483559,3,49,0.9494194984436035,0.9021370777717004
2,INTERMEDIATE,18,relu,32,0.39559046155684163,0.0002559768607483559,3,49,0.9962577819824219,0.891098270049462
2,INTERMEDIATE,19,relu,32,0.39559046155684163,0.0002559768607483559,3,49,0.9242056906223297,0.8895959854125977
2,INTERMEDIATE,20,relu,32,0.39559046155684163,0.0002559768607483559,3,49,0.8849350064992905,0.8570558016116803
2,INTERMEDIATE,21,relu,32,0.39559046155684163,0.0002559768607483559,3,49,0.8835928738117218,0.8633005664898799
2,INTERMEDIATE,22,relu,32,0.39559046155684163,0.0002559768607483559,3,49,0.9057096242904663,0.8442673774865957
2,INTERMEDIATE,23,relu,32,0.39559046155684163,0.0002559768607483559,3,49,0.8772003501653671,0.8138537544470567
2,INTERMEDIATE,24,relu,32,0.39559046155684163,0.0002559768607483559,3,49,0.9008183777332306,0.8130260339150062
2,INTERMEDIATE,25,relu,32,0.39559046155684163,0.0002559768607483559,3,49,0.857378214597702,0.789788333269266
2,INTERMEDIATE,26,relu,32,0.39559046155684163,0.0002559768607483559,3,49,0.8656676858663559,0.8060764578672556
2,INTERMEDIATE,27,relu,32,0.39559046155684163,0.0002559768607483559,3,49,0.8224769085645676,0.7793680704556979
2,INTERMEDIATE,28,relu,32,0.39559046155684163,0.0002559768607483559,3,49,0.9057774990797043,0.7716822670056269
2,INTERMEDIATE,29,relu,32,0.39559046155684163,0.0002559768607483559,3,49,0.8100726306438446,0.7768399669573858
2,INTERMEDIATE,30,relu,32,0.39559046155684163,0.0002559768607483559,3,49,0.7869355082511902,0.713643335379087
2,INTERMEDIATE,31,relu,32,0.39559046155684163,0.0002559768607483559,3,49,0.7493497282266617,0.7461941333917471
2,INTERMEDIATE,32,relu,32,0.39559046155684163,0.0002559768607483559,3,49,0.7751004099845886,0.7360079609430753
2,INTERMEDIATE,33,relu,32,0.39559046155684163,0.0002559768607483559,3,49,0.6741530001163483,0.7319410076508155
2,INTERMEDIATE,34,relu,32,0.39559046155684163,0.0002559768607483559,3,49,0.7344791442155838,0.7014775001085721
2,INTERMEDIATE,35,relu,32,0.39559046155684163,0.0002559768607483559,3,49,0.7375493943691254,0.7201598332478449
2,INTERMEDIATE,36,relu,32,0.39559046155684163,0.0002559768607483559,3,49,0.725212812423706,0.6959258226247934
2,INTERMEDIATE,37,relu,32,0.39559046155684163,0.0002559768607483559,3,49,0.7211847603321075,0.6904262579404391
2,INTERMEDIATE,38,relu,32,0.39559046155684163,0.0002559768607483559,3,49,0.7194026857614517,0.6845473784666795
2,INTERMEDIATE,39,relu,32,0.39559046155684163,0.0002559768607483559,3,49,0.6539237573742867,0.6710814971190232
2,INTERMEDIATE,40,relu,32,0.39559046155684163,0.0002559768607483559,3,49,0.7163033932447433,0.6563017184917743
2,INTERMEDIATE,41,relu,32,0.39559046155684163,0.0002559768607483559,3,49,0.6597468107938766,0.6447269870684698
2,INTERMEDIATE,42,relu,32,0.39559046155684163,0.0002559768607483559,3,49,0.6757136285305023,0.6546863592587985
2,INTERMEDIATE,43,relu,32,0.39559046155684163,0.0002559768607483559,3,49,0.6344639211893082,0.6585753582991086
2,INTERMEDIATE,44,relu,32,0.39559046155684163,0.0002559768607483559,3,49,0.6302428692579269,0.6304290982393118
2,INTERMEDIATE,45,relu,32,0.39559046155684163,0.0002559768607483559,3,49,0.606176495552063,0.605514760200794
2,INTERMEDIATE,46,relu,32,0.39559046155684163,0.0002559768607483559,3,49,0.5422958806157112,0.5821598859933707
2,INTERMEDIATE,47,relu,32,0.39559046155684163,0.0002559768607483559,3,49,0.6243551522493362,0.6116040073908292
2,INTERMEDIATE,48,relu,32,0.39559046155684163,0.0002559768607483559,3,49,0.6326501667499542,0.6098115696356847
2,INTERMEDIATE,49,relu,32,0.39559046155684163,0.0002559768607483559,3,49,0.544998049736023,0.608152483518307
2,INTERMEDIATE,50,relu,32,0.39559046155684163,0.0002559768607483559,3,49,0.5613188296556473,0.5440631050329942
2,INTERMEDIATE,51,relu,32,0.39559046155684163,0.0002559768607483559,3,49,0.5496891811490059,0.5546269050011268
2,INTERMEDIATE,52,relu,32,0.39559046155684163,0.0002559768607483559,3,49,0.5818583071231842,0.5659448412748483
2,INTERMEDIATE,53,relu,32,0.39559046155684163,0.0002559768607483559,3,49,0.5788712128996849,0.5724112895818857
2,INTERMEDIATE,54,relu,32,0.39559046155684163,0.0002559768607483559,3,49,0.5502566024661064,0.5439147284397712
2,INTERMEDIATE,55,relu,32,0.39559046155684163,0.0002559768607483559,3,49,0.5687885135412216,0.5455090953753545
2,INTERMEDIATE,56,relu,32,0.39559046155684163,0.0002559768607483559,3,49,0.5886249840259552,0.5697888915355389
2,INTERMEDIATE,57,relu,32,0.39559046155684163,0.0002559768607483559,3,49,0.5602291971445084,0.5554176752383893
2,INTERMEDIATE,58,relu,32,0.39559046155684163,0.0002559768607483559,3,49,0.6271062716841698,0.5410139079277332
2,INTERMEDIATE,59,relu,32,0.39559046155684163,0.0002559768607483559,3,49,0.586912527680397,0.5557312690294706
2,INTERMEDIATE,60,relu,32,0.39559046155684163,0.0002559768607483559,3,49,0.5433090329170227,0.5630823121621058
2,INTERMEDIATE,61,relu,32,0.39559046155684163,0.0002559768607483559,3,49,0.5332171469926834,0.5459478268256555
2,INTERMEDIATE,62,relu,32,0.39559046155684163,0.0002559768607483559,3,49,0.49747609347105026,0.5346581087662623
2,INTERMEDIATE,63,relu,32,0.39559046155684163,0.0002559768607483559,3,49,0.5189576223492622,0.5274102229338425
2,INTERMEDIATE,64,relu,32,0.39559046155684163,0.0002559768607483559,3,49,0.5363950580358505,0.5330737989682418
2,INTERMEDIATE,65,relu,32,0.39559046155684163,0.0002559768607483559,3,49,0.5485638082027435,0.5253645548453698
2,INTERMEDIATE,66,relu,32,0.39559046155684163,0.0002559768607483559,3,49,0.5025116205215454,0.5064334456737225
2,INTERMEDIATE,67,relu,32,0.39559046155684163,0.0002559768607483559,3,49,0.5688073709607124,0.5040246683817643
2,INTERMEDIATE,68,relu,32,0.39559046155684163,0.0002559768607483559,3,49,0.540801927447319,0.5360870017455175
2,INTERMEDIATE,69,relu,32,0.39559046155684163,0.0002559768607483559,3,49,0.5255888774991035,0.5074441730976105
2,INTERMEDIATE,70,relu,32,0.39559046155684163,0.0002559768607483559,3,49,0.5432590842247009,0.5037048711226537
2,INTERMEDIATE,71,relu,32,0.39559046155684163,0.0002559768607483559,3,49,0.5321168079972267,0.5115237281872675
2,INTERMEDIATE,72,relu,32,0.39559046155684163,0.0002559768607483559,3,49,0.522684209048748,0.49607384434113133
2,INTERMEDIATE,73,relu,32,0.39559046155684163,0.0002559768607483559,3,49,0.5685669481754303,0.49361423345712513
2,INTERMEDIATE,74,relu,32,0.39559046155684163,0.0002559768607483559,3,49,0.5294562727212906,0.5024722149738898
2,INTERMEDIATE,75,relu,32,0.39559046155684163,0.0002559768607483559,3,49,0.6065351292490959,0.5150087269452902
2,INTERMEDIATE,76,relu,32,0.39559046155684163,0.0002559768607483559,3,49,0.6001928150653839,0.501239503805454
2,INTERMEDIATE,77,relu,32,0.39559046155684163,0.0002559768607483559,3,49,0.5209907591342926,0.49978559063031125
2,INTERMEDIATE,78,relu,32,0.39559046155684163,0.0002559768607483559,3,49,0.5692228302359581,0.5313597825857309
2,INTERMEDIATE,79,relu,32,0.39559046155684163,0.0002559768607483559,3,49,0.5828663557767868,0.5318039839084332
2,INTERMEDIATE,80,relu,32,0.39559046155684163,0.0002559768607483559,3,49,0.5468904450535774,0.5002619990935693
2,INTERMEDIATE,81,relu,32,0.39559046155684163,0.0002559768607483559,3,49,0.5360759943723679,0.49602725414129406
2,INTERMEDIATE,82,relu,32,0.39559046155684163,0.0002559768607483559,3,49,0.531758725643158,0.48771291283460766
2,INTERMEDIATE,83,relu,32,0.39559046155684163,0.0002559768607483559,3,49,0.5467296242713928,0.5012763509383569
2,INTERMEDIATE,84,relu,32,0.39559046155684163,0.0002559768607483559,3,49,0.5226215720176697,0.48338252076735866
2,INTERMEDIATE,85,relu,32,0.39559046155684163,0.0002559768607483559,3,49,0.5192353203892708,0.47550896956370425
2,INTERMEDIATE,86,relu,32,0.39559046155684163,0.0002559768607483559,3,49,0.5024895370006561,0.4905853042235741
2,INTERMEDIATE,87,relu,32,0.39559046155684163,0.0002559768607483559,3,49,0.5440644323825836,0.4892680301116063
2,INTERMEDIATE,88,relu,32,0.39559046155684163,0.0002559768607483559,3,49,0.5508134812116623,0.5108176286403949
2,INTERMEDIATE,89,relu,32,0.39559046155684163,0.0002559768607483559,3,49,0.5093097388744354,0.4904755101754115
2,INTERMEDIATE,90,relu,32,0.39559046155684163,0.0002559768607483559,3,49,0.5632436275482178,0.48252113048846906
2,INTERMEDIATE,91,relu,32,0.39559046155684163,0.0002559768607483559,3,49,0.6819203048944473,0.4920341464189383
2,INTERMEDIATE,92,relu,32,0.39559046155684163,0.0002559768607483559,3,49,0.4923311546444893,0.4780975098793323
2,INTERMEDIATE,93,relu,32,0.39559046155684163,0.0002559768607483559,3,49,0.5782276839017868,0.48114652129319996
2,INTERMEDIATE,94,relu,32,0.39559046155684163,0.0002559768607483559,3,49,0.5402194783091545,0.496696412563324
2,INTERMEDIATE,95,relu,32,0.39559046155684163,0.0002559768607483559,3,49,0.5110873803496361,0.506085604429245
2,INTERMEDIATE,96,relu,32,0.39559046155684163,0.0002559768607483559,3,49,0.5184181034564972,0.470785154746129
2,INTERMEDIATE,97,relu,32,0.39559046155684163,0.0002559768607483559,3,49,0.5103930681943893,0.4735098664577191
2,INTERMEDIATE,98,relu,32,0.39559046155684163,0.0002559768607483559,3,49,0.5248662680387497,0.48843496350141674
2,INTERMEDIATE,99,relu,32,0.39559046155684163,0.0002559768607483559,3,49,0.49778708815574646,0.5225893052724692
2,INTERMEDIATE,100,relu,32,0.39559046155684163,0.0002559768607483559,3,49,0.4944410100579262,0.46368013666226315
2,INTERMEDIATE,101,relu,32,0.39559046155684163,0.0002559768607483559,3,49,0.5258359163999557,0.5046549599904281
2,INTERMEDIATE,102,relu,32,0.39559046155684163,0.0002559768607483559,3,49,0.49987275898456573,0.43855231312605053
2,INTERMEDIATE,103,relu,32,0.39559046155684163,0.0002559768607483559,3,49,0.5169092863798141,0.4391023837603055
2,INTERMEDIATE,104,relu,32,0.39559046155684163,0.0002559768607483559,3,49,0.5028135478496552,0.4482177266707787
2,INTERMEDIATE,105,relu,32,0.39559046155684163,0.0002559768607483559,3,49,0.5233059823513031,0.4185548401795901
2,INTERMEDIATE,106,relu,32,0.39559046155684163,0.0002559768607483559,3,49,0.509235069155693,0.428565467779453
2,INTERMEDIATE,107,relu,32,0.39559046155684163,0.0002559768607483559,3,49,0.49737536162137985,0.4521220349348508
2,INTERMEDIATE,108,relu,32,0.39559046155684163,0.0002559768607483559,3,49,0.43062952160835266,0.4215645515001737
2,INTERMEDIATE,109,relu,32,0.39559046155684163,0.0002559768607483559,3,49,0.4653291031718254,0.4316459412758167
2,INTERMEDIATE,110,relu,32,0.39559046155684163,0.0002559768607483559,3,49,0.4914429932832718,0.4411460734330691
2,INTERMEDIATE,111,relu,32,0.39559046155684163,0.0002559768607483559,3,49,0.5029015392065048,0.452150821685791
2,INTERMEDIATE,112,relu,32,0.39559046155684163,0.0002559768607483559,3,49,0.5112518891692162,0.4255859141166394
2,INTERMEDIATE,113,relu,32,0.39559046155684163,0.0002559768607483559,3,49,0.5332219749689102,0.43406761151093703
2,INTERMEDIATE,114,relu,32,0.39559046155684163,0.0002559768607483559,3,49,0.5638538300991058,0.5298848152160645
2,INTERMEDIATE,115,relu,32,0.39559046155684163,0.0002559768607483559,3,49,0.5407909825444221,0.5012141580765064
2,INTERMEDIATE,116,relu,32,0.39559046155684163,0.0002559768607483559,3,49,0.6267584785819054,0.44677628920628476
2,INTERMEDIATE,117,relu,32,0.39559046155684163,0.0002559768607483559,3,49,0.4680975005030632,0.4578837798191951
2,INTERMEDIATE,118,relu,32,0.39559046155684163,0.0002559768607483559,3,49,0.4604686424136162,0.4329830683194674
2,INTERMEDIATE,119,relu,32,0.39559046155684163,0.0002559768607483559,3,49,0.461122028529644,0.4188722257430737
2,INTERMEDIATE,120,relu,32,0.39559046155684163,0.0002559768607483559,3,49,0.4434208869934082,0.41725544058359587
2,INTERMEDIATE,121,relu,32,0.39559046155684163,0.0002559768607483559,3,49,0.4393035024404526,0.42124191843546355
2,INTERMEDIATE,122,relu,32,0.39559046155684163,0.0002559768607483559,3,49,0.4439140483736992,0.40447908410659206
2,INTERMEDIATE,123,relu,32,0.39559046155684163,0.0002559768607483559,3,49,0.487090565264225,0.36299805916272676
2,INTERMEDIATE,124,relu,32,0.39559046155684163,0.0002559768607483559,3,49,0.4655408076941967,0.3851287869306711
2,INTERMEDIATE,125,relu,32,0.39559046155684163,0.0002559768607483559,3,49,0.5717182978987694,0.41857314109802246
2,INTERMEDIATE,126,relu,32,0.39559046155684163,0.0002559768607483559,3,49,0.46861278638243675,0.4260134811584766
2,INTERMEDIATE,127,relu,32,0.39559046155684163,0.0002559768607483559,3,49,0.4987941086292267,0.49443669273303104
2,INTERMEDIATE,128,relu,32,0.39559046155684163,0.0002559768607483559,3,49,0.41647642105817795,0.39046676800801206
2,INTERMEDIATE,129,relu,32,0.39559046155684163,0.0002559768607483559,3,49,0.5765542238950729,0.3739352042858417
2,INTERMEDIATE,130,relu,32,0.39559046155684163,0.0002559768607483559,3,49,0.5270241945981979,0.3785833659080359
2,INTERMEDIATE,131,relu,32,0.39559046155684163,0.0002559768607483559,3,49,0.40054336190223694,0.37745230014507586
2,INTERMEDIATE,132,relu,32,0.39559046155684163,0.0002559768607483559,3,49,0.5136514231562614,0.3987963589338156
2,INTERMEDIATE,133,relu,32,0.39559046155684163,0.0002559768607483559,3,49,0.3859400004148483,0.40127601990332973
2,INTERMEDIATE,134,relu,32,0.39559046155684163,0.0002559768607483559,3,49,0.36781297251582146,0.37387485802173615
2,INTERMEDIATE,135,relu,32,0.39559046155684163,0.0002559768607483559,3,49,0.37005796283483505,0.3682321287118472
2,INTERMEDIATE,136,relu,32,0.39559046155684163,0.0002559768607483559,3,49,0.3851408362388611,0.3441957991856795
2,INTERMEDIATE,137,relu,32,0.39559046155684163,0.0002559768607483559,3,49,0.5252223908901215,0.39918002715477574
2,INTERMEDIATE,138,relu,32,0.39559046155684163,0.0002559768607483559,3,49,0.4192892462015152,0.3973628282546997
2,INTERMEDIATE,139,relu,32,0.39559046155684163,0.0002559768607483559,3,49,0.3953600153326988,0.35242909307663256
2,INTERMEDIATE,140,relu,32,0.39559046155684163,0.0002559768607483559,3,49,0.3803562670946121,0.3383172612923842
2,INTERMEDIATE,141,relu,32,0.39559046155684163,0.0002559768607483559,3,49,0.5030609592795372,0.3445570870087697
2,INTERMEDIATE,142,relu,32,0.39559046155684163,0.0002559768607483559,3,49,0.35401105880737305,0.3479903581050726
2,INTERMEDIATE,143,relu,32,0.39559046155684163,0.0002559768607483559,3,49,0.4160982742905617,0.32648937977277315
2,INTERMEDIATE,144,relu,32,0.39559046155684163,0.0002559768607483559,3,49,0.41628021746873856,0.3410797703724641
2,INTERMEDIATE,145,relu,32,0.39559046155684163,0.0002559768607483559,3,49,0.48328036814928055,0.32467188284947324
2,INTERMEDIATE,146,relu,32,0.39559046155684163,0.0002559768607483559,3,49,0.3916595131158829,0.32625303818629336
2,INTERMEDIATE,147,relu,32,0.39559046155684163,0.0002559768607483559,3,49,0.33444444462656975,0.3325338145861259
2,INTERMEDIATE,148,relu,32,0.39559046155684163,0.0002559768607483559,3,49,0.3793230578303337,0.3199571932737644
2,INTERMEDIATE,149,relu,32,0.39559046155684163,0.0002559768607483559,3,49,0.3300381414592266,0.3044915061730605
2,INTERMEDIATE,150,relu,32,0.39559046155684163,0.0002559768607483559,3,49,0.32463937252759933,0.3109480280142564
2,INTERMEDIATE,151,relu,32,0.39559046155684163,0.0002559768607483559,3,49,0.3361804932355881,0.3265560338130364
2,INTERMEDIATE,152,relu,32,0.39559046155684163,0.0002559768607483559,3,49,0.32963234558701515,0.3110425048149549
2,INTERMEDIATE,153,relu,32,0.39559046155684163,0.0002559768607483559,3,49,0.3499562293291092,0.31589392629953533
2,INTERMEDIATE,154,relu,32,0.39559046155684163,0.0002559768607483559,3,49,0.3116391431540251,0.3398820861027791
2,INTERMEDIATE,155,relu,32,0.39559046155684163,0.0002559768607483559,3,49,0.3932908959686756,0.32886096147390514
2,INTERMEDIATE,156,relu,32,0.39559046155684163,0.0002559768607483559,3,49,0.37135957553982735,0.4289120940061716
2,INTERMEDIATE,157,relu,32,0.39559046155684163,0.0002559768607483559,3,49,0.4919980838894844,0.444164249759454
2,INTERMEDIATE,158,relu,32,0.39559046155684163,0.0002559768607483559,3,49,0.39906609430909157,0.3706288693042902
2,INTERMEDIATE,159,relu,32,0.39559046155684163,0.0002559768607483559,3,49,0.3580368869006634,0.35185256600379944
2,INTERMEDIATE,160,relu,32,0.39559046155684163,0.0002559768607483559,3,49,0.3496078774333,0.351868973328517
2,INTERMEDIATE,161,relu,32,0.39559046155684163,0.0002559768607483559,3,49,0.37092365324497223,0.3267193023975079
2,INTERMEDIATE,162,relu,32,0.39559046155684163,0.0002559768607483559,3,49,0.45424238592386246,0.33838135921038115
2,INTERMEDIATE,163,relu,32,0.39559046155684163,0.0002559768607483559,3,49,0.40738557279109955,0.34010754984158736
2,INTERMEDIATE,164,relu,32,0.39559046155684163,0.0002559768607483559,3,49,0.4750303626060486,0.4301817508844229
2,INTERMEDIATE,165,relu,32,0.39559046155684163,0.0002559768607483559,3,49,0.3560725525021553,0.31356517512064713
2,INTERMEDIATE,166,relu,32,0.39559046155684163,0.0002559768607483559,3,49,0.30151538643985987,0.33480251752413237
2,INTERMEDIATE,167,relu,32,0.39559046155684163,0.0002559768607483559,3,49,0.3041336350142956,0.32393426161545974
2,INTERMEDIATE,168,relu,32,0.39559046155684163,0.0002559768607483559,3,49,0.31535086408257484,0.3270529485665835
2,INTERMEDIATE,169,relu,32,0.39559046155684163,0.0002559768607483559,3,49,0.35725321248173714,0.3151843731219952
2,INTERMEDIATE,170,relu,32,0.39559046155684163,0.0002559768607483559,3,49,0.3369545489549637,0.30539047947296727
2,INTERMEDIATE,171,relu,32,0.39559046155684163,0.0002559768607483559,3,49,0.34018897265195847,0.3142128002185088
2,INTERMEDIATE,172,relu,32,0.39559046155684163,0.0002559768607483559,3,49,0.3166819401085377,0.30190044182997483
2,INTERMEDIATE,173,relu,32,0.39559046155684163,0.0002559768607483559,3,49,0.3254420794546604,0.30471150233195377
2,INTERMEDIATE,174,relu,32,0.39559046155684163,0.0002559768607483559,3,49,0.4477824419736862,0.28472705070789045
2,INTERMEDIATE,175,relu,32,0.39559046155684163,0.0002559768607483559,3,49,0.3726939633488655,0.27922042172688705
2,INTERMEDIATE,176,relu,32,0.39559046155684163,0.0002559768607483559,3,49,0.3276674598455429,0.2954684690787242
2,INTERMEDIATE,177,relu,32,0.39559046155684163,0.0002559768607483559,3,49,0.3094228208065033,0.2857957619887132
2,INTERMEDIATE,178,relu,32,0.39559046155684163,0.0002559768607483559,3,49,0.32978585734963417,0.27361646638466763
2,INTERMEDIATE,179,relu,32,0.39559046155684163,0.0002559768607483559,3,49,0.30847299471497536,0.27558558319623655
2,INTERMEDIATE,180,relu,32,0.39559046155684163,0.0002559768607483559,3,49,0.31392254307866096,0.2660047606779979
2,INTERMEDIATE,181,relu,32,0.39559046155684163,0.0002559768607483559,3,49,0.4428577944636345,0.2760718453388948
2,INTERMEDIATE,182,relu,32,0.39559046155684163,0.0002559768607483559,3,49,0.3249707855284214,0.26239938804736507
2,INTERMEDIATE,183,relu,32,0.39559046155684163,0.0002559768607483559,3,49,0.31642457842826843,0.2631460680411412
2,INTERMEDIATE,184,relu,32,0.39559046155684163,0.0002559768607483559,3,49,0.3138791061937809,0.25171222595068127
2,INTERMEDIATE,185,relu,32,0.39559046155684163,0.0002559768607483559,3,49,0.303288284689188,0.2627225094116651
2,INTERMEDIATE,186,relu,32,0.39559046155684163,0.0002559768607483559,3,49,0.3584944009780884,0.25874192668841434
2,INTERMEDIATE,187,relu,32,0.39559046155684163,0.0002559768607483559,3,49,0.29651419445872307,0.258853568480565
2,INTERMEDIATE,188,relu,32,0.39559046155684163,0.0002559768607483559,3,49,0.2742057777941227,0.23860365954729226
2,INTERMEDIATE,189,relu,32,0.39559046155684163,0.0002559768607483559,3,49,0.26677124202251434,0.2509239877645786
2,INTERMEDIATE,190,relu,32,0.39559046155684163,0.0002559768607483559,3,49,0.2776700146496296,0.24816272923579583
2,INTERMEDIATE,191,relu,32,0.39559046155684163,0.0002559768607483559,3,49,0.21370087773539126,0.22191416300260103
2,INTERMEDIATE,192,relu,32,0.39559046155684163,0.0002559768607483559,3,49,0.38566931895911694,0.22348555464010972
2,INTERMEDIATE,193,relu,32,0.39559046155684163,0.0002559768607483559,3,49,0.29936905577778816,0.2251617220731882
2,INTERMEDIATE,194,relu,32,0.39559046155684163,0.0002559768607483559,3,49,0.24017100408673286,0.2311431931761595
2,INTERMEDIATE,195,relu,32,0.39559046155684163,0.0002559768607483559,3,49,0.30399544537067413,0.22614880020801836
2,INTERMEDIATE,196,relu,32,0.39559046155684163,0.0002559768607483559,3,49,0.22956448420882225,0.22768863577109116
2,INTERMEDIATE,197,relu,32,0.39559046155684163,0.0002559768607483559,3,49,0.29285404086112976,0.22576912836386606
2,INTERMEDIATE,198,relu,32,0.39559046155684163,0.0002559768607483559,3,49,0.3336578868329525,0.224135887164336
2,INTERMEDIATE,199,relu,32,0.39559046155684163,0.0002559768607483559,3,49,0.2083656881004572,0.2217050825174038
2,COMPLETED,199,relu,32,0.39559046155684163,0.0002559768607483559,3,49,0.2083656881004572,0.2217050825174038
3,INTERMEDIATE,0,elu,16,0.22724604729815956,0.000437664832751455,1,33,1.60454865864345,1.5968017486425548
3,INTERMEDIATE,1,elu,16,0.22724604729815956,0.000437664832751455,1,33,1.5702223777770996,1.5583495589403005
3,INTERMEDIATE,2,elu,16,0.22724604729815956,0.000437664832751455,1,33,1.4713457652500697,1.4843865862259498
3,INTERMEDIATE,3,elu,16,0.22724604729815956,0.000437664832751455,1,33,1.2614925418581282,1.277210602393517
3,INTERMEDIATE,4,elu,16,0.22724604729815956,0.000437664832751455,1,33,1.1764318687575204,1.0549953075555654
3,INTERMEDIATE,5,elu,16,0.22724604729815956,0.000437664832751455,1,33,1.0917569739477975,0.9725260734558105
3,INTERMEDIATE,6,elu,16,0.22724604729815956,0.000437664832751455,1,33,1.0077418514660426,0.9196045742585108
3,INTERMEDIATE,7,elu,16,0.22724604729815956,0.000437664832751455,1,33,0.9700734445026943,0.8817852093623235
3,INTERMEDIATE,8,elu,16,0.22724604729815956,0.000437664832751455,1,33,0.9143870941230229,0.844329678095304
3,INTERMEDIATE,9,elu,16,0.22724604729815956,0.000437664832751455,1,33,0.9073627676282611,0.8128931912092062
3,INTERMEDIATE,10,elu,16,0.22724604729815956,0.000437664832751455,1,33,0.8991043567657471,0.7802698337114774
3,INTERMEDIATE,11,elu,16,0.22724604729815956,0.000437664832751455,1,33,0.8240996258599418,0.7347366809844971
3,INTERMEDIATE,12,elu,16,0.22724604729815956,0.000437664832751455,1,33,0.762764151607241,0.69317594399819
3,INTERMEDIATE,13,elu,16,0.22724604729815956,0.000437664832751455,1,33,0.7341140508651733,0.6756307368095105
3,INTERMEDIATE,14,elu,16,0.22724604729815956,0.000437664832751455,1,33,0.7288702385766166,0.6439492645171973
3,INTERMEDIATE,15,elu,16,0.22724604729815956,0.000437664832751455,1,33,0.6487786642142704,0.6163630118736854
3,INTERMEDIATE,16,elu,16,0.22724604729815956,0.000437664832751455,1,33,0.6479007431438991,0.5863276995145358
3,INTERMEDIATE,17,elu,16,0.22724604729815956,0.000437664832751455,1,33,0.6121017762592861,0.5803048083415399
3,INTERMEDIATE,18,elu,16,0.22724604729815956,0.000437664832751455,1,33,0.5851615752492633,0.5458679348230362
3,INTERMEDIATE,19,elu,16,0.22724604729815956,0.000437664832751455,1,33,0.5925154345376151,0.5263829345886524
3,INTERMEDIATE,20,elu,16,0.22724604729815956,0.000437664832751455,1,33,0.5385357056345258,0.5186990820444547
3,INTERMEDIATE,21,elu,16,0.22724604729815956,0.000437664832751455,1,33,0.5350453811032432,0.5090904717261975
3,INTERMEDIATE,22,elu,16,0.22724604729815956,0.000437664832751455,1,33,0.5397744647094181,0.49097287540252393
3,INTERMEDIATE,23,elu,16,0.22724604729815956,0.000437664832751455,1,33,0.519255518913269,0.49054580009900606
3,INTERMEDIATE,24,elu,16,0.22724604729815956,0.000437664832751455,1,33,0.5126499661377498,0.4778420661504452
3,INTERMEDIATE,25,elu,16,0.22724604729815956,0.000437664832751455,1,33,0.5239576825073787,0.46951424043912154
3,INTERMEDIATE,26,elu,16,0.22724604729815956,0.000437664832751455,1,33,0.512647773538317,0.4686605781316757
3,INTERMEDIATE,27,elu,16,0.22724604729815956,0.000437664832751455,1,33,0.5407066132341113,0.4664119774332413
3,INTERMEDIATE,28,elu,16,0.22724604729815956,0.000437664832751455,1,33,0.5435986220836639,0.4611410406919626
3,INTERMEDIATE,29,elu,16,0.22724604729815956,0.000437664832751455,1,33,0.5322553558009011,0.4540120821732741
3,INTERMEDIATE,30,elu,16,0.22724604729815956,0.000437664832751455,1,33,0.5311324553830283,0.4373649599460455
3,INTERMEDIATE,31,elu,16,0.22724604729815956,0.000437664832751455,1,33,0.47272923588752747,0.42257326268232787
3,INTERMEDIATE,32,elu,16,0.22724604729815956,0.000437664832751455,1,33,0.504806501524789,0.4239574825534454
3,INTERMEDIATE,33,elu,16,0.22724604729815956,0.000437664832751455,1,33,0.5009532059941973,0.4240341937312713
3,INTERMEDIATE,34,elu,16,0.22724604729815956,0.000437664832751455,1,33,0.4761420062610081,0.39084952496565306
3,INTERMEDIATE,35,elu,16,0.22724604729815956,0.000437664832751455,1,33,0.47463453241756987,0.38866573572158813
3,INTERMEDIATE,36,elu,16,0.22724604729815956,0.000437664832751455,1,33,0.4879414141178131,0.402046976181177
3,INTERMEDIATE,37,elu,16,0.22724604729815956,0.000437664832751455,1,33,0.4495633393526077,0.3909150149959784
3,INTERMEDIATE,38,elu,16,0.22724604729815956,0.000437664832751455,1,33,0.45153287053108215,0.37160182629640287
3,INTERMEDIATE,39,elu,16,0.22724604729815956,0.000437664832751455,1,33,0.4736546959195818,0.38144069336927855
3,INTERMEDIATE,40,elu,16,0.22724604729815956,0.000437664832751455,1,33,0.45600076232637676,0.3765403015109209
3,INTERMEDIATE,41,elu,16,0.22724604729815956,0.000437664832751455,1,33,0.4148026875087193,0.34621929893126857
3,INTERMEDIATE,42,elu,16,0.22724604729815956,0.000437664832751455,1,33,0.4425411650112697,0.3628820455991305
3,INTERMEDIATE,43,elu,16,0.22724604729815956,0.000437664832751455,1,33,0.44207465648651123,0.35807127161667895
3,INTERMEDIATE,44,elu,16,0.22724604729815956,0.000437664832751455,1,33,0.38468729172434124,0.3101779446005821
3,INTERMEDIATE,45,elu,16,0.22724604729815956,0.000437664832751455,1,33,0.3836628368922642,0.3036821329822907
3,INTERMEDIATE,46,elu,16,0.22724604729815956,0.000437664832751455,1,33,0.371739142707416,0.3235480739520146
3,INTERMEDIATE,47,elu,16,0.22724604729815956,0.000437664832751455,1,33,0.3651520184108189,0.29228603782562107
3,INTERMEDIATE,48,elu,16,0.22724604729815956,0.000437664832751455,1,33,0.36892423033714294,0.28656816138670993
3,INTERMEDIATE,49,elu,16,0.22724604729815956,0.000437664832751455,1,33,0.4108705861227853,0.2777093133101097
3,INTERMEDIATE,50,elu,16,0.22724604729815956,0.000437664832751455,1,33,0.3410572516066687,0.2743182491797667
3,INTERMEDIATE,51,elu,16,0.22724604729815956,0.000437664832751455,1,33,0.4084411433764866,0.28453170164273334
3,INTERMEDIATE,52,elu,16,0.22724604729815956,0.000437664832751455,1,33,0.3301894324166434,0.2528170467569278
3,INTERMEDIATE,53,elu,16,0.22724604729815956,0.000437664832751455,1,33,0.3394060603209904,0.2710936969289413
3,INTERMEDIATE,54,elu,16,0.22724604729815956,0.000437664832751455,1,33,0.29539143453751293,0.26113300340679974
3,INTERMEDIATE,55,elu,16,0.22724604729815956,0.000437664832751455,1,33,0.319754815527371,0.30204444779799533
3,INTERMEDIATE,56,elu,16,0.22724604729815956,0.000437664832751455,1,33,0.32516753886427197,0.2808110874432784
3,INTERMEDIATE,57,elu,16,0.22724604729815956,0.000437664832751455,1,33,0.33213153055735994,0.28503099341805166
3,INTERMEDIATE,58,elu,16,0.22724604729815956,0.000437664832751455,1,33,0.31375314721039366,0.2785388259933545
3,INTERMEDIATE,59,elu,16,0.22724604729815956,0.000437664832751455,1,33,0.29287990289075033,0.25123800423282844
3,INTERMEDIATE,60,elu,16,0.22724604729815956,0.000437664832751455,1,33,0.30504252655165537,0.26646264298604083
3,INTERMEDIATE,61,elu,16,0.22724604729815956,0.000437664832751455,1,33,0.2967158555984497,0.2423623836097809
3,INTERMEDIATE,62,elu,16,0.22724604729815956,0.000437664832751455,1,33,0.4042111911943981,0.38591773693378156
3,INTERMEDIATE,63,elu,16,0.22724604729815956,0.000437664832751455,1,33,0.3805258444377354,0.3219370756011743
3,INTERMEDIATE,64,elu,16,0.22724604729815956,0.000437664832751455,1,33,0.33545464064393726,0.27393473054354006
3,INTERMEDIATE,65,elu,16,0.22724604729815956,0.000437664832751455,1,33,0.30338907880442484,0.25500791462568134
3,INTERMEDIATE,66,elu,16,0.22724604729815956,0.000437664832751455,1,33,0.30157111159392763,0.246313638985157
3,INTERMEDIATE,67,elu,16,0.22724604729815956,0.000437664832751455,1,33,0.30382688130651203,0.24772523429531318
3,INTERMEDIATE,68,elu,16,0.22724604729815956,0.000437664832751455,1,33,0.32598909735679626,0.2403101517030826
3,INTERMEDIATE,69,elu,16,0.22724604729815956,0.000437664832751455,1,33,0.2999141120484897,0.2512361818494705
3,INTERMEDIATE,70,elu,16,0.22724604729815956,0.000437664832751455,1,33,0.30800190780844006,0.24628286608136618
3,INTERMEDIATE,71,elu,16,0.22724604729815956,0.000437664832751455,1,33,0.37267851190907614,0.24568580492184713
3,INTERMEDIATE,72,elu,16,0.22724604729815956,0.000437664832751455,1,33,0.31635718047618866,0.2588833417170323
3,INTERMEDIATE,73,elu,16,0.22724604729815956,0.000437664832751455,1,33,0.3502948869551931,0.22352969617797777
3,INTERMEDIATE,74,elu,16,0.22724604729815956,0.000437664832751455,1,33,0.25963183279548374,0.2144564436032222
3,INTERMEDIATE,75,elu,16,0.22724604729815956,0.000437664832751455,1,33,0.2650157372866358,0.23465478019072458
3,INTERMEDIATE,76,elu,16,0.22724604729815956,0.000437664832751455,1,33,0.2690334011401449,0.25172534728279483
3,INTERMEDIATE,77,elu,16,0.22724604729815956,0.000437664832751455,1,33,0.27622280908482416,0.22374350348344216
3,INTERMEDIATE,78,elu,16,0.22724604729815956,0.000437664832751455,1,33,0.270692551774638,0.22765276237176016
3,INTERMEDIATE,79,elu,16,0.22724604729815956,0.000437664832751455,1,33,0.2554053153310503,0.2456215602847246
3,INTERMEDIATE,80,elu,16,0.22724604729815956,0.000437664832751455,1,33,0.29859669506549835,0.22085774088135132
3,INTERMEDIATE,81,elu,16,0.22724604729815956,0.000437664832751455,1,33,0.2674481581364359,0.20273777613273034
3,INTERMEDIATE,82,elu,16,0.22724604729815956,0.000437664832751455,1,33,0.23114972135850362,0.19854039383622316
3,INTERMEDIATE,83,elu,16,0.22724604729815956,0.000437664832751455,1,33,0.23816613001482828,0.19327057611483794
3,INTERMEDIATE,84,elu,16,0.22724604729815956,0.000437664832751455,1,33,0.2172797524503299,0.1900335427087087
3,INTERMEDIATE,85,elu,16,0.22724604729815956,0.000437664832751455,1,33,0.2404880119221551,0.20205274038016796
3,INTERMEDIATE,86,elu,16,0.22724604729815956,0.000437664832751455,1,33,0.236983451460089,0.20892106039592853
3,INTERMEDIATE,87,elu,16,0.22724604729815956,0.000437664832751455,1,33,0.23234785348176956,0.20531631433046782
3,INTERMEDIATE,88,elu,16,0.22724604729815956,0.000437664832751455,1,33,0.2678873304809843,0.20155638083815575
3,INTERMEDIATE,89,elu,16,0.22724604729815956,0.000437664832751455,1,33,0.2209136730858258,0.2192122431901785
3,INTERMEDIATE,90,elu,16,0.22724604729815956,0.000437664832751455,1,33,0.21536975779703685,0.20454892774040884
3,INTERMEDIATE,91,elu,16,0.22724604729815956,0.000437664832751455,1,33,0.20737735288483755,0.1782489072244901
3,INTERMEDIATE,92,elu,16,0.22724604729815956,0.000437664832751455,1,33,0.2089243627020291,0.16298115024199852
3,INTERMEDIATE,93,elu,16,0.22724604729815956,0.000437664832751455,1,33,0.24255820736289024,0.15818836038502362
3,INTERMEDIATE,94,elu,16,0.22724604729815956,0.000437664832751455,1,33,0.21528564925704682,0.1314728745760826
3,INTERMEDIATE,95,elu,16,0.22724604729815956,0.000437664832751455,1,33,0.22690550025020326,0.13393738049154097
3,INTERMEDIATE,96,elu,16,0.22724604729815956,0.000437664832751455,1,33,0.19100323958056314,0.1449224162273682
3,INTERMEDIATE,97,elu,16,0.22724604729815956,0.000437664832751455,1,33,0.20293281546660832,0.13839626369568017
3,INTERMEDIATE,98,elu,16,0.22724604729815956,0.000437664832751455,1,33,0.17876132045473372,0.12966618185433057
3,INTERMEDIATE,99,elu,16,0.22724604729815956,0.000437664832751455,1,33,0.1765224188566208,0.12202557720817052
3,INTERMEDIATE,100,elu,16,0.22724604729815956,0.000437664832751455,1,33,0.24118973740509578,0.1058543984993146
3,INTERMEDIATE,101,elu,16,0.22724604729815956,0.000437664832751455,1,33,0.18386907236916677,0.11067293770611286
3,INTERMEDIATE,102,elu,16,0.22724604729815956,0.000437664832751455,1,33,0.8378805454288211,0.2975511017900247
3,INTERMEDIATE,103,elu,16,0.22724604729815956,0.000437664832751455,1,33,0.3349256877388273,0.37358328599769336
3,INTERMEDIATE,104,elu,16,0.22724604729815956,0.000437664832751455,1,33,0.33029836203370777,0.2759445905685425
3,INTERMEDIATE,105,elu,16,0.22724604729815956,0.000437664832751455,1,33,0.3126053160854748,0.23712439519854692
3,INTERMEDIATE,106,elu,16,0.22724604729815956,0.000437664832751455,1,33,0.2667849212884903,0.19970398797438696
3,INTERMEDIATE,107,elu,16,0.22724604729815956,0.000437664832751455,1,33,0.27223542971270426,0.20439714551545107
3,INTERMEDIATE,108,elu,16,0.22724604729815956,0.000437664832751455,1,33,0.2520279586315155,0.18711133122157592
3,INTERMEDIATE,109,elu,16,0.22724604729815956,0.000437664832751455,1,33,0.30210245719977785,0.2125544728567967
3,INTERMEDIATE,110,elu,16,0.22724604729815956,0.000437664832751455,1,33,0.2683851889201573,0.19544130592392042
3,INTERMEDIATE,111,elu,16,0.22724604729815956,0.000437664832751455,1,33,0.23945987863200052,0.1720821037888527
3,INTERMEDIATE,112,elu,16,0.22724604729815956,0.000437664832751455,1,33,0.30564058465617044,0.17079869084633315
3,INTERMEDIATE,113,elu,16,0.22724604729815956,0.000437664832751455,1,33,0.2840049053941454,0.1670475136488676
3,INTERMEDIATE,114,elu,16,0.22724604729815956,0.000437664832751455,1,33,0.2433352012719427,0.16511765939111894
3,INTERMEDIATE,115,elu,16,0.22724604729815956,0.000437664832751455,1,33,0.2235389527465616,0.15205789163995248
3,INTERMEDIATE,116,elu,16,0.22724604729815956,0.000437664832751455,1,33,0.2419888616672584,0.15460943065297145
3,INTERMEDIATE,117,elu,16,0.22724604729815956,0.000437664832751455,1,33,0.2517541843865599,0.14612723084596488
3,INTERMEDIATE,118,elu,16,0.22724604729815956,0.000437664832751455,1,33,0.29520656913518906,0.15086632343725517
3,INTERMEDIATE,119,elu,16,0.22724604729815956,0.000437664832751455,1,33,0.2988869452050754,0.16536483261734247
3,INTERMEDIATE,120,elu,16,0.22724604729815956,0.000437664832751455,1,33,0.22013647801109723,0.1548461947016991
3,INTERMEDIATE,121,elu,16,0.22724604729815956,0.000437664832751455,1,33,0.22041659908635275,0.1714394141275149
3,INTERMEDIATE,122,elu,16,0.22724604729815956,0.000437664832751455,1,33,0.20218303533537046,0.16642671193067843
3,INTERMEDIATE,123,elu,16,0.22724604729815956,0.000437664832751455,1,33,0.17873690436993325,0.14772166612629706
3,INTERMEDIATE,124,elu,16,0.22724604729815956,0.000437664832751455,1,33,0.18378997487681253,0.1468437837723356
3,INTERMEDIATE,125,elu,16,0.22724604729815956,0.000437664832751455,1,33,0.18043386723314012,0.13752683266424215
3,INTERMEDIATE,126,elu,16,0.22724604729815956,0.000437664832751455,1,33,0.16337459747280395,0.14199766910706574
3,INTERMEDIATE,127,elu,16,0.22724604729815956,0.000437664832751455,1,33,0.19665454434497015,0.132060354288954
3,INTERMEDIATE,128,elu,16,0.22724604729815956,0.000437664832751455,1,33,0.19205078722110816,0.13719407569330472
3,INTERMEDIATE,129,elu,16,0.22724604729815956,0.000437664832751455,1,33,0.26234363817742895,0.1311692944369637
3,INTERMEDIATE,130,elu,16,0.22724604729815956,0.000437664832751455,1,33,0.1872690570141588,0.1326833421794268
3,INTERMEDIATE,131,elu,16,0.22724604729815956,0.000437664832751455,1,33,0.170965811503785,0.12537029607651326
3,INTERMEDIATE,132,elu,16,0.22724604729815956,0.000437664832751455,1,33,0.25356210874659674,0.12502595596015453
3,INTERMEDIATE,133,elu,16,0.22724604729815956,0.000437664832751455,1,33,0.1753913957093443,0.12513787643267557
3,INTERMEDIATE,134,elu,16,0.22724604729815956,0.000437664832751455,1,33,0.2571570423564741,0.12747841808371818
3,INTERMEDIATE,135,elu,16,0.22724604729815956,0.000437664832751455,1,33,0.16659356547253473,0.12606164440512657
3,INTERMEDIATE,136,elu,16,0.22724604729815956,0.000437664832751455,1,33,0.18455516573573863,0.12135367650681964
3,INTERMEDIATE,137,elu,16,0.22724604729815956,0.000437664832751455,1,33,0.17514230949538095,0.11664568811941606
3,INTERMEDIATE,138,elu,16,0.22724604729815956,0.000437664832751455,1,33,0.1832344521369253,0.13179385776703173
3,INTERMEDIATE,139,elu,16,0.22724604729815956,0.000437664832751455,1,33,0.16472594599638665,0.12691091746091843
3,INTERMEDIATE,140,elu,16,0.22724604729815956,0.000437664832751455,1,33,0.18405407134975707,0.10797977884514974
3,INTERMEDIATE,141,elu,16,0.22724604729815956,0.000437664832751455,1,33,0.1597299865846123,0.12125735686948666
3,INTERMEDIATE,142,elu,16,0.22724604729815956,0.000437664832751455,1,33,0.19086695089936256,0.1055114152483069
3,INTERMEDIATE,143,elu,16,0.22724604729815956,0.000437664832751455,1,33,0.1875758282840252,0.11229062259483796
3,INTERMEDIATE,144,elu,16,0.22724604729815956,0.000437664832751455,1,33,0.26327346212097574,0.11164873845588702
3,INTERMEDIATE,145,elu,16,0.22724604729815956,0.000437664832751455,1,33,0.15773501779351914,0.11274156135578568
3,INTERMEDIATE,146,elu,16,0.22724604729815956,0.000437664832751455,1,33,0.17437338323465415,0.1142161598858925
3,INTERMEDIATE,147,elu,16,0.22724604729815956,0.000437664832751455,1,33,0.22447821285043443,0.1046252275029054
3,INTERMEDIATE,148,elu,16,0.22724604729815956,0.000437664832751455,1,33,0.18049700957323825,0.1145837610730758
3,INTERMEDIATE,149,elu,16,0.22724604729815956,0.000437664832751455,1,33,0.14939126851303236,0.09562594543855923
3,INTERMEDIATE,150,elu,16,0.22724604729815956,0.000437664832751455,1,33,0.1792286719594683,0.0927275035243768
3,INTERMEDIATE,151,elu,16,0.22724604729815956,0.000437664832751455,1,33,0.15943392738699913,0.11620333411086065
3,INTERMEDIATE,152,elu,16,0.22724604729815956,0.000437664832751455,1,33,0.16976639202662877,0.09751659613819076
3,INTERMEDIATE,153,elu,16,0.22724604729815956,0.000437664832751455,1,33,0.2084084783813783,0.10151765975528039
3,INTERMEDIATE,154,elu,16,0.22724604729815956,0.000437664832751455,1,33,0.24337143823504448,0.1657150608415787
3,INTERMEDIATE,155,elu,16,0.22724604729815956,0.000437664832751455,1,33,0.1783167182334832,0.16418571798847273
3,INTERMEDIATE,156,elu,16,0.22724604729815956,0.000437664832751455,1,33,0.17858169946287358,0.15180845479839122
3,INTERMEDIATE,157,elu,16,0.22724604729815956,0.000437664832751455,1,33,0.17535184377006122,0.14088874897704676
3,INTERMEDIATE,158,elu,16,0.22724604729815956,0.000437664832751455,1,33,0.1898472516664437,0.12335942581725809
3,INTERMEDIATE,159,elu,16,0.22724604729815956,0.000437664832751455,1,33,0.2456696331501007,0.10664988767642242
3,INTERMEDIATE,160,elu,16,0.22724604729815956,0.000437664832751455,1,33,0.1952914587621178,0.1075122315579882
3,INTERMEDIATE,161,elu,16,0.22724604729815956,0.000437664832751455,1,33,0.18254771988306726,0.10274356675262634
3,INTERMEDIATE,162,elu,16,0.22724604729815956,0.000437664832751455,1,33,0.16852367908826896,0.11258009978784965
3,INTERMEDIATE,163,elu,16,0.22724604729815956,0.000437664832751455,1,33,0.17186211728091752,0.11153950570867611
3,INTERMEDIATE,164,elu,16,0.22724604729815956,0.000437664832751455,1,33,0.15945570370448486,0.11461750869281016
3,INTERMEDIATE,165,elu,16,0.22724604729815956,0.000437664832751455,1,33,0.16763681173324585,0.11398446373641491
3,INTERMEDIATE,166,elu,16,0.22724604729815956,0.000437664832751455,1,33,0.15689986744629486,0.10539908950718549
3,INTERMEDIATE,167,elu,16,0.22724604729815956,0.000437664832751455,1,33,0.17116973495909146,0.1097857509023295
3,INTERMEDIATE,168,elu,16,0.22724604729815956,0.000437664832751455,1,33,0.1555136399609702,0.11025598158056919
3,INTERMEDIATE,169,elu,16,0.22724604729815956,0.000437664832751455,1,33,0.2396758874612195,0.10194082737255555
3,INTERMEDIATE,170,elu,16,0.22724604729815956,0.000437664832751455,1,33,0.18847874498793057,0.10724205738649918
3,INTERMEDIATE,171,elu,16,0.22724604729815956,0.000437664832751455,1,33,0.25873265521866934,0.1116455955287585
3,INTERMEDIATE,172,elu,16,0.22724604729815956,0.000437664832751455,1,33,0.19739518181553908,0.10278294704711208
3,INTERMEDIATE,173,elu,16,0.22724604729815956,0.000437664832751455,1,33,0.2494393858526434,0.0987472442122033
3,INTERMEDIATE,174,elu,16,0.22724604729815956,0.000437664832751455,1,33,0.1846829035452434,0.09461567185532588
3,INTERMEDIATE,175,elu,16,0.22724604729815956,0.000437664832751455,1,33,0.15401888439165695,0.09853596598483048
3,INTERMEDIATE,176,elu,16,0.22724604729815956,0.000437664832751455,1,33,0.16842335329524108,0.09323480467383678
3,INTERMEDIATE,177,elu,16,0.22724604729815956,0.000437664832751455,1,33,0.1659293911818947,0.09847684362186836
3,INTERMEDIATE,178,elu,16,0.22724604729815956,0.000437664832751455,1,33,0.16206364892423153,0.09975533631558602
3,INTERMEDIATE,179,elu,16,0.22724604729815956,0.000437664832751455,1,33,0.16825611144304276,0.1101589729436315
3,INTERMEDIATE,180,elu,16,0.22724604729815956,0.000437664832751455,1,33,0.15599602753562586,0.0923417192310668
3,INTERMEDIATE,181,elu,16,0.22724604729815956,0.000437664832751455,1,33,0.15210403914430312,0.08317060790096338
3,INTERMEDIATE,182,elu,16,0.22724604729815956,0.000437664832751455,1,33,0.15207423296357905,0.0858385988439505
3,INTERMEDIATE,183,elu,16,0.22724604729815956,0.000437664832751455,1,33,0.15222671973918164,0.0828539370559156
3,INTERMEDIATE,184,elu,16,0.22724604729815956,0.000437664832751455,1,33,0.1664401731852974,0.09729855235379475
3,INTERMEDIATE,185,elu,16,0.22724604729815956,0.000437664832751455,1,33,0.18387030437588692,0.09017547968631753
3,INTERMEDIATE,186,elu,16,0.22724604729815956,0.000437664832751455,1,33,0.2682600822299719,0.08781587092492443
3,INTERMEDIATE,187,elu,16,0.22724604729815956,0.000437664832751455,1,33,0.1549486414130245,0.08455537596287635
3,INTERMEDIATE,188,elu,16,0.22724604729815956,0.000437664832751455,1,33,0.15083070897630282,0.09246229996474889
3,INTERMEDIATE,189,elu,16,0.22724604729815956,0.000437664832751455,1,33,0.22360660494970425,0.07794129031781967
3,COMPLETED,189,elu,16,0.22724604729815956,0.000437664832751455,1,33,0.14939126851303236,0.09562594543855923
4,INTERMEDIATE,0,relu,16,0.23578542617689835,0.00012265259955227765,3,52,1.597731556211199,1.6046011310357313
4,INTERMEDIATE,1,relu,16,0.23578542617689835,0.00012265259955227765,3,52,1.5986703634262085,1.5983681311974158
4,INTERMEDIATE,2,relu,16,0.23578542617689835,0.00012265259955227765,3,52,1.5928207976477486,1.594433307647705
4,INTERMEDIATE,3,relu,16,0.23578542617689835,0.00012265259955227765,3,52,1.5806965317044939,1.581414562005263
4,INTERMEDIATE,4,relu,16,0.23578542617689835,0.00012265259955227765,3,52,1.542377574103219,1.5537994779073274
4,INTERMEDIATE,5,relu,16,0.23578542617689835,0.00012265259955227765,3,52,1.432494384901864,1.4739061043812678
4,INTERMEDIATE,6,relu,16,0.23578542617689835,0.00012265259955227765,3,52,1.2824290309633528,1.327073647425725
4,INTERMEDIATE,7,relu,16,0.23578542617689835,0.00012265259955227765,3,52,1.1796825272696358,1.1772908293283904
4,INTERMEDIATE,8,relu,16,0.23578542617689835,0.00012265259955227765,3,52,1.1127522417477198,1.0628966689109802
4,INTERMEDIATE,9,relu,16,0.23578542617689835,0.00012265259955227765,3,52,1.0872627581868852,0.9931106911255763
4,INTERMEDIATE,10,relu,16,0.23578542617689835,0.00012265259955227765,3,52,1.029958724975586,0.9522857230443221
4,INTERMEDIATE,11,relu,16,0.23578542617689835,0.00012265259955227765,3,52,0.9998676521437508,0.9077132344245911
4,INTERMEDIATE,12,relu,16,0.23578542617689835,0.00012265259955227765,3,52,0.990847681249891,0.8814298464701726
4,INTERMEDIATE,13,relu,16,0.23578542617689835,0.00012265259955227765,3,52,0.9542049935885838,0.8539667335840372
4,INTERMEDIATE,14,relu,16,0.23578542617689835,0.00012265259955227765,3,52,0.9309050781386239,0.8407638944112338
4,INTERMEDIATE,15,relu,16,0.23578542617689835,0.00012265259955227765,3,52,0.943984010389873,0.8263581601473001
4,INTERMEDIATE,16,relu,16,0.23578542617689835,0.00012265259955227765,3,52,0.8978639585631234,0.8025243488641886
4,INTERMEDIATE,17,relu,16,0.23578542617689835,0.00012265259955227765,3,52,0.874034447329385,0.7844207974580618
4,INTERMEDIATE,18,relu,16,0.23578542617689835,0.00012265259955227765,3,52,0.8790368693215507,0.7736318684541262
4,INTERMEDIATE,19,relu,16,0.23578542617689835,0.00012265259955227765,3,52,0.8361643467630658,0.75809956743167
4,INTERMEDIATE,20,relu,16,0.23578542617689835,0.00012265259955227765,3,52,0.8266848921775818,0.750493572308467
4,INTERMEDIATE,21,relu,16,0.23578542617689835,0.00012265259955227765,3,52,0.8165772131511143,0.7215317396017221
4,INTERMEDIATE,22,relu,16,0.23578542617689835,0.00012265259955227765,3,52,0.7752016569886889,0.7223080052779272
4,INTERMEDIATE,23,relu,16,0.23578542617689835,0.00012265259955227765,3,52,0.7741051656859261,0.6981420058470506
4,INTERMEDIATE,24,relu,16,0.23578542617689835,0.00012265259955227765,3,52,0.7539591874395098,0.6886250239152175
4,INTERMEDIATE,25,relu,16,0.23578542617689835,0.00012265259955227765,3,52,0.7554258022989545,0.6731424113878837
4,INTERMEDIATE,26,relu,16,0.23578542617689835,0.00012265259955227765,3,52,0.7544289146150861,0.6670869141817093
4,INTERMEDIATE,27,relu,16,0.23578542617689835,0.00012265259955227765,3,52,0.7228353108678546,0.6565507994248316
4,INTERMEDIATE,28,relu,16,0.23578542617689835,0.00012265259955227765,3,52,0.7042496374675206,0.6383306647722538
4,INTERMEDIATE,29,relu,16,0.23578542617689835,0.00012265259955227765,3,52,0.6793163929666791,0.6414482639386103
4,INTERMEDIATE,30,relu,16,0.23578542617689835,0.00012265259955227765,3,52,0.6336955002376011,0.5967565190333587
4,INTERMEDIATE,31,relu,16,0.23578542617689835,0.00012265259955227765,3,52,0.6148836783000401,0.567078486084938
4,INTERMEDIATE,32,relu,16,0.23578542617689835,0.00012265259955227765,3,52,0.6075860176767621,0.5552460516874607
4,INTERMEDIATE,33,relu,16,0.23578542617689835,0.00012265259955227765,3,52,0.6118037274905613,0.5396613891308124
4,INTERMEDIATE,34,relu,16,0.23578542617689835,0.00012265259955227765,3,52,0.600419955594199,0.5405578842529883
4,INTERMEDIATE,35,relu,16,0.23578542617689835,0.00012265259955227765,3,52,0.6035667913300651,0.5234044377620404
4,INTERMEDIATE,36,relu,16,0.23578542617689835,0.00012265259955227765,3,52,0.5829743061746869,0.5287466840102122
4,INTERMEDIATE,37,relu,16,0.23578542617689835,0.00012265259955227765,3,52,0.594157908643995,0.5243242703951322
4,INTERMEDIATE,38,relu,16,0.23578542617689835,0.00012265259955227765,3,52,0.5692338900906699,0.5260548476989453
4,INTERMEDIATE,39,relu,16,0.23578542617689835,0.00012265259955227765,3,52,0.567603370973042,0.5127530418909513
4,INTERMEDIATE,40,relu,16,0.23578542617689835,0.00012265259955227765,3,52,0.5779332092830113,0.503104873574697
4,INTERMEDIATE,41,relu,16,0.23578542617689835,0.00012265259955227765,3,52,0.5761903864996774,0.515471868790113
4,INTERMEDIATE,42,relu,16,0.23578542617689835,0.00012265259955227765,3,52,0.5488347922052655,0.5192807419941976
4,INTERMEDIATE,43,relu,16,0.23578542617689835,0.00012265259955227765,3,52,0.5990261435508728,0.5187958547702203
4,INTERMEDIATE,44,relu,16,0.23578542617689835,0.00012265259955227765,3,52,0.5616238755839211,0.5120654025903115
4,INTERMEDIATE,45,relu,16,0.23578542617689835,0.00012265259955227765,3,52,0.5610023779528481,0.495942534162448
4,INTERMEDIATE,46,relu,16,0.23578542617689835,0.00012265259955227765,3,52,0.5677025147846767,0.49904201924800873
4,INTERMEDIATE,47,relu,16,0.23578542617689835,0.00012265259955227765,3,52,0.5565176691327777,0.49933576125365037
4,INTERMEDIATE,48,relu,16,0.23578542617689835,0.00012265259955227765,3,52,0.564866521528789,0.4939373181416438
4,INTERMEDIATE,49,relu,16,0.23578542617689835,0.00012265259955227765,3,52,0.5616983856473651,0.5008144963246125
4,INTERMEDIATE,50,relu,16,0.23578542617689835,0.00012265259955227765,3,52,0.5548517831734249,0.4818352564023091
4,INTERMEDIATE,51,relu,16,0.23578542617689835,0.00012265259955227765,3,52,0.5467555139745984,0.47786789444776684
4,INTERMEDIATE,52,relu,16,0.23578542617689835,0.00012265259955227765,3,52,0.5545549690723419,0.48758203192399097
4,INTERMEDIATE,53,relu,16,0.23578542617689835,0.00012265259955227765,3,52,0.5515012528215136,0.4904120426911574
4,INTERMEDIATE,54,relu,16,0.23578542617689835,0.00012265259955227765,3,52,0.5503840276173183,0.47711905951683337
4,INTERMEDIATE,55,relu,16,0.23578542617689835,0.00012265259955227765,3,52,0.5746351991380964,0.4724961335842426
4,INTERMEDIATE,56,relu,16,0.23578542617689835,0.00012265259955227765,3,52,0.56007234113557,0.46532973188620347
4,INTERMEDIATE,57,relu,16,0.23578542617689835,0.00012265259955227765,3,52,0.5652725313391004,0.4643599196122243
4,INTERMEDIATE,58,relu,16,0.23578542617689835,0.00012265259955227765,3,52,0.5528775751590729,0.49736340229327863
4,INTERMEDIATE,59,relu,16,0.23578542617689835,0.00012265259955227765,3,52,0.540380379983357,0.4896682999455012
4,INTERMEDIATE,60,relu,16,0.23578542617689835,0.00012265259955227765,3,52,0.5253218752997262,0.49577698226158434
4,INTERMEDIATE,61,relu,16,0.23578542617689835,0.00012265259955227765,3,52,0.5179026041712079,0.4645409331871913
4,INTERMEDIATE,62,relu,16,0.23578542617689835,0.00012265259955227765,3,52,0.5302757961409432,0.4724318728997157
4,INTERMEDIATE,63,relu,16,0.23578542617689835,0.00012265259955227765,3,52,0.5611292166369302,0.45342842546793133
4,INTERMEDIATE,64,relu,16,0.23578542617689835,0.00012265259955227765,3,52,0.5093745035784585,0.444562357205611
4,INTERMEDIATE,65,relu,16,0.23578542617689835,0.00012265259955227765,3,52,0.5028800283159528,0.44753498755968535
4,INTERMEDIATE,66,relu,16,0.23578542617689835,0.00012265259955227765,3,52,0.49863083021981375,0.44055157613295776
4,INTERMEDIATE,67,relu,16,0.23578542617689835,0.00012265259955227765,3,52,0.49882555433682035,0.4384192761320334
4,INTERMEDIATE,68,relu,16,0.23578542617689835,0.00012265259955227765,3,52,0.48401784896850586,0.4336956189228938
4,INTERMEDIATE,69,relu,16,0.23578542617689835,0.00012265259955227765,3,52,0.47235868658338276,0.4264263671178084
4,INTERMEDIATE,70,relu,16,0.23578542617689835,0.00012265259955227765,3,52,0.4814911356994084,0.41256673060930693
4,INTERMEDIATE,71,relu,16,0.23578542617689835,0.00012265259955227765,3,52,0.4673127659729549,0.39920451778631943
4,INTERMEDIATE,72,relu,16,0.23578542617689835,0.00012265259955227765,3,52,0.4689359111445291,0.41135967580171734
4,INTERMEDIATE,73,relu,16,0.23578542617689835,0.00012265259955227765,3,52,0.44326598729406086,0.4163886205508159
4,INTERMEDIATE,74,relu,16,0.23578542617689835,0.00012265259955227765,3,52,0.4463829866477421,0.39461522377454317
4,INTERMEDIATE,75,relu,16,0.23578542617689835,0.00012265259955227765,3,52,0.4403509965964726,0.3894949962313359
4,INTERMEDIATE,76,relu,16,0.23578542617689835,0.00012265259955227765,3,52,0.4847793025629861,0.37920687003777576
4,INTERMEDIATE,77,relu,16,0.23578542617689835,0.00012265259955227765,3,52,0.41813661796706064,0.3559986719718346
4,INTERMEDIATE,78,relu,16,0.23578542617689835,0.00012265259955227765,3,52,0.415851001228605,0.35737175609056765
4,INTERMEDIATE,79,relu,16,0.23578542617689835,0.00012265259955227765,3,52,0.405080714396068,0.34583909121843487
4,INTERMEDIATE,80,relu,16,0.23578542617689835,0.00012265259955227765,3,52,0.3969624936580658,0.35768721252679825
4,INTERMEDIATE,81,relu,16,0.23578542617689835,0.00012265259955227765,3,52,0.376469150185585,0.3319841709274512
4,INTERMEDIATE,82,relu,16,0.23578542617689835,0.00012265259955227765,3,52,0.42221468687057495,0.33269338596325654
4,INTERMEDIATE,83,relu,16,0.23578542617689835,0.00012265259955227765,3,52,0.4129821253674371,0.3421993897511409
4,INTERMEDIATE,84,relu,16,0.23578542617689835,0.00012265259955227765,3,52,0.34468678704329897,0.36176661860484344
4,INTERMEDIATE,85,relu,16,0.23578542617689835,0.00012265259955227765,3,52,0.36711595952510834,0.3111933756333131
4,INTERMEDIATE,86,relu,16,0.23578542617689835,0.00012265259955227765,3,52,0.3885165601968765,0.288415137391824
4,INTERMEDIATE,87,relu,16,0.23578542617689835,0.00012265259955227765,3,52,0.38632796491895405,0.30515506634345424
4,INTERMEDIATE,88,relu,16,0.23578542617689835,0.00012265259955227765,3,52,0.3966865454401289,0.3111474852149303
4,INTERMEDIATE,89,relu,16,0.23578542617689835,0.00012265259955227765,3,52,0.35172939726284574,0.31237677140877795
4,INTERMEDIATE,90,relu,16,0.23578542617689835,0.00012265259955227765,3,52,0.4082260025399072,0.32592690334870267
4,INTERMEDIATE,91,relu,16,0.23578542617689835,0.00012265259955227765,3,52,0.34346261407647816,0.2909254179551051
4,INTERMEDIATE,92,relu,16,0.23578542617689835,0.00012265259955227765,3,52,0.3596001054559435,0.2876198498102335
4,INTERMEDIATE,93,relu,16,0.23578542617689835,0.00012265259955227765,3,52,0.35556370445660185,0.26514813762444717
4,INTERMEDIATE,94,relu,16,0.23578542617689835,0.00012265259955227765,3,52,0.34733022110802786,0.296891026198864
4,INTERMEDIATE,95,relu,16,0.23578542617689835,0.00012265259955227765,3,52,0.34036758967808317,0.29122883597245586
4,INTERMEDIATE,96,relu,16,0.23578542617689835,0.00012265259955227765,3,52,0.3473744903291975,0.27780115088591206
4,INTERMEDIATE,97,relu,16,0.23578542617689835,0.00012265259955227765,3,52,0.32149466233594076,0.2720725400230059
4,INTERMEDIATE,98,relu,16,0.23578542617689835,0.00012265259955227765,3,52,0.3516489267349243,0.24499195183698946
4,INTERMEDIATE,99,relu,16,0.23578542617689835,0.00012265259955227765,3,52,0.306230040533202,0.25145900822602785
4,INTERMEDIATE,100,relu,16,0.23578542617689835,0.00012265259955227765,3,52,0.27014317895684925,0.24832475987764505
4,INTERMEDIATE,101,relu,16,0.23578542617689835,0.00012265259955227765,3,52,0.3340026480810983,0.25744209868403584
4,INTERMEDIATE,102,relu,16,0.23578542617689835,0.00012265259955227765,3,52,0.31941966499601093,0.2507573443536575
4,INTERMEDIATE,103,relu,16,0.23578542617689835,0.00012265259955227765,3,52,0.32792883472783224,0.24867518074237382
4,INTERMEDIATE,104,relu,16,0.23578542617689835,0.00012265259955227765,3,52,0.3528884393828256,0.25628465242110765
4,INTERMEDIATE,105,relu,16,0.23578542617689835,0.00012265259955227765,3,52,0.3415241837501526,0.25345149120459187
4,INTERMEDIATE,106,relu,16,0.23578542617689835,0.00012265259955227765,3,52,0.29140131388391766,0.2455986560537265
4,INTERMEDIATE,107,relu,16,0.23578542617689835,0.00012265259955227765,3,52,0.3315942713192531,0.22448148893622252
4,INTERMEDIATE,108,relu,16,0.23578542617689835,0.00012265259955227765,3,52,0.3290669769048691,0.26955241853227985
4,INTERMEDIATE,109,relu,16,0.23578542617689835,0.00012265259955227765,3,52,0.3782121624265398,0.2800274508503767
4,INTERMEDIATE,110,relu,16,0.23578542617689835,0.00012265259955227765,3,52,0.30910608704601017,0.22826927298536667
4,INTERMEDIATE,111,relu,16,0.23578542617689835,0.00012265259955227765,3,52,0.35013508583818165,0.23279337011850798
4,INTERMEDIATE,112,relu,16,0.23578542617689835,0.00012265259955227765,3,52,0.302065229841641,0.25337386761720365
4,INTERMEDIATE,113,relu,16,0.23578542617689835,0.00012265259955227765,3,52,0.2961754043187414,0.2099804408275164
4,INTERMEDIATE,114,relu,16,0.23578542617689835,0.00012265259955227765,3,52,0.29624069588524954,0.2057201309272876
4,INTERMEDIATE,115,relu,16,0.23578542617689835,0.00012265259955227765,3,52,0.3105717492955072,0.1967397415294097
4,INTERMEDIATE,116,relu,16,0.23578542617689835,0.00012265259955227765,3,52,0.2978789657354355,0.21898572404797262
4,INTERMEDIATE,117,relu,16,0.23578542617689835,0.00012265259955227765,3,52,0.3234873797212328,0.20972771398150003
4,INTERMEDIATE,118,relu,16,0.23578542617689835,0.00012265259955227765,3,52,0.3085340080516679,0.2051193006336689
4,INTERMEDIATE,119,relu,16,0.23578542617689835,0.00012265259955227765,3,52,0.29576753824949265,0.21715398104144976
4,INTERMEDIATE,120,relu,16,0.23578542617689835,0.00012265259955227765,3,52,0.29258304621492115,0.22789310291409492
4,INTERMEDIATE,121,relu,16,0.23578542617689835,0.00012265259955227765,3,52,0.35763479662793024,0.25419848842116505
4,INTERMEDIATE,122,relu,16,0.23578542617689835,0.00012265259955227765,3,52,0.3365905923502786,0.25804031926852006
4,INTERMEDIATE,123,relu,16,0.23578542617689835,0.00012265259955227765,3,52,0.30658106186560224,0.2553639073784535
4,INTERMEDIATE,124,relu,16,0.23578542617689835,0.00012265259955227765,3,52,0.31561003838266644,0.24546485308271188
4,INTERMEDIATE,125,relu,16,0.23578542617689835,0.00012265259955227765,3,52,0.32646491484982626,0.2402399295511154
4,INTERMEDIATE,126,relu,16,0.23578542617689835,0.00012265259955227765,3,52,0.2938005732638495,0.230234823261316
4,INTERMEDIATE,127,relu,16,0.23578542617689835,0.00012265259955227765,3,52,0.32413035311869215,0.23153375519009736
4,INTERMEDIATE,128,relu,16,0.23578542617689835,0.00012265259955227765,3,52,0.31369911772864206,0.21091433958365366
4,INTERMEDIATE,129,relu,16,0.23578542617689835,0.00012265259955227765,3,52,0.3284161793334143,0.21179310834178558
4,INTERMEDIATE,130,relu,16,0.23578542617689835,0.00012265259955227765,3,52,0.28282642577375683,0.2004660488321231
4,INTERMEDIATE,131,relu,16,0.23578542617689835,0.00012265259955227765,3,52,0.28975897495235714,0.21985160903288767
4,INTERMEDIATE,132,relu,16,0.23578542617689835,0.00012265259955227765,3,52,0.2848777600697109,0.2021633621591788
4,INTERMEDIATE,133,relu,16,0.23578542617689835,0.00012265259955227765,3,52,0.34623266969408306,0.2024297651190024
4,INTERMEDIATE,134,relu,16,0.23578542617689835,0.00012265259955227765,3,52,0.32241023651191164,0.1999158075509163
4,INTERMEDIATE,135,relu,16,0.23578542617689835,0.00012265259955227765,3,52,0.315870715039117,0.19090041016729978
4,INTERMEDIATE,136,relu,16,0.23578542617689835,0.00012265259955227765,3,52,0.2752090724451201,0.17846261251431245
4,INTERMEDIATE,137,relu,16,0.23578542617689835,0.00012265259955227765,3,52,0.3358105037893568,0.18567369219202262
4,INTERMEDIATE,138,relu,16,0.23578542617689835,0.00012265259955227765,3,52,0.3915975530232702,0.19788195794591537
4,INTERMEDIATE,139,relu,16,0.23578542617689835,0.00012265259955227765,3,52,0.2627194364156042,0.19697347312019423
4,INTERMEDIATE,140,relu,16,0.23578542617689835,0.00012265259955227765,3,52,0.2779538003461702,0.1964389140216204
4,INTERMEDIATE,141,relu,16,0.23578542617689835,0.00012265259955227765,3,52,0.2629772110709122,0.18168179518901384
4,INTERMEDIATE,142,relu,16,0.23578542617689835,0.00012265259955227765,3,52,0.36912755561726435,0.20367713215259406
4,INTERMEDIATE,143,relu,16,0.23578542617689835,0.00012265259955227765,3,52,0.2629987161074366,0.20932857205088323
4,INTERMEDIATE,144,relu,16,0.23578542617689835,0.00012265259955227765,3,52,0.34814074848379406,0.20348318881140307
4,INTERMEDIATE,145,relu,16,0.23578542617689835,0.00012265259955227765,3,52,0.29002959387642996,0.20848818051700407
4,INTERMEDIATE,146,relu,16,0.23578542617689835,0.00012265259955227765,3,52,0.28132206414427074,0.1692770728125022
4,INTERMEDIATE,147,relu,16,0.23578542617689835,0.00012265259955227765,3,52,0.2761689158422606,0.19059098339997804
4,INTERMEDIATE,148,relu,16,0.23578542617689835,0.00012265259955227765,3,52,0.2664488447563989,0.1835064125748781
4,INTERMEDIATE,149,relu,16,0.23578542617689835,0.00012265259955227765,3,52,0.2799173795751163,0.1721316630450579
4,INTERMEDIATE,150,relu,16,0.23578542617689835,0.00012265259955227765,3,52,0.27613467031291555,0.19364935904741287
4,INTERMEDIATE,151,relu,16,0.23578542617689835,0.00012265259955227765,3,52,0.28197690205914633,0.18035327041378388
4,INTERMEDIATE,152,relu,16,0.23578542617689835,0.00012265259955227765,3,52,0.257916091808251,0.1954324276974568
4,INTERMEDIATE,153,relu,16,0.23578542617689835,0.00012265259955227765,3,52,0.3356287202664784,0.16261912524127042
4,INTERMEDIATE,154,relu,16,0.23578542617689835,0.00012265259955227765,3,52,0.32296812534332275,0.17126985367100972
4,INTERMEDIATE,155,relu,16,0.23578542617689835,0.00012265259955227765,3,52,0.2908140532672405,0.1524224944699269
4,INTERMEDIATE,156,relu,16,0.23578542617689835,0.00012265259955227765,3,52,0.30891529683555874,0.15764447000737375
4,INTERMEDIATE,157,relu,16,0.23578542617689835,0.00012265259955227765,3,52,0.286847496671336,0.17643067255043066
4,INTERMEDIATE,158,relu,16,0.23578542617689835,0.00012265259955227765,3,52,0.2606299413102014,0.19614543579518795
4,INTERMEDIATE,159,relu,16,0.23578542617689835,0.00012265259955227765,3,52,0.2526812106370926,0.1520237009972334
4,INTERMEDIATE,160,relu,16,0.23578542617689835,0.00012265259955227765,3,52,0.2648933210543224,0.15360649976019675
4,INTERMEDIATE,161,relu,16,0.23578542617689835,0.00012265259955227765,3,52,0.3247212581336498,0.1766813577940831
4,INTERMEDIATE,162,relu,16,0.23578542617689835,0.00012265259955227765,3,52,0.3303988554647991,0.1485569501438966
4,INTERMEDIATE,163,relu,16,0.23578542617689835,0.00012265259955227765,3,52,0.2600620011133807,0.15081323855198348
4,INTERMEDIATE,164,relu,16,0.23578542617689835,0.00012265259955227765,3,52,0.2601072591330324,0.1394433117686556
4,INTERMEDIATE,165,relu,16,0.23578542617689835,0.00012265259955227765,3,52,0.26998126081057955,0.14931678771972656
4,INTERMEDIATE,166,relu,16,0.23578542617689835,0.00012265259955227765,3,52,0.37327136791178156,0.1269544234069494
4,INTERMEDIATE,167,relu,16,0.23578542617689835,0.00012265259955227765,3,52,0.24688188518796647,0.14693002531734797
4,INTERMEDIATE,168,relu,16,0.23578542617689835,0.00012265259955227765,3,52,0.30332745611667633,0.14062520618049
4,INTERMEDIATE,169,relu,16,0.23578542617689835,0.00012265259955227765,3,52,0.31983150222471785,0.1651004170282529
4,INTERMEDIATE,170,relu,16,0.23578542617689835,0.00012265259955227765,3,52,0.2962548519883837,0.14284382574260235
4,INTERMEDIATE,171,relu,16,0.23578542617689835,0.00012265259955227765,3,52,0.33058441962514606,0.1437850076561937
4,INTERMEDIATE,172,relu,16,0.23578542617689835,0.00012265259955227765,3,52,0.3181146005434649,0.14001107731690773
4,INTERMEDIATE,173,relu,16,0.23578542617689835,0.00012265259955227765,3,52,0.3260134038116251,0.2197888744278596
4,INTERMEDIATE,174,relu,16,0.23578542617689835,0.00012265259955227765,3,52,0.3183396708752428,0.20851810161884016
4,INTERMEDIATE,175,relu,16,0.23578542617689835,0.00012265259955227765,3,52,0.30591052025556564,0.18932240499326816
4,INTERMEDIATE,176,relu,16,0.23578542617689835,0.00012265259955227765,3,52,0.3587232104369572,0.18487604134357893
4,INTERMEDIATE,177,relu,16,0.23578542617689835,0.00012265259955227765,3,52,0.3285425773688725,0.17611191679651922
4,INTERMEDIATE,178,relu,16,0.23578542617689835,0.00012265259955227765,3,52,0.5180802760379655,0.18186436092051175
4,INTERMEDIATE,179,relu,16,0.23578542617689835,0.00012265259955227765,3,52,0.36765830857413156,0.35492634085508495
4,INTERMEDIATE,180,relu,16,0.23578542617689835,0.00012265259955227765,3,52,0.3056022067155157,0.2113337041093753
4,INTERMEDIATE,181,relu,16,0.23578542617689835,0.00012265259955227765,3,52,0.3066601370062147,0.1558592767956165
4,INTERMEDIATE,182,relu,16,0.23578542617689835,0.00012265259955227765,3,52,0.303072700543063,0.14614695855058157
4,INTERMEDIATE,183,relu,16,0.23578542617689835,0.00012265259955227765,3,52,0.2600828105849879,0.1501579680121862
4,INTERMEDIATE,184,relu,16,0.23578542617689835,0.00012265259955227765,3,52,0.3494730666279793,0.15179771514466175
4,INTERMEDIATE,185,relu,16,0.23578542617689835,0.00012265259955227765,3,52,0.2734967161502157,0.1311641169998508
4,INTERMEDIATE,186,relu,16,0.23578542617689835,0.00012265259955227765,3,52,0.30142292912517277,0.20215432288555
4,INTERMEDIATE,187,relu,16,0.23578542617689835,0.00012265259955227765,3,52,0.31139801761933733,0.25704443798615384
4,INTERMEDIATE,188,relu,16,0.23578542617689835,0.00012265259955227765,3,52,0.32617557793855667,0.20714231164982685
4,INTERMEDIATE,189,relu,16,0.23578542617689835,0.00012265259955227765,3,52,0.2736026437154838,0.18684884948799244
4,INTERMEDIATE,190,relu,16,0.23578542617689835,0.00012265259955227765,3,52,0.2921117011989866,0.15270208180523837
4,INTERMEDIATE,191,relu,16,0.23578542617689835,0.00012265259955227765,3,52,0.32588038886232035,0.22303239542704362
4,INTERMEDIATE,192,relu,16,0.23578542617689835,0.00012265259955227765,3,52,0.24930158949324063,0.17329956132632035
4,INTERMEDIATE,193,relu,16,0.23578542617689835,0.00012265259955227765,3,52,0.3138521154011999,0.2078412088852089
4,INTERMEDIATE,194,relu,16,0.23578542617689835,0.00012265259955227765,3,52,0.25911386736801695,0.178134419883673
4,INTERMEDIATE,195,relu,16,0.23578542617689835,0.00012265259955227765,3,52,0.2536459711513349,0.17350832029030874
4,INTERMEDIATE,196,relu,16,0.23578542617689835,0.00012265259955227765,3,52,0.22733299593840325,0.1661387299402402
4,INTERMEDIATE,197,relu,16,0.23578542617689835,0.00012265259955227765,3,52,0.21158262767962047,0.16034272578186715
4,INTERMEDIATE,198,relu,16,0.23578542617689835,0.00012265259955227765,3,52,0.23778072372078896,0.14951168559491634
4,INTERMEDIATE,199,relu,16,0.23578542617689835,0.00012265259955227765,3,52,0.2846102629389082,0.1464464430912183
4,COMPLETED,199,relu,16,0.23578542617689835,0.00012265259955227765,3,52,0.21158262767962047,0.16034272578186715
5,INTERMEDIATE,0,relu,16,0.2454639251949965,0.00024897961322630017,1,60,1.5842970609664917,1.5884013772010803
5,INTERMEDIATE,1,relu,16,0.2454639251949965,0.00024897961322630017,1,60,1.5593149151120866,1.5653980603584876
5,INTERMEDIATE,2,relu,16,0.2454639251949965,0.00024897961322630017,1,60,1.5059540271759033,1.5227186358892
5,INTERMEDIATE,3,relu,16,0.2454639251949965,0.00024897961322630017,1,60,1.3624778815678187,1.428585098339961
5,INTERMEDIATE,4,relu,16,0.2454639251949965,0.00024897961322630017,1,60,1.1913768478802271,1.2126939846919134
5,INTERMEDIATE,5,relu,16,0.2454639251949965,0.00024897961322630017,1,60,1.1372863735471452,1.0733624994754791
5,INTERMEDIATE,6,relu,16,0.2454639251949965,0.00024897961322630017,1,60,1.0358704669134957,0.9970801060016339
5,INTERMEDIATE,7,relu,16,0.2454639251949965,0.00024897961322630017,1,60,1.0139585477965218,0.9312879809966454
5,INTERMEDIATE,8,relu,16,0.2454639251949965,0.00024897961322630017,1,60,0.9730524250439235,0.8808871989066784
5,INTERMEDIATE,9,relu,16,0.2454639251949965,0.00024897961322630017,1,60,0.9474917565073285,0.8559927665270292
5,INTERMEDIATE,10,relu,16,0.2454639251949965,0.00024897961322630017,1,60,0.8877296362604413,0.815865145279811
5,INTERMEDIATE,11,relu,16,0.2454639251949965,0.00024897961322630017,1,60,0.8584855880056109,0.766005827830388
5,INTERMEDIATE,12,relu,16,0.2454639251949965,0.00024897961322630017,1,60,0.8427045685904366,0.7522084850531358
5,INTERMEDIATE,13,relu,16,0.2454639251949965,0.00024897961322630017,1,60,0.7895029783248901,0.732672203045625
5,INTERMEDIATE,14,relu,16,0.2454639251949965,0.00024897961322630017,1,60,0.7800518444606236,0.7039734652409186
5,INTERMEDIATE,15,relu,16,0.2454639251949965,0.00024897961322630017,1,60,0.7450744978019169,0.6886106763894742
5,INTERMEDIATE,16,relu,16,0.2454639251949965,0.00024897961322630017,1,60,0.7164005637168884,0.6445273424570377
5,INTERMEDIATE,17,relu,16,0.2454639251949965,0.00024897961322630017,1,60,0.6842256273542132,0.6653192043304443
5,INTERMEDIATE,18,relu,16,0.2454639251949965,0.00024897961322630017,1,60,0.6951918516840253,0.6200928321251502
5,INTERMEDIATE,19,relu,16,0.2454639251949965,0.00024897961322630017,1,60,0.6639262012072972,0.6252165860854663
5,INTERMEDIATE,20,relu,16,0.2454639251949965,0.00024897961322630017,1,60,0.6390973499843052,0.6171063712010016
5,INTERMEDIATE,21,relu,16,0.2454639251949965,0.00024897961322630017,1,60,0.6053710111549923,0.5896305843041494
5,INTERMEDIATE,22,relu,16,0.2454639251949965,0.00024897961322630017,1,60,0.5912726521492004,0.5608351803742923
5,INTERMEDIATE,23,relu,16,0.2454639251949965,0.00024897961322630017,1,60,0.5750275126525334,0.5462127774953842
5,INTERMEDIATE,24,relu,16,0.2454639251949965,0.00024897961322630017,1,60,0.5954724975994655,0.5317372748484979
5,INTERMEDIATE,25,relu,16,0.2454639251949965,0.00024897961322630017,1,60,0.6110981106758118,0.5346728804019781
5,INTERMEDIATE,26,relu,16,0.2454639251949965,0.00024897961322630017,1,60,0.5789442786148616,0.5466312456589478
5,INTERMEDIATE,27,relu,16,0.2454639251949965,0.00024897961322630017,1,60,0.5448776228087289,0.5271567679368533
5,INTERMEDIATE,28,relu,16,0.2454639251949965,0.00024897961322630017,1,60,0.5749523852552686,0.5282700646382111
5,INTERMEDIATE,29,relu,16,0.2454639251949965,0.00024897961322630017,1,60,0.5614877385752541,0.5100503987990893
5,INTERMEDIATE,30,relu,16,0.2454639251949965,0.00024897961322630017,1,60,0.5216552104268756,0.49407059183487523
5,INTERMEDIATE,31,relu,16,0.2454639251949965,0.00024897961322630017,1,60,0.5245631677763802,0.48925100840055025
5,INTERMEDIATE,32,relu,16,0.2454639251949965,0.00024897961322630017,1,60,0.5937347199235644,0.47678298216599685
5,INTERMEDIATE,33,relu,16,0.2454639251949965,0.00024897961322630017,1,60,0.5323971339634487,0.4939836527292545
5,INTERMEDIATE,34,relu,16,0.2454639251949965,0.00024897961322630017,1,60,0.516542204788753,0.48244538559363437
5,INTERMEDIATE,35,relu,16,0.2454639251949965,0.00024897961322630017,1,60,0.4813107081821987,0.47944085185344404
5,INTERMEDIATE,36,relu,16,0.2454639251949965,0.00024897961322630017,1,60,0.46428107363837107,0.4565375934426601
5,INTERMEDIATE,37,relu,16,0.2454639251949965,0.00024897961322630017,1,60,0.4693732900278909,0.4375201245913139
5,INTERMEDIATE,38,relu,16,0.2454639251949965,0.00024897961322630017,1,60,0.45634812116622925,0.4237000598357274
5,INTERMEDIATE,39,relu,16,0.2454639251949965,0.00024897961322630017,1,60,0.5052766246455056,0.4606538019501246
5,INTERMEDIATE,40,relu,16,0.2454639251949965,0.00024897961322630017,1,60,0.5024570439543042,0.5101136358884665
5,INTERMEDIATE,41,relu,16,0.2454639251949965,0.00024897961322630017,1,60,0.5221786328724453,0.49270540131972385
5,INTERMEDIATE,42,relu,16,0.2454639251949965,0.00024897961322630017,1,60,0.5647205454962594,0.4764526595289891
5,INTERMEDIATE,43,relu,16,0.2454639251949965,0.00024897961322630017,1,60,0.5437571236065456,0.48710971153699434
5,INTERMEDIATE,44,relu,16,0.2454639251949965,0.00024897961322630017,1,60,0.5000313648155758,0.4577748660857861
5,INTERMEDIATE,45,relu,16,0.2454639251949965,0.00024897961322630017,1,60,0.4982758164405823,0.47676929716880506
5,INTERMEDIATE,46,relu,16,0.2454639251949965,0.00024897961322630017,1,60,0.5477974712848663,0.4648083047224925
5,INTERMEDIATE,47,relu,16,0.2454639251949965,0.00024897961322630017,1,60,0.5485671205180032,0.45918758328144366
5,INTERMEDIATE,48,relu,16,0.2454639251949965,0.00024897961322630017,1,60,0.493095691714968,0.4353511184453964
5,INTERMEDIATE,49,relu,16,0.2454639251949965,0.00024897961322630017,1,60,0.4944001989705222,0.430719704582141
5,INTERMEDIATE,50,relu,16,0.2454639251949965,0.00024897961322630017,1,60,0.5731914554323468,0.4793437673495366
5,INTERMEDIATE,51,relu,16,0.2454639251949965,0.00024897961322630017,1,60,0.5589856164796012,0.46258495174921477
5,INTERMEDIATE,52,relu,16,0.2454639251949965,0.00024897961322630017,1,60,0.5280535689422062,0.41139990148636013
5,INTERMEDIATE,53,relu,16,0.2454639251949965,0.00024897961322630017,1,60,0.4914677015372685,0.41198036533135635
5,INTERMEDIATE,54,relu,16,0.2454639251949965,0.00024897961322630017,1,60,0.49922296830586027,0.41272483938015425
5,INTERMEDIATE,55,relu,16,0.2454639251949965,0.00024897961322630017,1,60,0.4906841814517975,0.3673313959286763
5,INTERMEDIATE,56,relu,16,0.2454639251949965,0.00024897961322630017,1,60,0.4658307305404118,0.34019735627449477
5,INTERMEDIATE,57,relu,16,0.2454639251949965,0.00024897961322630017,1,60,0.4672472860131945,0.3445763777081783
5,INTERMEDIATE,58,relu,16,0.2454639251949965,0.00024897961322630017,1,60,0.39928237880979267,0.362962880386756
5,INTERMEDIATE,59,relu,16,0.2454639251949965,0.00024897961322630017,1,60,0.37767219117709566,0.37807051894756466
5,INTERMEDIATE,60,relu,16,0.2454639251949965,0.00024897961322630017,1,60,0.5736779868602753,0.42474595743876237
5,INTERMEDIATE,61,relu,16,0.2454639251949965,0.00024897961322630017,1,60,0.5047586645398822,0.37631269429738706
5,INTERMEDIATE,62,relu,16,0.2454639251949965,0.00024897961322630017,1,60,0.48258781007358004,0.32534735993697095
5,INTERMEDIATE,63,relu,16,0.2454639251949965,0.00024897961322630017,1,60,0.5404096841812134,0.31823395364559615
5,INTERMEDIATE,64,relu,16,0.2454639251949965,0.00024897961322630017,1,60,0.49377489941460745,0.3225414225688347
5,INTERMEDIATE,65,relu,16,0.2454639251949965,0.00024897961322630017,1,60,0.46351054310798645,0.31399198449574983
5,INTERMEDIATE,66,relu,16,0.2454639251949965,0.00024897961322630017,1,60,0.47038657324654715,0.3158823377810992
5,INTERMEDIATE,67,relu,16,0.2454639251949965,0.00024897961322630017,1,60,0.44511660507747103,0.2960894494675673
5,INTERMEDIATE,68,relu,16,0.2454639251949965,0.00024897961322630017,1,60,2.0374760031700134,0.511739966674493
5,INTERMEDIATE,69,relu,16,0.2454639251949965,0.00024897961322630017,1,60,0.5519637422902244,1.3029065980361059
5,INTERMEDIATE,70,relu,16,0.2454639251949965,0.00024897961322630017,1,60,0.5620982476643154,0.7457344308495522
5,INTERMEDIATE,71,relu,16,0.2454639251949965,0.00024897961322630017,1,60,0.48803132346698214,0.48386404720636517
5,INTERMEDIATE,72,relu,16,0.2454639251949965,0.00024897961322630017,1,60,0.458281580890928,0.45432531719024366
5,INTERMEDIATE,73,relu,16,0.2454639251949965,0.00024897961322630017,1,60,0.4770533357347761,0.43966595656596696
5,INTERMEDIATE,74,relu,16,0.2454639251949965,0.00024897961322630017,1,60,0.48030482658318113,0.39989077758330566
5,INTERMEDIATE,75,relu,16,0.2454639251949965,0.00024897961322630017,1,60,0.45581991757665363,0.3929047670501929
5,INTERMEDIATE,76,relu,16,0.2454639251949965,0.00024897961322630017,1,60,0.45615921701703754,0.4259290465941796
5,INTERMEDIATE,77,relu,16,0.2454639251949965,0.00024897961322630017,1,60,0.43394678405353,0.40050153233684027
5,INTERMEDIATE,78,relu,16,0.2454639251949965,0.00024897961322630017,1,60,0.41950767806598116,0.39888026737249815
5,INTERMEDIATE,79,relu,16,0.2454639251949965,0.00024897961322630017,1,60,0.42707681230136324,0.3932017947618778
5,INTERMEDIATE,80,relu,16,0.2454639251949965,0.00024897961322630017,1,60,0.39841807740075247,0.4165424137161328
5,INTERMEDIATE,81,relu,16,0.2454639251949965,0.00024897961322630017,1,60,0.6109054173742022,0.43298637809661716
5,INTERMEDIATE,82,relu,16,0.2454639251949965,0.00024897961322630017,1,60,0.49701482909066336,0.4662308698663345
5,INTERMEDIATE,83,relu,16,0.2454639251949965,0.00024897961322630017,1,60,0.45680272579193115,0.38268588941830856
5,INTERMEDIATE,84,relu,16,0.2454639251949965,0.00024897961322630017,1,60,0.41689124064786093,0.4002602386933107
5,INTERMEDIATE,85,relu,16,0.2454639251949965,0.00024897961322630017,1,60,0.42486134597233366,0.38443000270770145
5,INTERMEDIATE,86,relu,16,0.2454639251949965,0.00024897961322630017,1,60,0.39746360055037905,0.3870351818891672
5,INTERMEDIATE,87,relu,16,0.2454639251949965,0.00024897961322630017,1,60,0.4140884705952236,0.35194091212290984
5,INTERMEDIATE,88,relu,16,0.2454639251949965,0.00024897961322630017,1,60,0.4008969451699938,0.360311175768192
5,INTERMEDIATE,89,relu,16,0.2454639251949965,0.00024897961322630017,1,60,0.38961276199136463,0.3414115963073877
5,INTERMEDIATE,90,relu,16,0.2454639251949965,0.00024897961322630017,1,60,0.3870724503483091,0.3445881416018193
5,INTERMEDIATE,91,relu,16,0.2454639251949965,0.00024897961322630017,1,60,0.3591043949127197,0.330072531906458
5,INTERMEDIATE,92,relu,16,0.2454639251949965,0.00024897961322630017,1,60,0.3610048145055771,0.3376569151878357
5,INTERMEDIATE,93,relu,16,0.2454639251949965,0.00024897961322630017,1,60,0.3541551572935922,0.3301500672331223
5,INTERMEDIATE,94,relu,16,0.2454639251949965,0.00024897961322630017,1,60,0.3836351377623422,0.3418302427117641
5,INTERMEDIATE,95,relu,16,0.2454639251949965,0.00024897961322630017,1,60,0.4090645824159895,0.3349161199652232
5,INTERMEDIATE,96,relu,16,0.2454639251949965,0.00024897961322630017,1,60,0.3627296430724008,0.3303107630748015
5,INTERMEDIATE,97,relu,16,0.2454639251949965,0.00024897961322630017,1,60,0.38307078182697296,0.3293786644935608
5,INTERMEDIATE,98,relu,16,0.2454639251949965,0.00024897961322630017,1,60,0.3841665940625327,0.31572348739092165
5,INTERMEDIATE,99,relu,16,0.2454639251949965,0.00024897961322630017,1,60,0.3632435458047049,0.32622623099730563
5,INTERMEDIATE,100,relu,16,0.2454639251949965,0.00024897961322630017,1,60,0.3489334498132978,0.31341073088921034
5,INTERMEDIATE,101,relu,16,0.2454639251949965,0.00024897961322630017,1,60,0.35407446537699017,0.2979391973752242
5,INTERMEDIATE,102,relu,16,0.2454639251949965,0.00024897961322630017,1,60,0.4263115014348711,0.27646494972018093
5,INTERMEDIATE,103,relu,16,0.2454639251949965,0.00024897961322630017,1,60,0.35550143676144735,0.2736350908302344
5,INTERMEDIATE,104,relu,16,0.2454639251949965,0.00024897961322630017,1,60,0.3233037165233067,0.2732328543296227
5,INTERMEDIATE,105,relu,16,0.2454639251949965,0.00024897961322630017,1,60,0.37574788076536997,0.262506834589518
5,INTERMEDIATE,106,relu,16,0.2454639251949965,0.00024897961322630017,1,60,0.40606822073459625,0.25953000067518306
5,INTERMEDIATE,107,relu,16,0.2454639251949965,0.00024897961322630017,1,60,0.39129806203501566,0.2626412224311095
5,INTERMEDIATE,108,relu,16,0.2454639251949965,0.00024897961322630017,1,60,0.383297792502812,0.24525041648974785
5,INTERMEDIATE,109,relu,16,0.2454639251949965,0.00024897961322630017,1,60,0.3116796293428966,0.24487843077916366
5,INTERMEDIATE,110,relu,16,0.2454639251949965,0.00024897961322630017,1,60,0.305921876004764,0.2806846980865185
5,INTERMEDIATE,111,relu,16,0.2454639251949965,0.00024897961322630017,1,60,0.28879721249852863,0.27120176788706046
5,INTERMEDIATE,112,relu,16,0.2454639251949965,0.00024897961322630017,1,60,0.4055098167487553,0.2539229060594852
5,INTERMEDIATE,113,relu,16,0.2454639251949965,0.00024897961322630017,1,60,0.34945603353636606,0.24141430568236572
5,INTERMEDIATE,114,relu,16,0.2454639251949965,0.00024897961322630017,1,60,0.3558308631181717,0.21738012364277473
5,INTERMEDIATE,115,relu,16,0.2454639251949965,0.00024897961322630017,1,60,0.7542181057589394,0.255236914811226
5,INTERMEDIATE,116,relu,16,0.2454639251949965,0.00024897961322630017,1,60,0.5530060955456325,0.6014841766311572
5,INTERMEDIATE,117,relu,16,0.2454639251949965,0.00024897961322630017,1,60,0.4063009875161307,0.4031405242589804
5,INTERMEDIATE,118,relu,16,0.2454639251949965,0.00024897961322630017,1,60,0.3677531118903841,0.34333765793305177
5,INTERMEDIATE,119,relu,16,0.2454639251949965,0.00024897961322630017,1,60,0.366723826953343,0.3213225029982053
5,INTERMEDIATE,120,relu,16,0.2454639251949965,0.00024897961322630017,1,60,0.3558661618403026,0.3224576092683352
5,INTERMEDIATE,121,relu,16,0.2454639251949965,0.00024897961322630017,1,60,0.3321968402181353,0.31032814200107867
5,INTERMEDIATE,122,relu,16,0.2454639251949965,0.00024897961322630017,1,60,0.34890309614794596,0.3102023183153226
5,INTERMEDIATE,123,relu,16,0.2454639251949965,0.00024897961322630017,1,60,0.32784879207611084,0.2880324053649719
5,INTERMEDIATE,124,relu,16,0.2454639251949965,0.00024897961322630017,1,60,0.3130879934344973,0.28866858379198956
5,INTERMEDIATE,125,relu,16,0.2454639251949965,0.00024897961322630017,1,60,0.28344495807375225,0.2898536550884063
5,INTERMEDIATE,126,relu,16,0.2454639251949965,0.00024897961322630017,1,60,0.3390239860330309,0.2642524116314374
5,INTERMEDIATE,127,relu,16,0.2454639251949965,0.00024897961322630017,1,60,0.2875385561159679,0.25903140237698186
5,INTERMEDIATE,128,relu,16,0.2454639251949965,0.00024897961322630017,1,60,0.271409666963986,0.2248716798539345
5,INTERMEDIATE,129,relu,16,0.2454639251949965,0.00024897961322630017,1,60,0.31970469866480145,0.2343206646350714
5,INTERMEDIATE,130,relu,16,0.2454639251949965,0.00024897961322630017,1,60,0.2717299259134701,0.21612096348634133
5,INTERMEDIATE,131,relu,16,0.2454639251949965,0.00024897961322630017,1,60,0.2942534727709634,0.22537587812313667
5,INTERMEDIATE,132,relu,16,0.2454639251949965,0.00024897961322630017,1,60,0.4621606820396015,0.21621906012296677
5,INTERMEDIATE,133,relu,16,0.2454639251949965,0.00024897961322630017,1,60,0.2706238159111568,0.21687070566874284
5,INTERMEDIATE,134,relu,16,0.2454639251949965,0.00024897961322630017,1,60,0.30343415481703623,0.2055289358473741
5,INTERMEDIATE,135,relu,16,0.2454639251949965,0.00024897961322630017,1,60,0.3302521301167352,0.21994159743189812
5,INTERMEDIATE,136,relu,16,0.2454639251949965,0.00024897961322630017,1,60,0.34435088081019266,0.20670053993280119
5,INTERMEDIATE,137,relu,16,0.2454639251949965,0.00024897961322630017,1,60,0.32009891527039663,0.20912171069246072
5,INTERMEDIATE,138,relu,16,0.2454639251949965,0.00024897961322630017,1,60,0.31435927748680115,0.2187604339650044
5,INTERMEDIATE,139,relu,16,0.2454639251949965,0.00024897961322630017,1,60,0.24996112712791987,0.1930817334124675
5,INTERMEDIATE,140,relu,16,0.2454639251949965,0.00024897961322630017,1,60,0.3065981311457498,0.24204208042759162
5,INTERMEDIATE,141,relu,16,0.2454639251949965,0.00024897961322630017,1,60,0.31652311022792545,0.2324350682588724
5,INTERMEDIATE,142,relu,16,0.2454639251949965,0.00024897961322630017,1,60,0.30838356060641153,0.20513163306392157
5,INTERMEDIATE,143,relu,16,0.2454639251949965,0.00024897961322630017,1,60,0.30450632529599325,0.2225807419476601
5,INTERMEDIATE,144,relu,16,0.2454639251949965,0.00024897961322630017,1,60,0.2888757362961769,0.21047157264099672
5,INTERMEDIATE,145,relu,16,0.2454639251949965,0.00024897961322630017,1,60,0.5265763700008392,1.246753098586431
5,INTERMEDIATE,146,relu,16,0.2454639251949965,0.00024897961322630017,1,60,0.34547552679266247,0.4772391388049492
5,INTERMEDIATE,147,relu,16,0.2454639251949965,0.00024897961322630017,1,60,0.3424655795097351,0.32998427805992275
5,INTERMEDIATE,148,relu,16,0.2454639251949965,0.00024897961322630017,1,60,0.35404046305588316,0.3024242345530253
5,INTERMEDIATE,149,relu,16,0.2454639251949965,0.00024897961322630017,1,60,0.31141892288412365,0.28584060846613
5,INTERMEDIATE,150,relu,16,0.2454639251949965,0.00024897961322630017,1,60,0.3110389709472656,0.2915418973335853
5,INTERMEDIATE,151,relu,16,0.2454639251949965,0.00024897961322630017,1,60,0.3039515210049493,0.2781903806787271
5,INTERMEDIATE,152,relu,16,0.2454639251949965,0.00024897961322630017,1,60,0.30281621643475126,0.2747676424109019
5,INTERMEDIATE,153,relu,16,0.2454639251949965,0.00024897961322630017,1,60,0.3305852434464863,0.27175466830913836
5,INTERMEDIATE,154,relu,16,0.2454639251949965,0.00024897961322630017,1,60,0.28995987666504724,0.26489529844660026
5,INTERMEDIATE,155,relu,16,0.2454639251949965,0.00024897961322630017,1,60,0.31726640462875366,0.2284558117389679
5,INTERMEDIATE,156,relu,16,0.2454639251949965,0.00024897961322630017,1,60,0.3511215788977487,0.24909899326471183
5,INTERMEDIATE,157,relu,16,0.2454639251949965,0.00024897961322630017,1,60,0.29917540507657187,0.27817274486789334
5,INTERMEDIATE,158,relu,16,0.2454639251949965,0.00024897961322630017,1,60,0.2973565714699881,0.22280723974108696
5,INTERMEDIATE,159,relu,16,0.2454639251949965,0.00024897961322630017,1,60,0.31421895750931333,0.24571383085388404
5,INTERMEDIATE,160,relu,16,0.2454639251949965,0.00024897961322630017,1,60,0.29738584586552214,0.2404391595090811
5,INTERMEDIATE,161,relu,16,0.2454639251949965,0.00024897961322630017,1,60,0.28663586718695505,0.22301884969839683
5,INTERMEDIATE,162,relu,16,0.2454639251949965,0.00024897961322630017,1,60,0.2945137023925781,0.2094546238390299
5,INTERMEDIATE,163,relu,16,0.2454639251949965,0.00024897961322630017,1,60,0.3003666954381125,0.20092662968314612
5,INTERMEDIATE,164,relu,16,0.2454639251949965,0.00024897961322630017,1,60,0.3063330075570515,0.21201873799929252
5,INTERMEDIATE,165,relu,16,0.2454639251949965,0.00024897961322630017,1,60,0.3083663880825043,0.23017459792586473
5,INTERMEDIATE,166,relu,16,0.2454639251949965,0.00024897961322630017,1,60,0.2969032568590982,0.22659606142685965
5,INTERMEDIATE,167,relu,16,0.2454639251949965,0.00024897961322630017,1,60,0.27989294486386435,0.23567074078779954
5,INTERMEDIATE,168,relu,16,0.2454639251949965,0.00024897961322630017,1,60,0.29015488283974783,0.2194134580114713
5,INTERMEDIATE,169,relu,16,0.2454639251949965,0.00024897961322630017,1,60,0.2668873704969883,0.21429833110708457
5,INTERMEDIATE,170,relu,16,0.2454639251949965,0.00024897961322630017,1,60,0.267793602177075,0.19512811647011682
5,INTERMEDIATE,171,relu,16,0.2454639251949965,0.00024897961322630017,1,60,0.27660873745168957,0.19206766784191132
5,INTERMEDIATE,172,relu,16,0.2454639251949965,0.00024897961322630017,1,60,0.2695139678461211,0.18765206907231075
5,INTERMEDIATE,173,relu,16,0.2454639251949965,0.00024897961322630017,1,60,0.26567149588039946,0.2003117804057323
5,INTERMEDIATE,174,relu,16,0.2454639251949965,0.00024897961322630017,1,60,0.280605534357684,0.18216877129788583
5,INTERMEDIATE,175,relu,16,0.2454639251949965,0.00024897961322630017,1,60,0.25583258271217346,0.20130795612931252
5,INTERMEDIATE,176,relu,16,0.2454639251949965,0.00024897961322630017,1,60,0.24195992520877294,0.1966085138802345
5,INTERMEDIATE,177,relu,16,0.2454639251949965,0.00024897961322630017,1,60,0.25937806495598387,0.1924826421130162
5,INTERMEDIATE,178,relu,16,0.2454639251949965,0.00024897961322630017,1,60,0.27491763659885954,0.17988485470414162
5,INTERMEDIATE,179,relu,16,0.2454639251949965,0.00024897961322630017,1,60,0.2436064247574125,0.18425998134681812
5,INTERMEDIATE,180,relu,16,0.2454639251949965,0.00024897961322630017,1,60,0.27279119406427654,0.1963709554133507
5,INTERMEDIATE,181,relu,16,0.2454639251949965,0.00024897961322630017,1,60,0.25127292637314114,0.19257926023923433
5,INTERMEDIATE,182,relu,16,0.2454639251949965,0.00024897961322630017,1,60,0.286216744354793,0.1830534363308778
5,INTERMEDIATE,183,relu,16,0.2454639251949965,0.00024897961322630017,1,60,0.23384932641472136,0.18214721203996584
5,INTERMEDIATE,184,relu,16,0.2454639251949965,0.00024897961322630017,1,60,0.2641043152127947,0.16549981012940407
5,INTERMEDIATE,185,relu,16,0.2454639251949965,0.00024897961322630017,1,60,0.25643617127622875,0.16163592885893124
5,INTERMEDIATE,186,relu,16,0.2454639251949965,0.00024897961322630017,1,60,0.25933544018438887,0.1884758246059601
5,INTERMEDIATE,187,relu,16,0.2454639251949965,0.00024897961322630017,1,60,0.2526157061968531,0.1869282923065699
5,INTERMEDIATE,188,relu,16,0.2454639251949965,0.00024897961322630017,1,60,0.27627524946417126,0.17144862634058183
5,INTERMEDIATE,189,relu,16,0.2454639251949965,0.00024897961322630017,1,60,0.24321539167846953,0.17392903265471643
5,INTERMEDIATE,190,relu,16,0.2454639251949965,0.00024897961322630017,1,60,0.24926703849009105,0.1596447043120861
5,INTERMEDIATE,191,relu,16,0.2454639251949965,0.00024897961322630017,1,60,0.2777975414480482,0.16792566393716976
5,INTERMEDIATE,192,relu,16,0.2454639251949965,0.00024897961322630017,1,60,0.21945298835635185,0.17077574979227322
5,INTERMEDIATE,193,relu,16,0.2454639251949965,0.00024897961322630017,1,60,0.21073329129389354,0.18569971391787896
5,INTERMEDIATE,194,relu,16,0.2454639251949965,0.00024897961322630017,1,60,0.22709846922329494,0.17137132542064556
5,INTERMEDIATE,195,relu,16,0.2454639251949965,0.00024897961322630017,1,60,0.21919980804835046,0.14705095891482556
5,INTERMEDIATE,196,relu,16,0.2454639251949965,0.00024897961322630017,1,60,0.23074175736733846,0.16707903906129873
5,INTERMEDIATE,197,relu,16,0.2454639251949965,0.00024897961322630017,1,60,0.2447165154985019,0.14474264417703336
5,INTERMEDIATE,198,relu,16,0.2454639251949965,0.00024897961322630017,1,60,0.23892805406025477,0.16932937445548865
5,INTERMEDIATE,199,relu,16,0.2454639251949965,0.00024897961322630017,1,60,0.21388560001339232,0.14881823312204617
5,COMPLETED,199,relu,16,0.2454639251949965,0.00024897961322630017,1,60,0.21073329129389354,0.18569971391787896
6,INTERMEDIATE,0,relu,64,0.28022200309204126,0.0003083218796464259,1,45,1.62409508228302,1.6387812750680106
6,INTERMEDIATE,1,relu,64,0.28022200309204126,0.0003083218796464259,1,45,1.6226416230201721,1.6348663568496704
6,INTERMEDIATE,2,relu,64,0.28022200309204126,0.0003083218796464259,1,45,1.6223024725914001,1.6295843464987618
6,INTERMEDIATE,3,relu,64,0.28022200309204126,0.0003083218796464259,1,45,1.6132444739341736,1.6285989454814367
6,INTERMEDIATE,4,relu,64,0.28022200309204126,0.0003083218796464259,1,45,1.6111953258514404,1.6234875747135706
6,INTERMEDIATE,5,relu,64,0.28022200309204126,0.0003083218796464259,1,45,1.6114377975463867,1.6187279394694738
6,INTERMEDIATE,6,relu,64,0.28022200309204126,0.0003083218796464259,1,45,1.611678957939148,1.6122166429247176
6,INTERMEDIATE,7,relu,64,0.28022200309204126,0.0003083218796464259,1,45,1.6011157035827637,1.6055065563746862
6,INTERMEDIATE,8,relu,64,0.28022200309204126,0.0003083218796464259,1,45,1.5988150835037231,1.597469517162868
6,INTERMEDIATE,9,relu,64,0.28022200309204126,0.0003083218796464259,1,45,1.5809960961341858,1.5867764098303658
6,INTERMEDIATE,10,relu,64,0.28022200309204126,0.0003083218796464259,1,45,1.5778578519821167,1.5730910471507482
6,INTERMEDIATE,11,relu,64,0.28022200309204126,0.0003083218796464259,1,45,1.550957202911377,1.5507227182388306
6,INTERMEDIATE,12,relu,64,0.28022200309204126,0.0003083218796464259,1,45,1.527266502380371,1.5243545259748186
6,INTERMEDIATE,13,relu,64,0.28022200309204126,0.0003083218796464259,1,45,1.495509684085846,1.4781807831355505
6,INTERMEDIATE,14,relu,64,0.28022200309204126,0.0003083218796464259,1,45,1.466465950012207,1.4210406712123327
6,INTERMEDIATE,15,relu,64,0.28022200309204126,0.0003083218796464259,1,45,1.42317396402359,1.3877502509525843
6,INTERMEDIATE,16,relu,64,0.28022200309204126,0.0003083218796464259,1,45,1.3974993824958801,1.3483714376177107
6,INTERMEDIATE,17,relu,64,0.28022200309204126,0.0003083218796464259,1,45,1.3648157119750977,1.3106003318514143
6,INTERMEDIATE,18,relu,64,0.28022200309204126,0.0003083218796464259,1,45,1.3395114541053772,1.2666972194399153
6,INTERMEDIATE,19,relu,64,0.28022200309204126,0.0003083218796464259,1,45,1.3216365575790405,1.2444887161254883
6,INTERMEDIATE,20,relu,64,0.28022200309204126,0.0003083218796464259,1,45,1.2973788380622864,1.2188113927841187
6,INTERMEDIATE,21,relu,64,0.28022200309204126,0.0003083218796464259,1,45,1.2752878665924072,1.1706571068082536
6,INTERMEDIATE,22,relu,64,0.28022200309204126,0.0003083218796464259,1,45,1.2503271102905273,1.1424054077693395
6,INTERMEDIATE,23,relu,64,0.28022200309204126,0.0003083218796464259,1,45,1.2147340774536133,1.1207805190767561
6,INTERMEDIATE,24,relu,64,0.28022200309204126,0.0003083218796464259,1,45,1.225055754184723,1.0969986745289393
6,INTERMEDIATE,25,relu,64,0.28022200309204126,0.0003083218796464259,1,45,1.189018189907074,1.0795218007905143
6,INTERMEDIATE,26,relu,64,0.28022200309204126,0.0003083218796464259,1,45,1.1951984167099,1.0510636738368444
6,INTERMEDIATE,27,relu,64,0.28022200309204126,0.0003083218796464259,1,45,1.1756397485733032,1.0478409699031286
6,INTERMEDIATE,28,relu,64,0.28022200309204126,0.0003083218796464259,1,45,1.1375070810317993,1.0180519563811166
6,INTERMEDIATE,29,relu,64,0.28022200309204126,0.0003083218796464259,1,45,1.1514926552772522,1.0166418041501726
6,INTERMEDIATE,30,relu,64,0.28022200309204126,0.0003083218796464259,1,45,1.166385531425476,1.0007426738739014
6,INTERMEDIATE,31,relu,64,0.28022200309204126,0.0003083218796464259,1,45,1.160952091217041,0.9967980469976153
6,INTERMEDIATE,32,relu,64,0.28022200309204126,0.0003083218796464259,1,45,1.1168737411499023,0.9735354951449803
6,INTERMEDIATE,33,relu,64,0.28022200309204126,0.0003083218796464259,1,45,1.1174351572990417,0.9618676049368722
6,INTERMEDIATE,34,relu,64,0.28022200309204126,0.0003083218796464259,1,45,1.1236286759376526,0.9553194046020508
6,INTERMEDIATE,35,relu,64,0.28022200309204126,0.0003083218796464259,1,45,1.0758127570152283,0.9584043451717922
6,INTERMEDIATE,36,relu,64,0.28022200309204126,0.0003083218796464259,1,45,1.094649612903595,0.9519983189446586
6,INTERMEDIATE,37,relu,64,0.28022200309204126,0.0003083218796464259,1,45,1.129555195569992,0.937269423689161
6,INTERMEDIATE,38,relu,64,0.28022200309204126,0.0003083218796464259,1,45,1.067965805530548,0.9279987812042236
6,INTERMEDIATE,39,relu,64,0.28022200309204126,0.0003083218796464259,1,45,1.039731651544571,0.9247552922793797
6,INTERMEDIATE,40,relu,64,0.28022200309204126,0.0003083218796464259,1,45,1.061962515115738,0.9227363892963955
6,INTERMEDIATE,41,relu,64,0.28022200309204126,0.0003083218796464259,1,45,1.0251769423484802,0.9054730449404035
6,INTERMEDIATE,42,relu,64,0.28022200309204126,0.0003083218796464259,1,45,1.019615352153778,0.9011686188834054
6,INTERMEDIATE,43,relu,64,0.28022200309204126,0.0003083218796464259,1,45,1.0288217961788177,0.8903267298425946
6,INTERMEDIATE,44,relu,64,0.28022200309204126,0.0003083218796464259,1,45,1.0043133199214935,0.8721711891038078
6,INTERMEDIATE,45,relu,64,0.28022200309204126,0.0003083218796464259,1,45,0.9971954822540283,0.8647632002830505
6,INTERMEDIATE,46,relu,64,0.28022200309204126,0.0003083218796464259,1,45,0.9927121102809906,0.8567480870655605
6,INTERMEDIATE,47,relu,64,0.28022200309204126,0.0003083218796464259,1,45,0.9544774293899536,0.8553267887660435
6,INTERMEDIATE,48,relu,64,0.28022200309204126,0.0003083218796464259,1,45,0.969626396894455,0.8466897436550685
6,INTERMEDIATE,49,relu,64,0.28022200309204126,0.0003083218796464259,1,45,0.9813120663166046,0.8408634747777667
6,INTERMEDIATE,50,relu,64,0.28022200309204126,0.0003083218796464259,1,45,0.9462812840938568,0.8510624936648777
6,INTERMEDIATE,51,relu,64,0.28022200309204126,0.0003083218796464259,1,45,0.9370202720165253,0.8235739469528198
6,INTERMEDIATE,52,relu,64,0.28022200309204126,0.0003083218796464259,1,45,0.9427773058414459,0.823330819606781
6,INTERMEDIATE,53,relu,64,0.28022200309204126,0.0003083218796464259,1,45,0.9226855039596558,0.8382690037999835
6,INTERMEDIATE,54,relu,64,0.28022200309204126,0.0003083218796464259,1,45,0.9150714576244354,0.8241272398403713
6,INTERMEDIATE,55,relu,64,0.28022200309204126,0.0003083218796464259,1,45,0.9106842577457428,0.7997098054204669
6,INTERMEDIATE,56,relu,64,0.28022200309204126,0.0003083218796464259,1,45,0.8883996307849884,0.7707046696117946
6,INTERMEDIATE,57,relu,64,0.28022200309204126,0.0003083218796464259,1,45,0.8845971524715424,0.7866636514663696
6,INTERMEDIATE,58,relu,64,0.28022200309204126,0.0003083218796464259,1,45,0.8770716786384583,0.7631284083638873
6,INTERMEDIATE,59,relu,64,0.28022200309204126,0.0003083218796464259,1,45,0.8522199392318726,0.769340455532074
6,INTERMEDIATE,60,relu,64,0.28022200309204126,0.0003083218796464259,1,45,0.8325092196464539,0.7645445466041565
6,INTERMEDIATE,61,relu,64,0.28022200309204126,0.0003083218796464259,1,45,0.8562142252922058,0.7581654191017151
6,INTERMEDIATE,62,relu,64,0.28022200309204126,0.0003083218796464259,1,45,0.8392622768878937,0.7632920656885419
6,INTERMEDIATE,63,relu,64,0.28022200309204126,0.0003083218796464259,1,45,0.8497838079929352,0.7625536152294704
6,INTERMEDIATE,64,relu,64,0.28022200309204126,0.0003083218796464259,1,45,0.8120652437210083,0.7206850647926331
6,INTERMEDIATE,65,relu,64,0.28022200309204126,0.0003083218796464259,1,45,0.7931748926639557,0.7370725955281939
6,INTERMEDIATE,66,relu,64,0.28022200309204126,0.0003083218796464259,1,45,0.8046445250511169,0.7406196083341327
6,INTERMEDIATE,67,relu,64,0.28022200309204126,0.0003083218796464259,1,45,0.8099137246608734,0.7145920140402657
6,INTERMEDIATE,68,relu,64,0.28022200309204126,0.0003083218796464259,1,45,0.7815224230289459,0.7071536183357239
6,INTERMEDIATE,69,relu,64,0.28022200309204126,0.0003083218796464259,1,45,0.7507297694683075,0.6981362274714878
6,INTERMEDIATE,70,relu,64,0.28022200309204126,0.0003083218796464259,1,45,0.7699234783649445,0.7119889344487872
6,INTERMEDIATE,71,relu,64,0.28022200309204126,0.0003083218796464259,1,45,0.753406822681427,0.6719247783933368
6,INTERMEDIATE,72,relu,64,0.28022200309204126,0.0003083218796464259,1,45,0.7581059038639069,0.672827959060669
6,INTERMEDIATE,73,relu,64,0.28022200309204126,0.0003083218796464259,1,45,0.7413698136806488,0.6712664025170463
6,INTERMEDIATE,74,relu,64,0.28022200309204126,0.0003083218796464259,1,45,0.7502658367156982,0.6646331463541303
6,INTERMEDIATE,75,relu,64,0.28022200309204126,0.0003083218796464259,1,45,0.7178421020507812,0.6475652626582554
6,INTERMEDIATE,76,relu,64,0.28022200309204126,0.0003083218796464259,1,45,0.7107580602169037,0.656467684677669
6,INTERMEDIATE,77,relu,64,0.28022200309204126,0.0003083218796464259,1,45,0.702261209487915,0.643403947353363
6,INTERMEDIATE,78,relu,64,0.28022200309204126,0.0003083218796464259,1,45,0.6875298619270325,0.6251287375177655
6,INTERMEDIATE,79,relu,64,0.28022200309204126,0.0003083218796464259,1,45,0.6812792420387268,0.6269139647483826
6,INTERMEDIATE,80,relu,64,0.28022200309204126,0.0003083218796464259,1,45,0.6603656113147736,0.6044372660773141
6,INTERMEDIATE,81,relu,64,0.28022200309204126,0.0003083218796464259,1,45,0.6698213517665863,0.6145440254892621
6,INTERMEDIATE,82,relu,64,0.28022200309204126,0.0003083218796464259,1,45,0.6729028820991516,0.6144264680998666
6,INTERMEDIATE,83,relu,64,0.28022200309204126,0.0003083218796464259,1,45,0.6588513851165771,0.5951160447938102
6,INTERMEDIATE,84,relu,64,0.28022200309204126,0.0003083218796464259,1,45,0.6338900923728943,0.5825280461992536
6,INTERMEDIATE,85,relu,64,0.28022200309204126,0.0003083218796464259,1,45,0.6316149830818176,0.5845949011189597
6,INTERMEDIATE,86,relu,64,0.28022200309204126,0.0003083218796464259,1,45,0.6241692304611206,0.5581925128187452
6,INTERMEDIATE,87,relu,64,0.28022200309204126,0.0003083218796464259,1,45,0.6329951286315918,0.5732365080288478
6,INTERMEDIATE,88,relu,64,0.28022200309204126,0.0003083218796464259,1,45,0.6176896691322327,0.5884873356137957
6,INTERMEDIATE,89,relu,64,0.28022200309204126,0.0003083218796464259,1,45,0.6266045868396759,0.5713240674563816
6,INTERMEDIATE,90,relu,64,0.28022200309204126,0.0003083218796464259,1,45,0.5918079614639282,0.5487913915089199
6,INTERMEDIATE,91,relu,64,0.28022200309204126,0.0003083218796464259,1,45,0.5739508271217346,0.5411352728094373
6,INTERMEDIATE,92,relu,64,0.28022200309204126,0.0003083218796464259,1,45,0.5802070796489716,0.5434926152229309
6,INTERMEDIATE,93,relu,64,0.28022200309204126,0.0003083218796464259,1,45,0.5775185525417328,0.5060810106141227
6,INTERMEDIATE,94,relu,64,0.28022200309204126,0.0003083218796464259,1,45,0.558313399553299,0.515999470438276
6,INTERMEDIATE,95,relu,64,0.28022200309204126,0.0003083218796464259,1,45,0.5560413599014282,0.5276012080056327
6,INTERMEDIATE,96,relu,64,0.28022200309204126,0.0003083218796464259,1,45,0.5450106263160706,0.5117651011262622
6,INTERMEDIATE,97,relu,64,0.28022200309204126,0.0003083218796464259,1,45,0.5424252450466156,0.505252263375691
6,INTERMEDIATE,98,relu,64,0.28022200309204126,0.0003083218796464259,1,45,0.5453448295593262,0.502505898475647
6,INTERMEDIATE,99,relu,64,0.28022200309204126,0.0003083218796464259,1,45,0.5567041635513306,0.5061186126300267
6,INTERMEDIATE,100,relu,64,0.28022200309204126,0.0003083218796464259,1,45,0.5189589262008667,0.49571190987314495
6,INTERMEDIATE,101,relu,64,0.28022200309204126,0.0003083218796464259,1,45,0.5114757716655731,0.4912139858518328
6,INTERMEDIATE,102,relu,64,0.28022200309204126,0.0003083218796464259,1,45,0.4920079857110977,0.47242033055850435
6,INTERMEDIATE,103,relu,64,0.28022200309204126,0.0003083218796464259,1,45,0.47983117401599884,0.48313806312424795
6,INTERMEDIATE,104,relu,64,0.28022200309204126,0.0003083218796464259,1,45,0.4695797264575958,0.45399353333881926
6,INTERMEDIATE,105,relu,64,0.28022200309204126,0.0003083218796464259,1,45,0.46563559770584106,0.44639547382082256
6,INTERMEDIATE,106,relu,64,0.28022200309204126,0.0003083218796464259,1,45,0.4598439782857895,0.448680260351726
6,INTERMEDIATE,107,relu,64,0.28022200309204126,0.0003083218796464259,1,45,0.4603904187679291,0.45466592482158114
6,INTERMEDIATE,108,relu,64,0.28022200309204126,0.0003083218796464259,1,45,0.4553917795419693,0.4332269770758493
6,INTERMEDIATE,109,relu,64,0.28022200309204126,0.0003083218796464259,1,45,0.4396344721317291,0.4037563715662275
6,INTERMEDIATE,110,relu,64,0.28022200309204126,0.0003083218796464259,1,45,0.4616615027189255,0.43249854019709993
6,INTERMEDIATE,111,relu,64,0.28022200309204126,0.0003083218796464259,1,45,0.4621885418891907,0.41240133132253376
6,INTERMEDIATE,112,relu,64,0.28022200309204126,0.0003083218796464259,1,45,0.44276776909828186,0.41196389709200176
6,INTERMEDIATE,113,relu,64,0.28022200309204126,0.0003083218796464259,1,45,0.45868465304374695,0.4427128689629691
6,INTERMEDIATE,114,relu,64,0.28022200309204126,0.0003083218796464259,1,45,0.3928799629211426,0.4421916391168322
6,INTERMEDIATE,115,relu,64,0.28022200309204126,0.0003083218796464259,1,45,0.3962731659412384,0.4133423481668745
6,INTERMEDIATE,116,relu,64,0.28022200309204126,0.0003083218796464259,1,45,0.44192543625831604,0.40702785764421734
6,INTERMEDIATE,117,relu,64,0.28022200309204126,0.0003083218796464259,1,45,0.4127434939146042,0.43201942103249685
6,INTERMEDIATE,118,relu,64,0.28022200309204126,0.0003083218796464259,1,45,0.3965418189764023,0.4087611905166081
6,INTERMEDIATE,119,relu,64,0.28022200309204126,0.0003083218796464259,1,45,0.4261377304792404,0.3965844597135271
6,INTERMEDIATE,120,relu,64,0.28022200309204126,0.0003083218796464259,1,45,0.39534004032611847,0.35552363310541424
6,INTERMEDIATE,121,relu,64,0.28022200309204126,0.0003083218796464259,1,45,0.3969615399837494,0.3576628012316568
6,INTERMEDIATE,122,relu,64,0.28022200309204126,0.0003083218796464259,1,45,0.3850720375776291,0.345246889761516
6,INTERMEDIATE,123,relu,64,0.28022200309204126,0.0003083218796464259,1,45,0.42858442664146423,0.38038223130362375
6,INTERMEDIATE,124,relu,64,0.28022200309204126,0.0003083218796464259,1,45,0.43943123519420624,0.3509381775345121
6,INTERMEDIATE,125,relu,64,0.28022200309204126,0.0003083218796464259,1,45,0.3871491253376007,0.3207423857280186
6,INTERMEDIATE,126,relu,64,0.28022200309204126,0.0003083218796464259,1,45,0.39814187586307526,0.33308735489845276
6,INTERMEDIATE,127,relu,64,0.28022200309204126,0.0003083218796464259,1,45,0.35890573263168335,0.3159362886633192
6,INTERMEDIATE,128,relu,64,0.28022200309204126,0.0003083218796464259,1,45,0.37409481406211853,0.3382443870816912
6,INTERMEDIATE,129,relu,64,0.28022200309204126,0.0003083218796464259,1,45,0.3766281455755234,0.32624668734414236
6,INTERMEDIATE,130,relu,64,0.28022200309204126,0.0003083218796464259,1,45,0.4179084748029709,0.3167749983923776
6,INTERMEDIATE,131,relu,64,0.28022200309204126,0.0003083218796464259,1,45,0.36244867742061615,0.3178224435874394
6,INTERMEDIATE,132,relu,64,0.28022200309204126,0.0003083218796464259,1,45,0.3767945319414139,0.30793362855911255
6,INTERMEDIATE,133,relu,64,0.28022200309204126,0.0003083218796464259,1,45,0.3241957724094391,0.33065968326159884
6,INTERMEDIATE,134,relu,64,0.28022200309204126,0.0003083218796464259,1,45,0.32759808003902435,0.3060479313135147
6,INTERMEDIATE,135,relu,64,0.28022200309204126,0.0003083218796464259,1,45,0.3437449485063553,0.3245488256216049
6,INTERMEDIATE,136,relu,64,0.28022200309204126,0.0003083218796464259,1,45,0.3507903963327408,0.3166599188532148
6,INTERMEDIATE,137,relu,64,0.28022200309204126,0.0003083218796464259,1,45,0.36077582836151123,0.3124813990933554
6,INTERMEDIATE,138,relu,64,0.28022200309204126,0.0003083218796464259,1,45,0.4075467735528946,0.29805804789066315
6,INTERMEDIATE,139,relu,64,0.28022200309204126,0.0003083218796464259,1,45,0.37493419647216797,0.29041197896003723
6,INTERMEDIATE,140,relu,64,0.28022200309204126,0.0003083218796464259,1,45,0.3374300077557564,0.24682882215295518
6,INTERMEDIATE,141,relu,64,0.28022200309204126,0.0003083218796464259,1,45,0.32441411912441254,0.24605619694505418
6,INTERMEDIATE,142,relu,64,0.28022200309204126,0.0003083218796464259,1,45,0.3330819755792618,0.25398108788899015
6,INTERMEDIATE,143,relu,64,0.28022200309204126,0.0003083218796464259,1,45,0.42752814292907715,0.23556228194917953
6,INTERMEDIATE,144,relu,64,0.28022200309204126,0.0003083218796464259,1,45,0.3252518028020859,0.25036327966621946
6,INTERMEDIATE,145,relu,64,0.28022200309204126,0.0003083218796464259,1,45,0.3192500174045563,0.25356075167655945
6,INTERMEDIATE,146,relu,64,0.28022200309204126,0.0003083218796464259,1,45,0.3318168371915817,0.272622891834804
6,INTERMEDIATE,147,relu,64,0.28022200309204126,0.0003083218796464259,1,45,0.36688730865716934,0.2563504640545164
6,INTERMEDIATE,148,relu,64,0.28022200309204126,0.0003083218796464259,1,45,0.3001575320959091,0.24086312311036245
6,INTERMEDIATE,149,relu,64,0.28022200309204126,0.0003083218796464259,1,45,0.26459527015686035,0.23446311482361384
6,INTERMEDIATE,150,relu,64,0.28022200309204126,0.0003083218796464259,1,45,0.2728383466601372,0.21353524710450852
6,INTERMEDIATE,151,relu,64,0.28022200309204126,0.0003083218796464259,1,45,0.28284359723329544,0.2329062351158687
6,INTERMEDIATE,152,relu,64,0.28022200309204126,0.0003083218796464259,1,45,0.29253892600536346,0.24567094445228577
6,INTERMEDIATE,153,relu,64,0.28022200309204126,0.0003083218796464259,1,45,0.25455527752637863,0.23690305650234222
6,INTERMEDIATE,154,relu,64,0.28022200309204126,0.0003083218796464259,1,45,0.2793958783149719,0.22443537626947677
6,INTERMEDIATE,155,relu,64,0.28022200309204126,0.0003083218796464259,1,45,0.3292688801884651,0.21006200781890325
6,INTERMEDIATE,156,relu,64,0.28022200309204126,0.0003083218796464259,1,45,0.24162380397319794,0.22437367268971034
6,INTERMEDIATE,157,relu,64,0.28022200309204126,0.0003083218796464259,1,45,0.23251862823963165,0.20061162327017104
6,INTERMEDIATE,158,relu,64,0.28022200309204126,0.0003083218796464259,1,45,0.2822524160146713,0.20887813610689981
6,INTERMEDIATE,159,relu,64,0.28022200309204126,0.0003083218796464259,1,45,0.22585710138082504,0.2009886779955455
6,INTERMEDIATE,160,relu,64,0.28022200309204126,0.0003083218796464259,1,45,0.2102746143937111,0.1887566904936518
6,INTERMEDIATE,161,relu,64,0.28022200309204126,0.0003083218796464259,1,45,0.2481260970234871,0.18402089178562164
6,INTERMEDIATE,162,relu,64,0.28022200309204126,0.0003083218796464259,1,45,0.2677234932780266,0.15896570682525635
6,INTERMEDIATE,163,relu,64,0.28022200309204126,0.0003083218796464259,1,45,0.25832928717136383,0.1676638126373291
6,INTERMEDIATE,164,relu,64,0.28022200309204126,0.0003083218796464259,1,45,0.24928346276283264,0.17864092226539338
6,INTERMEDIATE,165,relu,64,0.28022200309204126,0.0003083218796464259,1,45,0.20348503440618515,0.19395805256707327
6,INTERMEDIATE,166,relu,64,0.28022200309204126,0.0003083218796464259,1,45,0.18344317004084587,0.17274225609643118
6,INTERMEDIATE,167,relu,64,0.28022200309204126,0.0003083218796464259,1,45,0.22648859024047852,0.15054406012807572
6,INTERMEDIATE,168,relu,64,0.28022200309204126,0.0003083218796464259,1,45,0.1971791312098503,0.15302813266004836
6,INTERMEDIATE,169,relu,64,0.28022200309204126,0.0003083218796464259,1,45,0.203940711915493,0.16168318582432611
6,INTERMEDIATE,170,relu,64,0.28022200309204126,0.0003083218796464259,1,45,0.19629862159490585,0.14746341109275818
6,INTERMEDIATE,171,relu,64,0.28022200309204126,0.0003083218796464259,1,45,0.28296632319688797,0.2594316580465862
6,INTERMEDIATE,172,relu,64,0.28022200309204126,0.0003083218796464259,1,45,0.5929271429777145,0.21949664503335953
6,INTERMEDIATE,173,relu,64,0.28022200309204126,0.0003083218796464259,1,45,0.37216295301914215,0.37904588665281025
6,INTERMEDIATE,174,relu,64,0.28022200309204126,0.0003083218796464259,1,45,0.2639010176062584,0.20777992052691324
6,INTERMEDIATE,175,relu,64,0.28022200309204126,0.0003083218796464259,1,45,0.2779430076479912,0.21470011983598983
6,INTERMEDIATE,176,relu,64,0.28022200309204126,0.0003083218796464259,1,45,0.2762685790657997,0.1623553495321955
6,INTERMEDIATE,177,relu,64,0.28022200309204126,0.0003083218796464259,1,45,0.38776828348636627,0.19783632350819452
6,INTERMEDIATE,178,relu,64,0.28022200309204126,0.0003083218796464259,1,45,0.31688180565834045,0.22569353665624345
6,INTERMEDIATE,179,relu,64,0.28022200309204126,0.0003083218796464259,1,45,0.3090894892811775,0.21460954419204167
6,INTERMEDIATE,180,relu,64,0.28022200309204126,0.0003083218796464259,1,45,0.22444213181734085,0.17432420807225363
6,INTERMEDIATE,181,relu,64,0.28022200309204126,0.0003083218796464259,1,45,0.2420474924147129,0.164927282503673
6,INTERMEDIATE,182,relu,64,0.28022200309204126,0.0003083218796464259,1,45,0.2428332418203354,0.18241905740329198
6,INTERMEDIATE,183,relu,64,0.28022200309204126,0.0003083218796464259,1,45,0.20887815952301025,0.1596952485186713
6,INTERMEDIATE,184,relu,64,0.28022200309204126,0.0003083218796464259,1,45,0.27441293746232986,0.18575315390314376
6,INTERMEDIATE,185,relu,64,0.28022200309204126,0.0003083218796464259,1,45,0.24868296086788177,0.1693631878920964
6,INTERMEDIATE,186,relu,64,0.28022200309204126,0.0003083218796464259,1,45,0.27926265448331833,0.1628180050424167
6,INTERMEDIATE,187,relu,64,0.28022200309204126,0.0003083218796464259,1,45,0.20293980091810226,0.18002995316471374
6,INTERMEDIATE,188,relu,64,0.28022200309204126,0.0003083218796464259,1,45,0.2294568456709385,0.1497503316828183
6,INTERMEDIATE,189,relu,64,0.28022200309204126,0.0003083218796464259,1,45,0.19623637571930885,0.13590088486671448
6,INTERMEDIATE,190,relu,64,0.28022200309204126,0.0003083218796464259,1,45,0.20656351000070572,0.14524525723287038
6,INTERMEDIATE,191,relu,64,0.28022200309204126,0.0003083218796464259,1,45,0.26498084142804146,0.14361778859581267
6,INTERMEDIATE,192,relu,64,0.28022200309204126,0.0003083218796464259,1,45,0.20685697346925735,0.15627556081329072
6,INTERMEDIATE,193,relu,64,0.28022200309204126,0.0003083218796464259,1,45,0.23267940431833267,0.12440836536032814
6,INTERMEDIATE,194,relu,64,0.28022200309204126,0.0003083218796464259,1,45,0.23963727056980133,0.13654076840196336
6,INTERMEDIATE,195,relu,64,0.28022200309204126,0.0003083218796464259,1,45,0.2774321846663952,0.1165278170789991
6,INTERMEDIATE,196,relu,64,0.28022200309204126,0.0003083218796464259,1,45,0.2373400628566742,0.10420693670000349
6,INTERMEDIATE,197,relu,64,0.28022200309204126,0.0003083218796464259,1,45,0.22389470785856247,0.11714339362723487
6,INTERMEDIATE,198,relu,64,0.28022200309204126,0.0003083218796464259,1,45,0.20811190456151962,0.11825991847685405
6,INTERMEDIATE,199,relu,64,0.28022200309204126,0.0003083218796464259,1,45,0.2651553228497505,0.10395252438528198
6,COMPLETED,199,relu,64,0.28022200309204126,0.0003083218796464259,1,45,0.18344317004084587,0.17274225609643118
7,INTERMEDIATE,0,relu,64,0.1281060990621605,0.00022682055790073023,3,34,1.6198037266731262,1.632317134312221
7,INTERMEDIATE,1,relu,64,0.1281060990621605,0.00022682055790073023,3,34,1.6159863471984863,1.6330266509737288
7,INTERMEDIATE,2,relu,64,0.1281060990621605,0.00022682055790073023,3,34,1.6148779392242432,1.628505791936602
7,INTERMEDIATE,3,relu,64,0.1281060990621605,0.00022682055790073023,3,34,1.6134880781173706,1.622150489262172
7,INTERMEDIATE,4,relu,64,0.1281060990621605,0.00022682055790073023,3,34,1.6116116642951965,1.614742568561009
7,INTERMEDIATE,5,relu,64,0.1281060990621605,0.00022682055790073023,3,34,1.608396053314209,1.615647860935756
7,INTERMEDIATE,6,relu,64,0.1281060990621605,0.00022682055790073023,3,34,1.6112123131752014,1.6125512634004866
7,INTERMEDIATE,7,relu,64,0.1281060990621605,0.00022682055790073023,3,34,1.6091840863227844,1.606900760105678
7,INTERMEDIATE,8,relu,64,0.1281060990621605,0.00022682055790073023,3,34,1.5997670888900757,1.600326078278678
7,INTERMEDIATE,9,relu,64,0.1281060990621605,0.00022682055790073023,3,34,1.6029152274131775,1.5939751693180628
7,INTERMEDIATE,10,relu,64,0.1281060990621605,0.00022682055790073023,3,34,1.5966035723686218,1.5889367376055037
7,INTERMEDIATE,11,relu,64,0.1281060990621605,0.00022682055790073023,3,34,1.5886661410331726,1.5753389596939087
7,INTERMEDIATE,12,relu,64,0.1281060990621605,0.00022682055790073023,3,34,1.5783188343048096,1.561684216771807
7,INTERMEDIATE,13,relu,64,0.1281060990621605,0.00022682055790073023,3,34,1.5726142525672913,1.548255205154419
7,INTERMEDIATE,14,relu,64,0.1281060990621605,0.00022682055790073023,3,34,1.5674641728401184,1.5246079989842005
7,INTERMEDIATE,15,relu,64,0.1281060990621605,0.00022682055790073023,3,34,1.557344913482666,1.5021690470831734
7,INTERMEDIATE,16,relu,64,0.1281060990621605,0.00022682055790073023,3,34,1.537759244441986,1.4766260896410262
7,INTERMEDIATE,17,relu,64,0.1281060990621605,0.00022682055790073023,3,34,1.5146366953849792,1.4478025436401367
7,INTERMEDIATE,18,relu,64,0.1281060990621605,0.00022682055790073023,3,34,1.4720097184181213,1.4107542548860823
7,INTERMEDIATE,19,relu,64,0.1281060990621605,0.00022682055790073023,3,34,1.435543954372406,1.3665697063718523
7,INTERMEDIATE,20,relu,64,0.1281060990621605,0.00022682055790073023,3,34,1.3993203043937683,1.3268497330801827
7,INTERMEDIATE,21,relu,64,0.1281060990621605,0.00022682055790073023,3,34,1.32818204164505,1.2657992839813232
7,INTERMEDIATE,22,relu,64,0.1281060990621605,0.00022682055790073023,3,34,1.2773533463478088,1.2232766151428223
7,INTERMEDIATE,23,relu,64,0.1281060990621605,0.00022682055790073023,3,34,1.2795557975769043,1.1814425672803606
7,INTERMEDIATE,24,relu,64,0.1281060990621605,0.00022682055790073023,3,34,1.2394667863845825,1.157743947846549
7,INTERMEDIATE,25,relu,64,0.1281060990621605,0.00022682055790073023,3,34,1.2046257853507996,1.1220791510173254
7,INTERMEDIATE,26,relu,64,0.1281060990621605,0.00022682055790073023,3,34,1.1560962200164795,1.0837518913405282
7,INTERMEDIATE,27,relu,64,0.1281060990621605,0.00022682055790073023,3,34,1.168308138847351,1.0705023407936096
7,INTERMEDIATE,28,relu,64,0.1281060990621605,0.00022682055790073023,3,34,1.151028573513031,1.037265419960022
7,INTERMEDIATE,29,relu,64,0.1281060990621605,0.00022682055790073023,3,34,1.1364319324493408,1.0238243852342879
7,INTERMEDIATE,30,relu,64,0.1281060990621605,0.00022682055790073023,3,34,1.1215149760246277,1.0184114575386047
7,INTERMEDIATE,31,relu,64,0.1281060990621605,0.00022682055790073023,3,34,1.0856381952762604,1.0089614646775382
7,INTERMEDIATE,32,relu,64,0.1281060990621605,0.00022682055790073023,3,34,1.1032954454421997,0.9809286083493914
7,INTERMEDIATE,33,relu,64,0.1281060990621605,0.00022682055790073023,3,34,1.1070980429649353,0.9910834346498761
7,INTERMEDIATE,34,relu,64,0.1281060990621605,0.00022682055790073023,3,34,1.0726349353790283,0.953244515827724
7,INTERMEDIATE,35,relu,64,0.1281060990621605,0.00022682055790073023,3,34,1.0907106399536133,0.942742509501321
7,INTERMEDIATE,36,relu,64,0.1281060990621605,0.00022682055790073023,3,34,1.0828036069869995,0.9382560508591788
7,INTERMEDIATE,37,relu,64,0.1281060990621605,0.00022682055790073023,3,34,1.0233599543571472,0.94370208467756
7,INTERMEDIATE,38,relu,64,0.1281060990621605,0.00022682055790073023,3,34,1.0349479019641876,0.9400413632392883
7,INTERMEDIATE,39,relu,64,0.1281060990621605,0.00022682055790073023,3,34,1.033080279827118,0.9229883210999625
7,INTERMEDIATE,40,relu,64,0.1281060990621605,0.00022682055790073023,3,34,1.0472597181797028,0.9127005764416286
7,INTERMEDIATE,41,relu,64,0.1281060990621605,0.00022682055790073023,3,34,1.031940996646881,0.9098551613943917
7,INTERMEDIATE,42,relu,64,0.1281060990621605,0.00022682055790073023,3,34,1.0222549438476562,0.908525322164808
7,INTERMEDIATE,43,relu,64,0.1281060990621605,0.00022682055790073023,3,34,1.0045404136180878,0.8808026994977679
7,INTERMEDIATE,44,relu,64,0.1281060990621605,0.00022682055790073023,3,34,1.0005068480968475,0.9006574494498116
7,INTERMEDIATE,45,relu,64,0.1281060990621605,0.00022682055790073023,3,34,0.9885729253292084,0.8713673523494175
7,INTERMEDIATE,46,relu,64,0.1281060990621605,0.00022682055790073023,3,34,0.9996652901172638,0.8610556040491376
7,INTERMEDIATE,47,relu,64,0.1281060990621605,0.00022682055790073023,3,34,0.9776544570922852,0.8698312725339618
7,INTERMEDIATE,48,relu,64,0.1281060990621605,0.00022682055790073023,3,34,0.9648543000221252,0.8631212030138288
7,INTERMEDIATE,49,relu,64,0.1281060990621605,0.00022682055790073023,3,34,0.9711766541004181,0.8475910595485142
7,INTERMEDIATE,50,relu,64,0.1281060990621605,0.00022682055790073023,3,34,0.9757903516292572,0.8484605210168021
7,INTERMEDIATE,51,relu,64,0.1281060990621605,0.00022682055790073023,3,34,0.9819925427436829,0.8341613326753888
7,INTERMEDIATE,52,relu,64,0.1281060990621605,0.00022682055790073023,3,34,0.9385290145874023,0.8379478710038322
7,INTERMEDIATE,53,relu,64,0.1281060990621605,0.00022682055790073023,3,34,0.9430163204669952,0.829165015901838
7,INTERMEDIATE,54,relu,64,0.1281060990621605,0.00022682055790073023,3,34,0.9486388564109802,0.817766717502049
7,INTERMEDIATE,55,relu,64,0.1281060990621605,0.00022682055790073023,3,34,0.931107223033905,0.8089752623013088
7,INTERMEDIATE,56,relu,64,0.1281060990621605,0.00022682055790073023,3,34,0.9008311033248901,0.8027981179101127
7,INTERMEDIATE,57,relu,64,0.1281060990621605,0.00022682055790073023,3,34,0.9279567003250122,0.8136711886950901
7,INTERMEDIATE,58,relu,64,0.1281060990621605,0.00022682055790073023,3,34,0.9267266094684601,0.7891155907085964
7,INTERMEDIATE,59,relu,64,0.1281060990621605,0.00022682055790073023,3,34,0.9214469790458679,0.7840850353240967
7,INTERMEDIATE,60,relu,64,0.1281060990621605,0.00022682055790073023,3,34,0.9164151847362518,0.7753919873918805
7,INTERMEDIATE,61,relu,64,0.1281060990621605,0.00022682055790073023,3,34,0.8861324489116669,0.7806437015533447
7,INTERMEDIATE,62,relu,64,0.1281060990621605,0.00022682055790073023,3,34,0.8904551863670349,0.7675083109310695
7,INTERMEDIATE,63,relu,64,0.1281060990621605,0.00022682055790073023,3,34,0.8781909346580505,0.7647619502885001
7,INTERMEDIATE,64,relu,64,0.1281060990621605,0.00022682055790073023,3,34,0.8515693247318268,0.7617620570319039
7,INTERMEDIATE,65,relu,64,0.1281060990621605,0.00022682055790073023,3,34,0.8554121851921082,0.756305319922311
7,INTERMEDIATE,66,relu,64,0.1281060990621605,0.00022682055790073023,3,34,0.8265976905822754,0.7405178887503487
7,INTERMEDIATE,67,relu,64,0.1281060990621605,0.00022682055790073023,3,34,0.8352583348751068,0.7370455520493644
7,INTERMEDIATE,68,relu,64,0.1281060990621605,0.00022682055790073023,3,34,0.8472583889961243,0.7314459426062447
7,INTERMEDIATE,69,relu,64,0.1281060990621605,0.00022682055790073023,3,34,0.8142313659191132,0.7434865406581334
7,INTERMEDIATE,70,relu,64,0.1281060990621605,0.00022682055790073023,3,34,0.8220420181751251,0.7157374024391174
7,INTERMEDIATE,71,relu,64,0.1281060990621605,0.00022682055790073023,3,34,0.805324524641037,0.7179177744047982
7,INTERMEDIATE,72,relu,64,0.1281060990621605,0.00022682055790073023,3,34,0.8070389330387115,0.7055421982492719
7,INTERMEDIATE,73,relu,64,0.1281060990621605,0.00022682055790073023,3,34,0.826809823513031,0.6934420977319989
7,INTERMEDIATE,74,relu,64,0.1281060990621605,0.00022682055790073023,3,34,0.7936911582946777,0.6911876967975071
7,INTERMEDIATE,75,relu,64,0.1281060990621605,0.00022682055790073023,3,34,0.8084685504436493,0.7058689338820321
7,INTERMEDIATE,76,relu,64,0.1281060990621605,0.00022682055790073023,3,34,0.7769811153411865,0.6987165808677673
7,INTERMEDIATE,77,relu,64,0.1281060990621605,0.00022682055790073023,3,34,0.7877142429351807,0.6607346875326974
7,INTERMEDIATE,78,relu,64,0.1281060990621605,0.00022682055790073023,3,34,0.7672829627990723,0.6849567123821804
7,INTERMEDIATE,79,relu,64,0.1281060990621605,0.00022682055790073023,3,34,0.7492195963859558,0.6622868265424456
7,INTERMEDIATE,80,relu,64,0.1281060990621605,0.00022682055790073023,3,34,0.7366549372673035,0.6562144756317139
7,INTERMEDIATE,81,relu,64,0.1281060990621605,0.00022682055790073023,3,34,0.7184862196445465,0.6538463064602443
7,INTERMEDIATE,82,relu,64,0.1281060990621605,0.00022682055790073023,3,34,0.6923869848251343,0.6427618520600455
7,INTERMEDIATE,83,relu,64,0.1281060990621605,0.00022682055790073023,3,34,0.6859238147735596,0.637553700378963
7,INTERMEDIATE,84,relu,64,0.1281060990621605,0.00022682055790073023,3,34,0.6702925264835358,0.6104875036648342
7,INTERMEDIATE,85,relu,64,0.1281060990621605,0.00022682055790073023,3,34,0.6557747721672058,0.6104457293237958
7,INTERMEDIATE,86,relu,64,0.1281060990621605,0.00022682055790073023,3,34,0.652917891740799,0.608111926487514
7,INTERMEDIATE,87,relu,64,0.1281060990621605,0.00022682055790073023,3,34,0.6246563196182251,0.5884962167058673
7,INTERMEDIATE,88,relu,64,0.1281060990621605,0.00022682055790073023,3,34,0.6323636770248413,0.5930108002253941
7,INTERMEDIATE,89,relu,64,0.1281060990621605,0.00022682055790073023,3,34,0.6116254031658173,0.578931484903608
7,INTERMEDIATE,90,relu,64,0.1281060990621605,0.00022682055790073023,3,34,0.6124930381774902,0.5586529118674142
7,INTERMEDIATE,91,relu,64,0.1281060990621605,0.00022682055790073023,3,34,0.6381149291992188,0.5598148788724627
7,INTERMEDIATE,92,relu,64,0.1281060990621605,0.00022682055790073023,3,34,0.6315523982048035,0.5553429765360696
7,INTERMEDIATE,93,relu,64,0.1281060990621605,0.00022682055790073023,3,34,0.6214600205421448,0.560710038457598
7,INTERMEDIATE,94,relu,64,0.1281060990621605,0.00022682055790073023,3,34,0.5935938954353333,0.5344976910523006
7,INTERMEDIATE,95,relu,64,0.1281060990621605,0.00022682055790073023,3,34,0.6043747663497925,0.5575870701244899
7,INTERMEDIATE,96,relu,64,0.1281060990621605,0.00022682055790073023,3,34,0.5885798037052155,0.5556304199354989
7,INTERMEDIATE,97,relu,64,0.1281060990621605,0.00022682055790073023,3,34,0.592776358127594,0.54475536942482
7,INTERMEDIATE,98,relu,64,0.1281060990621605,0.00022682055790073023,3,34,0.628823846578598,0.5426738900797707
7,INTERMEDIATE,99,relu,64,0.1281060990621605,0.00022682055790073023,3,34,0.619722843170166,0.5532299152442387
7,INTERMEDIATE,100,relu,64,0.1281060990621605,0.00022682055790073023,3,34,0.6013871133327484,0.5377859217779977
7,INTERMEDIATE,101,relu,64,0.1281060990621605,0.00022682055790073023,3,34,0.615390956401825,0.5399541216237205
7,INTERMEDIATE,102,relu,64,0.1281060990621605,0.00022682055790073023,3,34,0.6178511381149292,0.5314819855349404
7,INTERMEDIATE,103,relu,64,0.1281060990621605,0.00022682055790073023,3,34,0.6109543144702911,0.5274621418544224
7,INTERMEDIATE,104,relu,64,0.1281060990621605,0.00022682055790073023,3,34,0.6110531985759735,0.5284032438482557
7,INTERMEDIATE,105,relu,64,0.1281060990621605,0.00022682055790073023,3,34,0.5855033099651337,0.5142526158264705
7,INTERMEDIATE,106,relu,64,0.1281060990621605,0.00022682055790073023,3,34,0.6045436263084412,0.5151620038918087
7,INTERMEDIATE,107,relu,64,0.1281060990621605,0.00022682055790073023,3,34,0.5998393595218658,0.5283931749207633
7,INTERMEDIATE,108,relu,64,0.1281060990621605,0.00022682055790073023,3,34,0.6084175705909729,0.5272888200623649
7,INTERMEDIATE,109,relu,64,0.1281060990621605,0.00022682055790073023,3,34,0.5819771885871887,0.5193595843655723
7,INTERMEDIATE,110,relu,64,0.1281060990621605,0.00022682055790073023,3,34,0.5890451073646545,0.5086128669125694
7,INTERMEDIATE,111,relu,64,0.1281060990621605,0.00022682055790073023,3,34,0.5726036131381989,0.5112919168812888
7,INTERMEDIATE,112,relu,64,0.1281060990621605,0.00022682055790073023,3,34,0.5991706848144531,0.4925003818103245
7,INTERMEDIATE,113,relu,64,0.1281060990621605,0.00022682055790073023,3,34,0.6033415496349335,0.5037122624261039
7,INTERMEDIATE,114,relu,64,0.1281060990621605,0.00022682055790073023,3,34,0.577631413936615,0.5165734929697854
7,INTERMEDIATE,115,relu,64,0.1281060990621605,0.00022682055790073023,3,34,0.5541408956050873,0.5183291052068982
7,INTERMEDIATE,116,relu,64,0.1281060990621605,0.00022682055790073023,3,34,0.569976419210434,0.5224963000842503
7,INTERMEDIATE,117,relu,64,0.1281060990621605,0.00022682055790073023,3,34,0.536641925573349,0.5052418921675
7,INTERMEDIATE,118,relu,64,0.1281060990621605,0.00022682055790073023,3,34,0.5385406315326691,0.5001860303538186
7,INTERMEDIATE,119,relu,64,0.1281060990621605,0.00022682055790073023,3,34,0.5427926480770111,0.4969758817127773
7,INTERMEDIATE,120,relu,64,0.1281060990621605,0.00022682055790073023,3,34,0.5348836183547974,0.5181932491915566
7,INTERMEDIATE,121,relu,64,0.1281060990621605,0.00022682055790073023,3,34,0.5440732538700104,0.49854791164398193
7,INTERMEDIATE,122,relu,64,0.1281060990621605,0.00022682055790073023,3,34,0.5770708620548248,0.5019070506095886
7,INTERMEDIATE,123,relu,64,0.1281060990621605,0.00022682055790073023,3,34,0.5616121292114258,0.50015760745321
7,INTERMEDIATE,124,relu,64,0.1281060990621605,0.00022682055790073023,3,34,0.5780068337917328,0.5005614842687335
7,INTERMEDIATE,125,relu,64,0.1281060990621605,0.00022682055790073023,3,34,0.5634922683238983,0.49324799861226765
7,INTERMEDIATE,126,relu,64,0.1281060990621605,0.00022682055790073023,3,34,0.5514052212238312,0.4877789999757494
7,INTERMEDIATE,127,relu,64,0.1281060990621605,0.00022682055790073023,3,34,0.5884125530719757,0.5006310556616101
7,INTERMEDIATE,128,relu,64,0.1281060990621605,0.00022682055790073023,3,34,0.569243460893631,0.5034957570689065
7,INTERMEDIATE,129,relu,64,0.1281060990621605,0.00022682055790073023,3,34,0.5735321938991547,0.4957185855933598
7,INTERMEDIATE,130,relu,64,0.1281060990621605,0.00022682055790073023,3,34,0.5722162425518036,0.49853223987988066
7,INTERMEDIATE,131,relu,64,0.1281060990621605,0.00022682055790073023,3,34,0.5632860660552979,0.47910963211740765
7,INTERMEDIATE,132,relu,64,0.1281060990621605,0.00022682055790073023,3,34,0.5760350823402405,0.4955475330352783
7,INTERMEDIATE,133,relu,64,0.1281060990621605,0.00022682055790073023,3,34,0.5828084349632263,0.4851537900311606
7,INTERMEDIATE,134,relu,64,0.1281060990621605,0.00022682055790073023,3,34,0.5528950095176697,0.49531429580279757
7,INTERMEDIATE,135,relu,64,0.1281060990621605,0.00022682055790073023,3,34,0.5638028979301453,0.4926087558269501
7,INTERMEDIATE,136,relu,64,0.1281060990621605,0.00022682055790073023,3,34,0.5588580965995789,0.48636593988963533
7,INTERMEDIATE,137,relu,64,0.1281060990621605,0.00022682055790073023,3,34,0.5783402323722839,0.4793914684227535
7,INTERMEDIATE,138,relu,64,0.1281060990621605,0.00022682055790073023,3,34,0.5588183104991913,0.4859030417033604
7,INTERMEDIATE,139,relu,64,0.1281060990621605,0.00022682055790073023,3,34,0.5604157447814941,0.47701149753161837
7,INTERMEDIATE,140,relu,64,0.1281060990621605,0.00022682055790073023,3,34,0.5276409685611725,0.47439243112291607
7,INTERMEDIATE,141,relu,64,0.1281060990621605,0.00022682055790073023,3,34,0.5219801068305969,0.4722934067249298
7,INTERMEDIATE,142,relu,64,0.1281060990621605,0.00022682055790073023,3,34,0.5581732094287872,0.4916986950806209
7,INTERMEDIATE,143,relu,64,0.1281060990621605,0.00022682055790073023,3,34,0.5773751735687256,0.4755806710038866
7,INTERMEDIATE,144,relu,64,0.1281060990621605,0.00022682055790073023,3,34,0.5647445321083069,0.4752906688622066
7,INTERMEDIATE,145,relu,64,0.1281060990621605,0.00022682055790073023,3,34,0.5519315898418427,0.46213847398757935
7,INTERMEDIATE,146,relu,64,0.1281060990621605,0.00022682055790073023,3,34,0.546076163649559,0.4744722843170166
7,INTERMEDIATE,147,relu,64,0.1281060990621605,0.00022682055790073023,3,34,0.549776554107666,0.48305257729121615
7,INTERMEDIATE,148,relu,64,0.1281060990621605,0.00022682055790073023,3,34,0.5517496764659882,0.4729657088007246
7,INTERMEDIATE,149,relu,64,0.1281060990621605,0.00022682055790073023,3,34,0.5589943528175354,0.4680289626121521
7,INTERMEDIATE,150,relu,64,0.1281060990621605,0.00022682055790073023,3,34,0.5620058178901672,0.47116422227450777
7,INTERMEDIATE,151,relu,64,0.1281060990621605,0.00022682055790073023,3,34,0.5606949329376221,0.47285974451473783
7,INTERMEDIATE,152,relu,64,0.1281060990621605,0.00022682055790073023,3,34,0.5545748174190521,0.47050016692706514
7,INTERMEDIATE,153,relu,64,0.1281060990621605,0.00022682055790073023,3,34,0.5483743250370026,0.46788078972271513
7,INTERMEDIATE,154,relu,64,0.1281060990621605,0.00022682055790073023,3,34,0.5633425116539001,0.46239263245037626
7,INTERMEDIATE,155,relu,64,0.1281060990621605,0.00022682055790073023,3,34,0.5423722565174103,0.45532987798963276
7,INTERMEDIATE,156,relu,64,0.1281060990621605,0.00022682055790073023,3,34,0.5798951238393784,0.47963953018188477
7,INTERMEDIATE,157,relu,64,0.1281060990621605,0.00022682055790073023,3,34,0.5831843614578247,0.4674893958227975
7,INTERMEDIATE,158,relu,64,0.1281060990621605,0.00022682055790073023,3,34,0.5393095463514328,0.4721314481326512
7,INTERMEDIATE,159,relu,64,0.1281060990621605,0.00022682055790073023,3,34,0.5326467007398605,0.4852809991155352
7,INTERMEDIATE,160,relu,64,0.1281060990621605,0.00022682055790073023,3,34,0.5339106023311615,0.4788421562739781
7,INTERMEDIATE,161,relu,64,0.1281060990621605,0.00022682055790073023,3,34,0.5551113337278366,0.47746155091694426
7,INTERMEDIATE,162,relu,64,0.1281060990621605,0.00022682055790073023,3,34,0.5362787842750549,0.4796162588255746
7,INTERMEDIATE,163,relu,64,0.1281060990621605,0.00022682055790073023,3,34,0.5250424146652222,0.464126284633364
7,INTERMEDIATE,164,relu,64,0.1281060990621605,0.00022682055790073023,3,34,0.5174613893032074,0.4512458060468946
7,INTERMEDIATE,165,relu,64,0.1281060990621605,0.00022682055790073023,3,34,0.4986165314912796,0.4681618979998997
7,INTERMEDIATE,166,relu,64,0.1281060990621605,0.00022682055790073023,3,34,0.49438348412513733,0.44775512388774324
7,INTERMEDIATE,167,relu,64,0.1281060990621605,0.00022682055790073023,3,34,0.5040140151977539,0.47218872393880573
7,INTERMEDIATE,168,relu,64,0.1281060990621605,0.00022682055790073023,3,34,0.5097147226333618,0.46070376464298796
7,INTERMEDIATE,169,relu,64,0.1281060990621605,0.00022682055790073023,3,34,0.5029856413602829,0.45403490321976797
7,INTERMEDIATE,170,relu,64,0.1281060990621605,0.00022682055790073023,3,34,0.5030335783958435,0.44229060411453247
7,INTERMEDIATE,171,relu,64,0.1281060990621605,0.00022682055790073023,3,34,0.5008466690778732,0.46362694246428354
7,INTERMEDIATE,172,relu,64,0.1281060990621605,0.00022682055790073023,3,34,0.5415277183055878,0.4569795642580305
7,INTERMEDIATE,173,relu,64,0.1281060990621605,0.00022682055790073023,3,34,0.5249634385108948,0.4532947242259979
7,INTERMEDIATE,174,relu,64,0.1281060990621605,0.00022682055790073023,3,34,0.5631627887487411,0.45378561105046955
7,INTERMEDIATE,175,relu,64,0.1281060990621605,0.00022682055790073023,3,34,0.5511799156665802,0.463598370552063
7,INTERMEDIATE,176,relu,64,0.1281060990621605,0.00022682055790073023,3,34,0.5542648732662201,0.44013732245990206
7,INTERMEDIATE,177,relu,64,0.1281060990621605,0.00022682055790073023,3,34,0.5416511595249176,0.4591465209211622
7,INTERMEDIATE,178,relu,64,0.1281060990621605,0.00022682055790073023,3,34,0.5437185764312744,0.4511517456599644
7,INTERMEDIATE,179,relu,64,0.1281060990621605,0.00022682055790073023,3,34,0.5375568270683289,0.45954989961215426
7,INTERMEDIATE,180,relu,64,0.1281060990621605,0.00022682055790073023,3,34,0.5659094452857971,0.4642497258526938
7,INTERMEDIATE,181,relu,64,0.1281060990621605,0.00022682055790073023,3,34,0.5343712270259857,0.44718810064452036
7,INTERMEDIATE,182,relu,64,0.1281060990621605,0.00022682055790073023,3,34,0.56093630194664,0.44796931743621826
7,INTERMEDIATE,183,relu,64,0.1281060990621605,0.00022682055790073023,3,34,0.5398947596549988,0.4476815674986158
7,INTERMEDIATE,184,relu,64,0.1281060990621605,0.00022682055790073023,3,34,0.5463075935840607,0.4392697172505515
7,INTERMEDIATE,185,relu,64,0.1281060990621605,0.00022682055790073023,3,34,0.5059052556753159,0.46050558771405903
7,INTERMEDIATE,186,relu,64,0.1281060990621605,0.00022682055790073023,3,34,0.5336413979530334,0.4600863754749298
7,INTERMEDIATE,187,relu,64,0.1281060990621605,0.00022682055790073023,3,34,0.6041187942028046,0.5388129651546478
7,INTERMEDIATE,188,relu,64,0.1281060990621605,0.00022682055790073023,3,34,0.5697681307792664,0.605811962059566
7,INTERMEDIATE,189,relu,64,0.1281060990621605,0.00022682055790073023,3,34,0.48398810625076294,0.4607616194656917
7,INTERMEDIATE,190,relu,64,0.1281060990621605,0.00022682055790073023,3,34,0.4964452385902405,0.4652457407542637
7,INTERMEDIATE,191,relu,64,0.1281060990621605,0.00022682055790073023,3,34,0.5570290982723236,0.45555685673441204
7,INTERMEDIATE,192,relu,64,0.1281060990621605,0.00022682055790073023,3,34,0.5662698000669479,0.46666004402296885
7,INTERMEDIATE,193,relu,64,0.1281060990621605,0.00022682055790073023,3,34,0.5469629168510437,0.4322618416377476
7,INTERMEDIATE,194,relu,64,0.1281060990621605,0.00022682055790073023,3,34,0.5496084988117218,0.46684272374425617
7,INTERMEDIATE,195,relu,64,0.1281060990621605,0.00022682055790073023,3,34,0.5573656558990479,0.45069061858313425
7,INTERMEDIATE,196,relu,64,0.1281060990621605,0.00022682055790073023,3,34,0.5369070172309875,0.45455136469432283
7,INTERMEDIATE,197,relu,64,0.1281060990621605,0.00022682055790073023,3,34,0.5417848527431488,0.4593115619250706
7,INTERMEDIATE,198,relu,64,0.1281060990621605,0.00022682055790073023,3,34,0.564259797334671,0.4605731964111328
7,INTERMEDIATE,199,relu,64,0.1281060990621605,0.00022682055790073023,3,34,0.5702553242444992,0.4651325898511069
