Trial-ID,Status,Iteration,activation,batch_size,dropout,learning_rate,num_hidden_units,Objective,avg_train_loss
10,BEST,143,relu,64,0.14636760542975918,0.0003499647239008268,55,0.15710866699616113,0.18549432924815587
1,INTERMEDIATE,0,relu,32,0.0739306571581518,0.0002279578626434,55,1.569395054470409,1.5839211882614508
1,INTERMEDIATE,1,relu,32,0.0739306571581518,0.0002279578626434,55,1.542033238844438,1.5608957308094675
1,INTERMEDIATE,2,relu,32,0.0739306571581518,0.0002279578626434,55,1.3994196436621926,1.5001484824389946
1,INTERMEDIATE,3,relu,32,0.0739306571581518,0.0002279578626434,55,1.187670274214311,1.2917020553495826
1,INTERMEDIATE,4,relu,32,0.0739306571581518,0.0002279578626434,55,1.0897815010764382,1.1412052163263646
1,INTERMEDIATE,5,relu,32,0.0739306571581518,0.0002279578626434,55,1.0535582845861262,1.0630015614556103
1,INTERMEDIATE,6,relu,32,0.0739306571581518,0.0002279578626434,55,1.0114785812117837,1.0374422073364258
1,INTERMEDIATE,7,relu,32,0.0739306571581518,0.0002279578626434,55,0.9967556487430226,1.0096369749162255
1,INTERMEDIATE,8,relu,32,0.0739306571581518,0.0002279578626434,55,0.9871904037215492,0.9866623180668528
1,INTERMEDIATE,9,relu,32,0.0739306571581518,0.0002279578626434,55,0.9571844068440524,0.9797042579185672
1,INTERMEDIATE,10,relu,32,0.0739306571581518,0.0002279578626434,55,0.9587318247014824,0.9496779340069468
1,INTERMEDIATE,11,relu,32,0.0739306571581518,0.0002279578626434,55,0.908521527593786,0.9185021723189004
1,INTERMEDIATE,12,relu,32,0.0739306571581518,0.0002279578626434,55,0.9243849624286998,0.8982638832999439
1,INTERMEDIATE,13,relu,32,0.0739306571581518,0.0002279578626434,55,0.887084657495672,0.8696475334283782
1,INTERMEDIATE,14,relu,32,0.0739306571581518,0.0002279578626434,55,0.8493547547947277,0.8513959224631147
1,INTERMEDIATE,15,relu,32,0.0739306571581518,0.0002279578626434,55,0.7935357418927279,0.818356256659438
1,INTERMEDIATE,16,relu,32,0.0739306571581518,0.0002279578626434,55,0.7842172113331881,0.820384061918026
1,INTERMEDIATE,17,relu,32,0.0739306571581518,0.0002279578626434,55,0.8069754297083075,0.7750338650331264
1,INTERMEDIATE,18,relu,32,0.0739306571581518,0.0002279578626434,55,0.8177821256897666,0.7566843730647389
1,INTERMEDIATE,19,relu,32,0.0739306571581518,0.0002279578626434,55,0.8604850985787131,0.7435338322709246
1,INTERMEDIATE,20,relu,32,0.0739306571581518,0.0002279578626434,55,0.8384799523787065,0.8374164177150261
1,INTERMEDIATE,21,relu,32,0.0739306571581518,0.0002279578626434,55,0.752498285336928,0.7894657210605901
1,INTERMEDIATE,22,relu,32,0.0739306571581518,0.0002279578626434,55,0.8802904378284108,0.7584699973827456
1,INTERMEDIATE,23,relu,32,0.0739306571581518,0.0002279578626434,55,0.7169813188639554,0.7476701169479184
1,INTERMEDIATE,24,relu,32,0.0739306571581518,0.0002279578626434,55,0.7748106284575029,0.7416710562822295
1,INTERMEDIATE,25,relu,32,0.0739306571581518,0.0002279578626434,55,0.8982425332069397,0.7395015417075739
1,INTERMEDIATE,26,relu,32,0.0739306571581518,0.0002279578626434,55,0.9770653735507618,0.8429355185206343
1,INTERMEDIATE,27,relu,32,0.0739306571581518,0.0002279578626434,55,0.8385654579509388,0.8033761382102966
1,INTERMEDIATE,28,relu,32,0.0739306571581518,0.0002279578626434,55,0.7911242680116133,0.7553209211768174
1,INTERMEDIATE,29,relu,32,0.0739306571581518,0.0002279578626434,55,0.7407683567567305,0.7378466434595061
1,INTERMEDIATE,30,relu,32,0.0739306571581518,0.0002279578626434,55,0.7356712655587629,0.6911848100220285
1,INTERMEDIATE,31,relu,32,0.0739306571581518,0.0002279578626434,55,0.7238197489218279,0.6874575498627453
1,INTERMEDIATE,32,relu,32,0.0739306571581518,0.0002279578626434,55,0.7044989683411338,0.6662028737184478
1,INTERMEDIATE,33,relu,32,0.0739306571581518,0.0002279578626434,55,0.6618125113573942,0.6492077359339086
1,INTERMEDIATE,34,relu,32,0.0739306571581518,0.0002279578626434,55,0.6274268410422585,0.621900357124282
1,INTERMEDIATE,35,relu,32,0.0739306571581518,0.0002279578626434,55,0.6754372336647727,0.6032469708745073
1,INTERMEDIATE,36,relu,32,0.0739306571581518,0.0002279578626434,55,0.6126949109814384,0.5749044694551607
1,INTERMEDIATE,37,relu,32,0.0739306571581518,0.0002279578626434,55,0.6277130354534496,0.5684537502323709
1,INTERMEDIATE,38,relu,32,0.0739306571581518,0.0002279578626434,55,0.6492545008659363,0.5989086053720335
1,INTERMEDIATE,39,relu,32,0.0739306571581518,0.0002279578626434,55,0.6520421518520876,0.6721622137034812
1,INTERMEDIATE,40,relu,32,0.0739306571581518,0.0002279578626434,55,0.6494787308302793,0.650373728536978
1,INTERMEDIATE,41,relu,32,0.0739306571581518,0.0002279578626434,55,0.8687198216264899,0.5474663049709506
1,INTERMEDIATE,42,relu,32,0.0739306571581518,0.0002279578626434,55,0.6131112196228721,0.5650968413527419
1,INTERMEDIATE,43,relu,32,0.0739306571581518,0.0002279578626434,55,0.5910026783292944,0.5078933122681408
1,INTERMEDIATE,44,relu,32,0.0739306571581518,0.0002279578626434,55,0.6367329115217383,0.5243924361903493
1,INTERMEDIATE,45,relu,32,0.0739306571581518,0.0002279578626434,55,0.5544939163056287,0.6180708561001754
1,INTERMEDIATE,46,relu,32,0.0739306571581518,0.0002279578626434,55,0.6052043546329845,0.5569799469738472
1,INTERMEDIATE,47,relu,32,0.0739306571581518,0.0002279578626434,55,0.5439196296713569,0.5585970028144557
1,INTERMEDIATE,48,relu,32,0.0739306571581518,0.0002279578626434,55,0.910033857280558,0.5649425100262572
1,INTERMEDIATE,49,relu,32,0.0739306571581518,0.0002279578626434,55,0.6049451739950613,0.7239893427709254
1,INTERMEDIATE,50,relu,32,0.0739306571581518,0.0002279578626434,55,0.5196400894360109,0.5555338706912064
1,INTERMEDIATE,51,relu,32,0.0739306571581518,0.0002279578626434,55,0.5678900209340182,0.5657036355355891
1,INTERMEDIATE,52,relu,32,0.0739306571581518,0.0002279578626434,55,0.4985543543642217,0.5274569821066972
1,INTERMEDIATE,53,relu,32,0.0739306571581518,0.0002279578626434,55,0.4664107764309103,0.4320333774496869
1,INTERMEDIATE,54,relu,32,0.0739306571581518,0.0002279578626434,55,0.5535027438944037,0.4473118818387752
1,INTERMEDIATE,55,relu,32,0.0739306571581518,0.0002279578626434,55,0.7697662060911005,0.5021881264884297
1,INTERMEDIATE,56,relu,32,0.0739306571581518,0.0002279578626434,55,0.8891651196913286,1.0455759959976847
1,INTERMEDIATE,57,relu,32,0.0739306571581518,0.0002279578626434,55,0.724060676314614,0.7732614627698573
1,INTERMEDIATE,58,relu,32,0.0739306571581518,0.0002279578626434,55,0.7030518596822565,0.734583640243949
1,INTERMEDIATE,59,relu,32,0.0739306571581518,0.0002279578626434,55,0.7518924908204512,0.7098314718502324
1,INTERMEDIATE,60,relu,32,0.0739306571581518,0.0002279578626434,55,0.6949089332060381,0.6997633997986956
1,INTERMEDIATE,61,relu,32,0.0739306571581518,0.0002279578626434,55,0.710552684285424,0.6632874171908308
1,INTERMEDIATE,62,relu,32,0.0739306571581518,0.0002279578626434,55,0.6891442645679821,0.6493880726942202
1,INTERMEDIATE,63,relu,32,0.0739306571581518,0.0002279578626434,55,0.7258824597705494,0.6354843043699497
1,INTERMEDIATE,64,relu,32,0.0739306571581518,0.0002279578626434,55,0.6326716569336978,0.6218351409202669
1,INTERMEDIATE,65,relu,32,0.0739306571581518,0.0002279578626434,55,0.6435512466864153,0.6247440300336699
1,INTERMEDIATE,66,relu,32,0.0739306571581518,0.0002279578626434,55,0.668217041275718,0.6006788887628695
1,INTERMEDIATE,67,relu,32,0.0739306571581518,0.0002279578626434,55,0.6327451359141957,0.5996950217863408
1,INTERMEDIATE,68,relu,32,0.0739306571581518,0.0002279578626434,55,0.8100324923341925,0.5945300801498133
1,INTERMEDIATE,69,relu,32,0.0739306571581518,0.0002279578626434,55,0.6598181589083238,0.5956061976711925
1,INTERMEDIATE,70,relu,32,0.0739306571581518,0.0002279578626434,55,0.6053176603534005,0.5920645405606526
1,INTERMEDIATE,71,relu,32,0.0739306571581518,0.0002279578626434,55,0.6438557776537809,0.576817405659978
1,INTERMEDIATE,72,relu,32,0.0739306571581518,0.0002279578626434,55,0.6253570074384863,0.5680267003978171
1,INTERMEDIATE,73,relu,32,0.0739306571581518,0.0002279578626434,55,0.6206407628276132,0.5765011543180885
1,INTERMEDIATE,74,relu,32,0.0739306571581518,0.0002279578626434,55,0.6098075698722493,0.5581321854416917
1,INTERMEDIATE,75,relu,32,0.0739306571581518,0.0002279578626434,55,0.6127755045890808,0.5570708251580959
1,INTERMEDIATE,76,relu,32,0.0739306571581518,0.0002279578626434,55,0.6100064245137301,0.5707805992626562
1,INTERMEDIATE,77,relu,32,0.0739306571581518,0.0002279578626434,55,0.5569059632041238,0.5458596973884396
1,INTERMEDIATE,78,relu,32,0.0739306571581518,0.0002279578626434,55,0.5580344931645826,0.5448408279477096
1,INTERMEDIATE,79,relu,32,0.0739306571581518,0.0002279578626434,55,0.5726358673789285,0.537442610031221
1,INTERMEDIATE,80,relu,32,0.0739306571581518,0.0002279578626434,55,0.5435439890081232,0.5496681114522423
1,INTERMEDIATE,81,relu,32,0.0739306571581518,0.0002279578626434,55,0.5543903058225458,0.5362209103456358
1,INTERMEDIATE,82,relu,32,0.0739306571581518,0.0002279578626434,55,0.5092080533504486,0.5311059813673903
1,INTERMEDIATE,83,relu,32,0.0739306571581518,0.0002279578626434,55,0.5621386305852369,0.5195267429439033
1,INTERMEDIATE,84,relu,32,0.0739306571581518,0.0002279578626434,55,0.8813964995470914,0.7625292336068502
1,INTERMEDIATE,85,relu,32,0.0739306571581518,0.0002279578626434,55,0.7930078885772012,0.8245469826023754
1,INTERMEDIATE,86,relu,32,0.0739306571581518,0.0002279578626434,55,0.738516861742193,0.7626113557234043
1,INTERMEDIATE,87,relu,32,0.0739306571581518,0.0002279578626434,55,0.721548318862915,0.7006233298197025
1,INTERMEDIATE,88,relu,32,0.0739306571581518,0.0002279578626434,55,0.6712298718365756,0.6796101259022225
1,INTERMEDIATE,89,relu,32,0.0739306571581518,0.0002279578626434,55,0.617686852812767,0.6519182644239286
1,INTERMEDIATE,90,relu,32,0.0739306571581518,0.0002279578626434,55,0.6564312848177823,0.6189754910585357
1,INTERMEDIATE,91,relu,32,0.0739306571581518,0.0002279578626434,55,0.5980091230435804,0.6071780898222109
1,INTERMEDIATE,92,relu,32,0.0739306571581518,0.0002279578626434,55,0.6091895726594058,0.5858046921288095
1,INTERMEDIATE,93,relu,32,0.0739306571581518,0.0002279578626434,55,0.5665812871672891,0.5676874489319034
1,COMPLETED,93,relu,32,0.0739306571581518,0.0002279578626434,55,0.4664107764309103,0.4320333774496869
2,INTERMEDIATE,0,relu,64,0.290498958961139,0.0001206141101557,38,1.6096707185109456,1.6197440567470731
2,INTERMEDIATE,1,relu,64,0.290498958961139,0.0001206141101557,38,1.6022253036499023,1.616635072798956
2,INTERMEDIATE,2,relu,64,0.290498958961139,0.0001206141101557,38,1.6121857166290283,1.6114346810749598
2,INTERMEDIATE,3,relu,64,0.290498958961139,0.0001206141101557,38,1.6067656874656675,1.6084090300968714
2,INTERMEDIATE,4,relu,64,0.290498958961139,0.0001206141101557,38,1.591909070809682,1.6041342814763386
2,INTERMEDIATE,5,relu,64,0.290498958961139,0.0001206141101557,38,1.592111309369405,1.5992448102860224
2,INTERMEDIATE,6,relu,64,0.290498958961139,0.0001206141101557,38,1.5866347948710124,1.5916184641066051
2,INTERMEDIATE,7,relu,64,0.290498958961139,0.0001206141101557,38,1.5715581774711609,1.5808814139593217
2,INTERMEDIATE,8,relu,64,0.290498958961139,0.0001206141101557,38,1.5639295776685078,1.5698577846799575
2,INTERMEDIATE,9,relu,64,0.290498958961139,0.0001206141101557,38,1.5478262503941853,1.5597735416321528
2,INTERMEDIATE,10,relu,64,0.290498958961139,0.0001206141101557,38,1.523177981376648,1.54037260441553
2,INTERMEDIATE,11,relu,64,0.290498958961139,0.0001206141101557,38,1.4933074911435444,1.521028478940328
2,INTERMEDIATE,12,relu,64,0.290498958961139,0.0001206141101557,38,1.4362292885780334,1.484204093615214
2,INTERMEDIATE,13,relu,64,0.290498958961139,0.0001206141101557,38,1.3839296301205952,1.4332290831066312
2,INTERMEDIATE,14,relu,64,0.290498958961139,0.0001206141101557,38,1.3553931713104248,1.3766654162179857
2,INTERMEDIATE,15,relu,64,0.290498958961139,0.0001206141101557,38,1.265128473440806,1.326593728292556
2,INTERMEDIATE,16,relu,64,0.290498958961139,0.0001206141101557,38,1.2406959136327107,1.294706106185913
2,INTERMEDIATE,17,relu,64,0.290498958961139,0.0001206141101557,38,1.2672717769940691,1.26824913138435
2,INTERMEDIATE,18,relu,64,0.290498958961139,0.0001206141101557,38,1.2345706621805828,1.2349138259887695
2,INTERMEDIATE,19,relu,64,0.290498958961139,0.0001206141101557,38,1.1731205781300862,1.208168109258016
2,INTERMEDIATE,20,relu,64,0.290498958961139,0.0001206141101557,38,1.171635131041209,1.2037585122244698
2,INTERMEDIATE,21,relu,64,0.290498958961139,0.0001206141101557,38,1.136972725391388,1.1746735459282285
2,INTERMEDIATE,22,relu,64,0.290498958961139,0.0001206141101557,38,1.1764603455861409,1.1740368491127378
2,INTERMEDIATE,23,relu,64,0.290498958961139,0.0001206141101557,38,1.1957703232765198,1.1577581564585369
2,INTERMEDIATE,24,relu,64,0.290498958961139,0.0001206141101557,38,1.107329249382019,1.132184982299805
2,INTERMEDIATE,25,relu,64,0.290498958961139,0.0001206141101557,38,1.072863837083181,1.1079853035154796
2,INTERMEDIATE,26,relu,64,0.290498958961139,0.0001206141101557,38,1.1143999497095745,1.0925671401477994
2,INTERMEDIATE,27,relu,64,0.290498958961139,0.0001206141101557,38,1.0854819218317668,1.0811817135129655
2,INTERMEDIATE,28,relu,64,0.290498958961139,0.0001206141101557,38,1.027785102526347,1.063565345037551
2,INTERMEDIATE,29,relu,64,0.290498958961139,0.0001206141101557,38,1.0298085908095045,1.0765447985558283
2,INTERMEDIATE,30,relu,64,0.290498958961139,0.0001206141101557,38,1.083296497662862,1.050113558769226
2,INTERMEDIATE,31,relu,64,0.290498958961139,0.0001206141101557,38,1.04959174990654,1.0381830135981245
2,INTERMEDIATE,32,relu,64,0.290498958961139,0.0001206141101557,38,0.9838118851184844,1.0310983232089452
2,INTERMEDIATE,33,relu,64,0.290498958961139,0.0001206141101557,38,0.9742746353149414,1.0166545652207877
2,INTERMEDIATE,34,relu,64,0.290498958961139,0.0001206141101557,38,0.988070567448934,1.0144602599598112
2,INTERMEDIATE,35,relu,64,0.290498958961139,0.0001206141101557,38,1.0523298780123391,1.0000391545749845
2,INTERMEDIATE,36,relu,64,0.290498958961139,0.0001206141101557,38,0.985429068406423,0.9979995205288842
2,INTERMEDIATE,37,relu,64,0.290498958961139,0.0001206141101557,38,0.9669164816538492,1.0071335151081993
2,INTERMEDIATE,38,relu,64,0.290498958961139,0.0001206141101557,38,0.9814407130082448,1.001332978407542
2,INTERMEDIATE,39,relu,64,0.290498958961139,0.0001206141101557,38,1.0011849999427795,0.9864919100488936
2,INTERMEDIATE,40,relu,64,0.290498958961139,0.0001206141101557,38,0.9391458332538604,0.9700341678801035
2,INTERMEDIATE,41,relu,64,0.290498958961139,0.0001206141101557,38,0.931062956651052,0.9765709581829252
2,INTERMEDIATE,42,relu,64,0.290498958961139,0.0001206141101557,38,0.9149674475193024,0.9692766183898562
2,INTERMEDIATE,43,relu,64,0.290498958961139,0.0001206141101557,38,0.9761426349480948,0.9674268591971624
2,INTERMEDIATE,44,relu,64,0.290498958961139,0.0001206141101557,38,0.8823082745075226,0.9511571384611583
2,INTERMEDIATE,45,relu,64,0.290498958961139,0.0001206141101557,38,0.9811160663763682,0.9451159579413276
2,INTERMEDIATE,46,relu,64,0.290498958961139,0.0001206141101557,38,0.9403761128584543,0.9384419662611824
2,INTERMEDIATE,47,relu,64,0.290498958961139,0.0001206141101557,38,0.9028757711251576,0.9466984839666456
2,INTERMEDIATE,48,relu,64,0.290498958961139,0.0001206141101557,38,0.9441298147042592,0.9322052711532228
2,INTERMEDIATE,49,relu,64,0.290498958961139,0.0001206141101557,38,0.935960203409195,0.9250732348078772
2,INTERMEDIATE,50,relu,64,0.290498958961139,0.0001206141101557,38,0.937154789765676,0.9413145383199056
2,INTERMEDIATE,51,relu,64,0.290498958961139,0.0001206141101557,38,0.8967811365922292,0.934179683526357
2,INTERMEDIATE,52,relu,64,0.290498958961139,0.0001206141101557,38,0.9134114483992258,0.9145822184426444
2,INTERMEDIATE,53,relu,64,0.290498958961139,0.0001206141101557,38,0.895088920990626,0.924514577502296
2,INTERMEDIATE,54,relu,64,0.290498958961139,0.0001206141101557,38,0.9124250809351604,0.9104261909212384
2,INTERMEDIATE,55,relu,64,0.290498958961139,0.0001206141101557,38,0.9173705577850342,0.9071427072797504
2,INTERMEDIATE,56,relu,64,0.290498958961139,0.0001206141101557,38,0.9104526241620382,0.9187875049454826
2,INTERMEDIATE,57,relu,64,0.290498958961139,0.0001206141101557,38,0.870533953110377,0.908667768750872
2,INTERMEDIATE,58,relu,64,0.290498958961139,0.0001206141101557,38,0.9139338235060374,0.9040465894199552
2,INTERMEDIATE,59,relu,64,0.290498958961139,0.0001206141101557,38,0.944416751464208,0.8887118980998084
2,INTERMEDIATE,60,relu,64,0.290498958961139,0.0001206141101557,38,0.8767504890759786,0.899560706956046
2,INTERMEDIATE,61,relu,64,0.290498958961139,0.0001206141101557,38,0.8052508582671484,0.8906497586341131
2,INTERMEDIATE,62,relu,64,0.290498958961139,0.0001206141101557,38,0.8663181563218435,0.8802992162250337
2,INTERMEDIATE,63,relu,64,0.290498958961139,0.0001206141101557,38,0.862094521522522,0.8846012382280259
2,INTERMEDIATE,64,relu,64,0.290498958961139,0.0001206141101557,38,0.8991569777329763,0.8596432833444505
2,INTERMEDIATE,65,relu,64,0.290498958961139,0.0001206141101557,38,0.8278504908084869,0.8719880353836786
2,INTERMEDIATE,66,relu,64,0.290498958961139,0.0001206141101557,38,0.9278403719266256,0.8853191648210798
2,INTERMEDIATE,67,relu,64,0.290498958961139,0.0001206141101557,38,0.8522439102331797,0.8752671622094654
2,INTERMEDIATE,68,relu,64,0.290498958961139,0.0001206141101557,38,0.8604707916577657,0.8725810533478147
2,INTERMEDIATE,69,relu,64,0.290498958961139,0.0001206141101557,38,0.8389414747556051,0.8595155392374311
2,INTERMEDIATE,70,relu,64,0.290498958961139,0.0001206141101557,38,0.8534344732761383,0.8522965766134716
2,INTERMEDIATE,71,relu,64,0.290498958961139,0.0001206141101557,38,0.8492355048656464,0.8488690086773464
2,INTERMEDIATE,72,relu,64,0.290498958961139,0.0001206141101557,38,0.8775115211804708,0.8463554439090547
2,INTERMEDIATE,73,relu,64,0.290498958961139,0.0001206141101557,38,0.8110140760739645,0.8546602811132159
2,INTERMEDIATE,74,relu,64,0.290498958961139,0.0001206141101557,38,0.8418277104695638,0.8539629237992423
2,INTERMEDIATE,75,relu,64,0.290498958961139,0.0001206141101557,38,0.881156990925471,0.8458610347339085
2,INTERMEDIATE,76,relu,64,0.290498958961139,0.0001206141101557,38,0.8379300832748413,0.8367752943720136
2,INTERMEDIATE,77,relu,64,0.290498958961139,0.0001206141101557,38,0.8486658136049906,0.842491246405102
2,INTERMEDIATE,78,relu,64,0.290498958961139,0.0001206141101557,38,0.8386890093485514,0.8367510806946528
2,INTERMEDIATE,79,relu,64,0.290498958961139,0.0001206141101557,38,0.8397642274697622,0.8399681448936462
2,INTERMEDIATE,80,relu,64,0.290498958961139,0.0001206141101557,38,0.7999513745307922,0.837529406661079
2,INTERMEDIATE,81,relu,64,0.290498958961139,0.0001206141101557,38,0.8656055331230164,0.8293827772140503
2,INTERMEDIATE,82,relu,64,0.290498958961139,0.0001206141101557,38,0.7717586557070414,0.8262127978461129
2,INTERMEDIATE,83,relu,64,0.290498958961139,0.0001206141101557,38,0.8059947490692139,0.829736298038846
2,INTERMEDIATE,84,relu,64,0.290498958961139,0.0001206141101557,38,0.8185648421446482,0.8279192845026652
2,INTERMEDIATE,85,relu,64,0.290498958961139,0.0001206141101557,38,0.7396342605352402,0.8334969055084955
2,INTERMEDIATE,86,relu,64,0.290498958961139,0.0001206141101557,38,0.9007662336031595,0.8427543072473436
2,INTERMEDIATE,87,relu,64,0.290498958961139,0.0001206141101557,38,0.8394646942615509,0.8320536301249549
2,INTERMEDIATE,88,relu,64,0.290498958961139,0.0001206141101557,38,0.8567531605561575,0.8289493123690287
2,INTERMEDIATE,89,relu,64,0.290498958961139,0.0001206141101557,38,0.7920943796634674,0.8237443481172834
2,INTERMEDIATE,90,relu,64,0.290498958961139,0.0001206141101557,38,0.830604483683904,0.8226778024718875
2,INTERMEDIATE,91,relu,64,0.290498958961139,0.0001206141101557,38,0.855061541001002,0.8210033433777946
2,INTERMEDIATE,92,relu,64,0.290498958961139,0.0001206141101557,38,0.833558201789856,0.8149802911849249
2,INTERMEDIATE,93,relu,64,0.290498958961139,0.0001206141101557,38,0.8225451707839966,0.8255018790562948
2,INTERMEDIATE,94,relu,64,0.290498958961139,0.0001206141101557,38,0.8695401549339294,0.820065268448421
2,INTERMEDIATE,95,relu,64,0.290498958961139,0.0001206141101557,38,0.8566812574863434,0.7981849539847601
2,INTERMEDIATE,96,relu,64,0.290498958961139,0.0001206141101557,38,0.8153028090794882,0.82093555302847
2,INTERMEDIATE,97,relu,64,0.290498958961139,0.0001206141101557,38,0.8338495492935181,0.8147901977811541
2,INTERMEDIATE,98,relu,64,0.290498958961139,0.0001206141101557,38,0.7865119477113088,0.8051225287573678
2,INTERMEDIATE,99,relu,64,0.290498958961139,0.0001206141101557,38,0.8291568954785665,0.8108408422697158
2,INTERMEDIATE,100,relu,64,0.290498958961139,0.0001206141101557,38,0.8241180380185446,0.8077382246653239
2,INTERMEDIATE,101,relu,64,0.290498958961139,0.0001206141101557,38,0.82685786485672,0.8052554045404706
2,INTERMEDIATE,102,relu,64,0.290498958961139,0.0001206141101557,38,0.8321976562341055,0.7956560112181164
2,INTERMEDIATE,103,relu,64,0.290498958961139,0.0001206141101557,38,0.799012670914332,0.7936256499517531
2,INTERMEDIATE,104,relu,64,0.290498958961139,0.0001206141101557,38,0.7916177213191986,0.8086836508342198
2,INTERMEDIATE,105,relu,64,0.290498958961139,0.0001206141101557,38,0.7881620426972707,0.8126127748262315
2,INTERMEDIATE,106,relu,64,0.290498958961139,0.0001206141101557,38,0.8495987753073374,0.7946660064515614
2,INTERMEDIATE,107,relu,64,0.290498958961139,0.0001206141101557,38,0.857908179362615,0.789821363630749
2,INTERMEDIATE,108,relu,64,0.290498958961139,0.0001206141101557,38,0.8474851449330648,0.7820156982966832
2,INTERMEDIATE,109,relu,64,0.290498958961139,0.0001206141101557,38,0.8338963786760966,0.7921055867558434
2,INTERMEDIATE,110,relu,64,0.290498958961139,0.0001206141101557,38,0.7730133831501007,0.7721711681002662
2,INTERMEDIATE,111,relu,64,0.290498958961139,0.0001206141101557,38,0.8216288089752197,0.7756600862457639
2,INTERMEDIATE,112,relu,64,0.290498958961139,0.0001206141101557,38,0.8166926801204681,0.7958648176420302
2,INTERMEDIATE,113,relu,64,0.290498958961139,0.0001206141101557,38,0.7723875542481741,0.7817253271738688
2,INTERMEDIATE,114,relu,64,0.290498958961139,0.0001206141101557,38,0.8018910586833954,0.7641413978167942
2,INTERMEDIATE,115,relu,64,0.290498958961139,0.0001206141101557,38,0.7979301810264587,0.7668245548293704
2,INTERMEDIATE,116,relu,64,0.290498958961139,0.0001206141101557,38,0.7762725353240967,0.7673268233026777
2,INTERMEDIATE,117,relu,64,0.290498958961139,0.0001206141101557,38,0.7673038244247437,0.7704814530554271
2,INTERMEDIATE,118,relu,64,0.290498958961139,0.0001206141101557,38,0.788825273513794,0.7702414223126003
2,INTERMEDIATE,119,relu,64,0.290498958961139,0.0001206141101557,38,0.789747029542923,0.7728365801629566
2,INTERMEDIATE,120,relu,64,0.290498958961139,0.0001206141101557,38,0.7902576128641764,0.7821803717386155
2,INTERMEDIATE,121,relu,64,0.290498958961139,0.0001206141101557,38,0.753998726606369,0.7621096060389564
2,INTERMEDIATE,122,relu,64,0.290498958961139,0.0001206141101557,38,0.7796463668346405,0.7653014262517294
2,INTERMEDIATE,123,relu,64,0.290498958961139,0.0001206141101557,38,0.7924417853355408,0.7574573556582133
2,INTERMEDIATE,124,relu,64,0.290498958961139,0.0001206141101557,38,0.818728635708491,0.7487980865296864
2,INTERMEDIATE,125,relu,64,0.290498958961139,0.0001206141101557,38,0.7273290157318115,0.7446843016715277
2,INTERMEDIATE,126,relu,64,0.290498958961139,0.0001206141101557,38,0.7400618195533752,0.748332230817704
2,INTERMEDIATE,127,relu,64,0.290498958961139,0.0001206141101557,38,0.7344075938065847,0.7384856910932631
2,INTERMEDIATE,128,relu,64,0.290498958961139,0.0001206141101557,38,0.7039400885502497,0.7406489139511472
2,INTERMEDIATE,129,relu,64,0.290498958961139,0.0001206141101557,38,0.7199827233950297,0.7526226355915978
2,INTERMEDIATE,130,relu,64,0.290498958961139,0.0001206141101557,38,0.7619901796181997,0.7314254528000241
2,INTERMEDIATE,131,relu,64,0.290498958961139,0.0001206141101557,38,0.7890802919864655,0.7297203767867315
2,INTERMEDIATE,132,relu,64,0.290498958961139,0.0001206141101557,38,0.7693055967489878,0.7183675595692226
2,INTERMEDIATE,133,relu,64,0.290498958961139,0.0001206141101557,38,0.7641244530677795,0.7217495356287275
2,INTERMEDIATE,134,relu,64,0.290498958961139,0.0001206141101557,38,0.7171478569507599,0.7025637683414278
2,INTERMEDIATE,135,relu,64,0.290498958961139,0.0001206141101557,38,0.7532038688659668,0.6951016130901518
2,INTERMEDIATE,136,relu,64,0.290498958961139,0.0001206141101557,38,0.7100593249003092,0.6980398694674174
2,INTERMEDIATE,137,relu,64,0.290498958961139,0.0001206141101557,38,0.8235641717910767,0.7067328946931022
2,INTERMEDIATE,138,relu,64,0.290498958961139,0.0001206141101557,38,0.640095608929793,0.722256791023981
2,INTERMEDIATE,139,relu,64,0.290498958961139,0.0001206141101557,38,0.6552545924981436,0.7035892861230033
2,INTERMEDIATE,140,relu,64,0.290498958961139,0.0001206141101557,38,0.7293193240960439,0.710758544149853
2,INTERMEDIATE,141,relu,64,0.290498958961139,0.0001206141101557,38,0.6830704112847646,0.6810780224345979
2,INTERMEDIATE,142,relu,64,0.290498958961139,0.0001206141101557,38,0.6174362103144327,0.6693484499340966
2,INTERMEDIATE,143,relu,64,0.290498958961139,0.0001206141101557,38,0.5928864851593971,0.6659655287152245
2,INTERMEDIATE,144,relu,64,0.290498958961139,0.0001206141101557,38,0.6524111529191335,0.6720772186915079
2,INTERMEDIATE,145,relu,64,0.290498958961139,0.0001206141101557,38,0.6639547248681387,0.6628668790771848
2,INTERMEDIATE,146,relu,64,0.290498958961139,0.0001206141101557,38,0.6734006404876709,0.6694150453522092
2,INTERMEDIATE,147,relu,64,0.290498958961139,0.0001206141101557,38,0.6165524423122406,0.6569083914870307
2,INTERMEDIATE,148,relu,64,0.290498958961139,0.0001206141101557,38,0.6532946527004242,0.7179585241136097
2,INTERMEDIATE,149,relu,64,0.290498958961139,0.0001206141101557,38,0.6713006893793741,0.6612180953934079
2,COMPLETED,149,relu,64,0.290498958961139,0.0001206141101557,38,0.5928864851593971,0.6659655287152245
3,INTERMEDIATE,0,elu,16,0.1208402009531152,0.0002685484719663,40,1.5561428126834689,1.609497877155862
3,INTERMEDIATE,1,elu,16,0.1208402009531152,0.0002685484719663,40,1.1496688837096805,1.366008790527902
3,INTERMEDIATE,2,elu,16,0.1208402009531152,0.0002685484719663,40,1.0598677056176322,1.1021170507117015
3,INTERMEDIATE,3,elu,16,0.1208402009531152,0.0002685484719663,40,1.0267669303076608,1.036586675702072
3,INTERMEDIATE,4,elu,16,0.1208402009531152,0.0002685484719663,40,0.9883536639667692,1.0253361667074807
3,INTERMEDIATE,5,elu,16,0.1208402009531152,0.0002685484719663,40,0.9908453169323148,0.99994462437746
3,INTERMEDIATE,6,elu,16,0.1208402009531152,0.0002685484719663,40,0.9771791866847448,0.998109123328837
3,INTERMEDIATE,7,elu,16,0.1208402009531152,0.0002685484719663,40,0.981303192320324,0.9958947584396456
3,INTERMEDIATE,8,elu,16,0.1208402009531152,0.0002685484719663,40,0.9740814254397436,0.9746106499578896
3,INTERMEDIATE,9,elu,16,0.1208402009531152,0.0002685484719663,40,0.9612751461210703,0.9666965611097288
3,INTERMEDIATE,10,elu,16,0.1208402009531152,0.0002685484719663,40,0.9284180856886364,0.9367666586143214
3,INTERMEDIATE,11,elu,16,0.1208402009531152,0.0002685484719663,40,0.9174508480798632,0.9155361027252384
3,INTERMEDIATE,12,elu,16,0.1208402009531152,0.0002685484719663,40,0.8934950204122634,0.8962841063010983
3,INTERMEDIATE,13,elu,16,0.1208402009531152,0.0002685484719663,40,0.8918888795943487,0.8798003294845906
3,INTERMEDIATE,14,elu,16,0.1208402009531152,0.0002685484719663,40,0.8544205739384606,0.8693950154432436
3,INTERMEDIATE,15,elu,16,0.1208402009531152,0.0002685484719663,40,0.8762504061063131,0.8604908407461352
3,INTERMEDIATE,16,elu,16,0.1208402009531152,0.0002685484719663,40,0.8754765391349792,0.8451442634913979
3,INTERMEDIATE,17,elu,16,0.1208402009531152,0.0002685484719663,40,0.8406349846294948,0.8329216703409101
3,INTERMEDIATE,18,elu,16,0.1208402009531152,0.0002685484719663,40,0.8285428597813561,0.867891384334099
3,INTERMEDIATE,19,elu,16,0.1208402009531152,0.0002685484719663,40,0.8110295676049732,0.8141525325978675
3,INTERMEDIATE,20,elu,16,0.1208402009531152,0.0002685484719663,40,0.8058662215868632,0.7907032581364236
3,INTERMEDIATE,21,elu,16,0.1208402009531152,0.0002685484719663,40,0.8016369257654462,0.7818950411023163
3,INTERMEDIATE,22,elu,16,0.1208402009531152,0.0002685484719663,40,0.8455223810105097,0.794484894086675
3,INTERMEDIATE,23,elu,16,0.1208402009531152,0.0002685484719663,40,0.8659652868906657,0.7995770777144083
3,INTERMEDIATE,24,elu,16,0.1208402009531152,0.0002685484719663,40,0.8069225351015726,0.8187565621806354
3,INTERMEDIATE,25,elu,16,0.1208402009531152,0.0002685484719663,40,0.8041282182648068,0.7747838140987768
3,INTERMEDIATE,26,elu,16,0.1208402009531152,0.0002685484719663,40,0.8014422342890785,0.7474027366899862
3,INTERMEDIATE,27,elu,16,0.1208402009531152,0.0002685484719663,40,0.8045423626899719,0.7479374495948233
3,INTERMEDIATE,28,elu,16,0.1208402009531152,0.0002685484719663,40,0.780538729258946,0.7454105964521083
3,INTERMEDIATE,29,elu,16,0.1208402009531152,0.0002685484719663,40,0.7656024538335346,0.7317291254677424
3,INTERMEDIATE,30,elu,16,0.1208402009531152,0.0002685484719663,40,0.7617891430854797,0.69554985114714
3,INTERMEDIATE,31,elu,16,0.1208402009531152,0.0002685484719663,40,0.7213934319359916,0.7023669306824847
3,INTERMEDIATE,32,elu,16,0.1208402009531152,0.0002685484719663,40,0.7134398562567574,0.6664942618822907
3,INTERMEDIATE,33,elu,16,0.1208402009531152,0.0002685484719663,40,0.7006814039888836,0.6628053195592833
3,INTERMEDIATE,34,elu,16,0.1208402009531152,0.0002685484719663,40,0.6929810841878256,0.6515249784399824
3,INTERMEDIATE,35,elu,16,0.1208402009531152,0.0002685484719663,40,0.7156841073717389,0.7075435373841262
3,INTERMEDIATE,36,elu,16,0.1208402009531152,0.0002685484719663,40,0.6666509267829713,0.6799813272749505
3,INTERMEDIATE,37,elu,16,0.1208402009531152,0.0002685484719663,40,0.7765810262589228,0.6819249994871093
3,INTERMEDIATE,38,elu,16,0.1208402009531152,0.0002685484719663,40,0.658267739273253,0.6489233200143023
3,INTERMEDIATE,39,elu,16,0.1208402009531152,0.0002685484719663,40,0.6685579121112823,0.6480768730000752
3,INTERMEDIATE,40,elu,16,0.1208402009531152,0.0002685484719663,40,0.9041702889260792,0.841241708979374
3,INTERMEDIATE,41,elu,16,0.1208402009531152,0.0002685484719663,40,0.838254573799315,0.8375242600535474
3,INTERMEDIATE,42,elu,16,0.1208402009531152,0.0002685484719663,40,0.8597629382496789,0.8059240535991948
3,INTERMEDIATE,43,elu,16,0.1208402009531152,0.0002685484719663,40,0.8570306698481241,0.8075952475390783
3,INTERMEDIATE,44,elu,16,0.1208402009531152,0.0002685484719663,40,0.8355130666778201,0.796891995319506
3,INTERMEDIATE,45,elu,16,0.1208402009531152,0.0002685484719663,40,0.8228233995891753,0.7751818026711301
3,INTERMEDIATE,46,elu,16,0.1208402009531152,0.0002685484719663,40,0.8075219520500728,0.789576571525597
3,INTERMEDIATE,47,elu,16,0.1208402009531152,0.0002685484719663,40,0.8331615101723444,0.7555149535580379
3,INTERMEDIATE,48,elu,16,0.1208402009531152,0.0002685484719663,40,0.794684078012194,0.7492012505124255
3,INTERMEDIATE,49,elu,16,0.1208402009531152,0.0002685484719663,40,0.7692923872243791,0.7433594617901779
3,INTERMEDIATE,50,elu,16,0.1208402009531152,0.0002685484719663,40,0.7862813274065653,0.739085457310444
3,INTERMEDIATE,51,elu,16,0.1208402009531152,0.0002685484719663,40,0.7634317818142119,0.7169947904057619
3,INTERMEDIATE,52,elu,16,0.1208402009531152,0.0002685484719663,40,0.7448801227978298,0.7016474459229446
3,INTERMEDIATE,53,elu,16,0.1208402009531152,0.0002685484719663,40,0.717480738957723,0.6708754798988017
3,INTERMEDIATE,54,elu,16,0.1208402009531152,0.0002685484719663,40,0.7067576079141527,0.6647244730010266
3,INTERMEDIATE,55,elu,16,0.1208402009531152,0.0002685484719663,40,0.7095117292233876,0.6862806814109407
3,INTERMEDIATE,56,elu,16,0.1208402009531152,0.0002685484719663,40,0.7201179649148669,0.6861467833926038
3,INTERMEDIATE,57,elu,16,0.1208402009531152,0.0002685484719663,40,0.6956300054277692,0.6745605857633963
3,INTERMEDIATE,58,elu,16,0.1208402009531152,0.0002685484719663,40,0.7175035462492988,0.6717863122864467
3,INTERMEDIATE,59,elu,16,0.1208402009531152,0.0002685484719663,40,0.6911891571113041,0.6609053906144166
3,INTERMEDIATE,60,elu,16,0.1208402009531152,0.0002685484719663,40,0.7097504734992981,0.6636596351135068
3,INTERMEDIATE,61,elu,16,0.1208402009531152,0.0002685484719663,40,0.670515293166751,0.6563847174004811
3,INTERMEDIATE,62,elu,16,0.1208402009531152,0.0002685484719663,40,0.6776320536931356,0.6448544623648248
3,INTERMEDIATE,63,elu,16,0.1208402009531152,0.0002685484719663,40,0.6557024873438335,0.6298302706421876
3,INTERMEDIATE,64,elu,16,0.1208402009531152,0.0002685484719663,40,0.670913998569761,0.617440221149747
3,INTERMEDIATE,65,elu,16,0.1208402009531152,0.0002685484719663,40,0.672046674149377,0.6272453858358104
3,INTERMEDIATE,66,elu,16,0.1208402009531152,0.0002685484719663,40,0.6394121135984149,0.6060379212040726
3,INTERMEDIATE,67,elu,16,0.1208402009531152,0.0002685484719663,40,0.6790628603526524,0.6068095955543402
3,INTERMEDIATE,68,elu,16,0.1208402009531152,0.0002685484719663,40,0.6470790902773539,0.60614295848986
3,INTERMEDIATE,69,elu,16,0.1208402009531152,0.0002685484719663,40,0.6413643274988446,0.6173503631498756
3,INTERMEDIATE,70,elu,16,0.1208402009531152,0.0002685484719663,40,0.6388497494515919,0.6418835924166005
3,INTERMEDIATE,71,elu,16,0.1208402009531152,0.0002685484719663,40,0.6312989549977439,0.6131974267886906
3,INTERMEDIATE,72,elu,16,0.1208402009531152,0.0002685484719663,40,0.6172897304807391,0.5941143700989281
3,INTERMEDIATE,73,elu,16,0.1208402009531152,0.0002685484719663,40,0.8293048569134304,0.6772588824898731
3,INTERMEDIATE,74,elu,16,0.1208402009531152,0.0002685484719663,40,0.6575853242760613,0.6356000415072208
3,INTERMEDIATE,75,elu,16,0.1208402009531152,0.0002685484719663,40,0.7081985189801171,0.5988273486585879
3,INTERMEDIATE,76,elu,16,0.1208402009531152,0.0002685484719663,40,0.6008399625619253,0.604237846939302
3,INTERMEDIATE,77,elu,16,0.1208402009531152,0.0002685484719663,40,0.6305518462544396,0.6044851686896348
3,INTERMEDIATE,78,elu,16,0.1208402009531152,0.0002685484719663,40,0.6388282364323026,0.5631928989073125
3,INTERMEDIATE,79,elu,16,0.1208402009531152,0.0002685484719663,40,0.6059257288773855,0.5713270293866716
3,INTERMEDIATE,80,elu,16,0.1208402009531152,0.0002685484719663,40,0.5821390535150256,0.5389032098578244
3,INTERMEDIATE,81,elu,16,0.1208402009531152,0.0002685484719663,40,0.6092464278141657,0.5327157014753761
3,INTERMEDIATE,82,elu,16,0.1208402009531152,0.0002685484719663,40,0.7228772469929287,0.5063465397532393
3,INTERMEDIATE,83,elu,16,0.1208402009531152,0.0002685484719663,40,0.4534475278286707,0.4936750834671462
3,INTERMEDIATE,84,elu,16,0.1208402009531152,0.0002685484719663,40,0.6760970907551902,0.5875126552291032
3,INTERMEDIATE,85,elu,16,0.1208402009531152,0.0002685484719663,40,0.6474948936984652,0.580869304697688
3,INTERMEDIATE,86,elu,16,0.1208402009531152,0.0002685484719663,40,0.6438094093686059,0.5811547408016716
3,INTERMEDIATE,87,elu,16,0.1208402009531152,0.0002685484719663,40,0.6239933925015586,0.5627253586199226
3,INTERMEDIATE,88,elu,16,0.1208402009531152,0.0002685484719663,40,0.5899816765671685,0.5526893825792685
3,INTERMEDIATE,89,elu,16,0.1208402009531152,0.0002685484719663,40,0.5728896501518431,0.5550725912538971
3,INTERMEDIATE,90,elu,16,0.1208402009531152,0.0002685484719663,40,0.5744275606813884,0.5060757809295887
3,INTERMEDIATE,91,elu,16,0.1208402009531152,0.0002685484719663,40,0.5338889835845857,0.4973924049153561
3,INTERMEDIATE,92,elu,16,0.1208402009531152,0.0002685484719663,40,0.5504743045284635,0.545800193780806
3,INTERMEDIATE,93,elu,16,0.1208402009531152,0.0002685484719663,40,0.4489969036408833,0.4590739869035599
3,INTERMEDIATE,94,elu,16,0.1208402009531152,0.0002685484719663,40,0.8378539085388184,0.5288279096527797
3,INTERMEDIATE,95,elu,16,0.1208402009531152,0.0002685484719663,40,0.615480390332994,0.7088966564070888
3,INTERMEDIATE,96,elu,16,0.1208402009531152,0.0002685484719663,40,0.5284897543135143,0.5646220658247064
3,INTERMEDIATE,97,elu,16,0.1208402009531152,0.0002685484719663,40,0.5255275716384252,0.4943732890050585
3,INTERMEDIATE,98,elu,16,0.1208402009531152,0.0002685484719663,40,0.5457794098627,0.475899909963695
3,INTERMEDIATE,99,elu,16,0.1208402009531152,0.0002685484719663,40,0.589866721204349,0.5305730378845843
3,INTERMEDIATE,100,elu,16,0.1208402009531152,0.0002685484719663,40,0.4890408913294474,0.496464320980921
3,INTERMEDIATE,101,elu,16,0.1208402009531152,0.0002685484719663,40,0.5364498772791454,0.4880863413578126
3,INTERMEDIATE,102,elu,16,0.1208402009531152,0.0002685484719663,40,0.458128870952697,0.4828818522211981
3,INTERMEDIATE,103,elu,16,0.1208402009531152,0.0002685484719663,40,0.513842876468386,0.4874140062346691
3,INTERMEDIATE,104,elu,16,0.1208402009531152,0.0002685484719663,40,0.7492689050379253,0.6923021259831219
3,INTERMEDIATE,105,elu,16,0.1208402009531152,0.0002685484719663,40,0.6870533611093249,0.6858547362612515
3,INTERMEDIATE,106,elu,16,0.1208402009531152,0.0002685484719663,40,0.9042217703092664,0.7259308839353119
3,INTERMEDIATE,107,elu,16,0.1208402009531152,0.0002685484719663,40,0.795308788617452,0.7694469613999855
3,INTERMEDIATE,108,elu,16,0.1208402009531152,0.0002685484719663,40,0.7718282753512973,0.7115753053165064
3,INTERMEDIATE,109,elu,16,0.1208402009531152,0.0002685484719663,40,0.7950956111862546,0.676124908756919
3,INTERMEDIATE,110,elu,16,0.1208402009531152,0.0002685484719663,40,0.729736464364188,0.6880125992181825
3,INTERMEDIATE,111,elu,16,0.1208402009531152,0.0002685484719663,40,0.6787843179135096,0.6280630861477154
3,INTERMEDIATE,112,elu,16,0.1208402009531152,0.0002685484719663,40,0.6631609683945066,0.6192684700576271
3,INTERMEDIATE,113,elu,16,0.1208402009531152,0.0002685484719663,40,0.644053266161964,0.5971133814352315
3,INTERMEDIATE,114,elu,16,0.1208402009531152,0.0002685484719663,40,0.6533493257704235,0.5896236594857239
3,INTERMEDIATE,115,elu,16,0.1208402009531152,0.0002685484719663,40,0.6731276781786055,0.6033958988945659
3,INTERMEDIATE,116,elu,16,0.1208402009531152,0.0002685484719663,40,0.6441446244716644,0.5864613183387896
3,INTERMEDIATE,117,elu,16,0.1208402009531152,0.0002685484719663,40,0.6238232467855725,0.636936449059626
3,INTERMEDIATE,118,elu,16,0.1208402009531152,0.0002685484719663,40,0.6430939038594564,0.5901623451855125
3,INTERMEDIATE,119,elu,16,0.1208402009531152,0.0002685484719663,40,0.6370322314046678,0.5823611882401676
3,INTERMEDIATE,120,elu,16,0.1208402009531152,0.0002685484719663,40,0.9687948908124652,0.7899856650974693
3,INTERMEDIATE,121,elu,16,0.1208402009531152,0.0002685484719663,40,0.8230171132655371,0.7995036985816025
3,INTERMEDIATE,122,elu,16,0.1208402009531152,0.0002685484719663,40,0.7448863415491014,0.6987870640871001
3,INTERMEDIATE,123,elu,16,0.1208402009531152,0.0002685484719663,40,0.7157364842437562,0.6635306559321357
3,INTERMEDIATE,124,elu,16,0.1208402009531152,0.0002685484719663,40,0.6728193703151885,0.5993758748944212
3,INTERMEDIATE,125,elu,16,0.1208402009531152,0.0002685484719663,40,0.6679688876583463,0.5841625514553814
3,INTERMEDIATE,126,elu,16,0.1208402009531152,0.0002685484719663,40,0.6003657224632445,0.5193683868501244
3,INTERMEDIATE,127,elu,16,0.1208402009531152,0.0002685484719663,40,0.5879564256895156,0.5130154781225251
3,INTERMEDIATE,128,elu,16,0.1208402009531152,0.0002685484719663,40,0.6326066326527369,0.4983961872029595
3,INTERMEDIATE,129,elu,16,0.1208402009531152,0.0002685484719663,40,0.5532375630878267,0.4977755081362841
3,INTERMEDIATE,130,elu,16,0.1208402009531152,0.0002685484719663,40,0.5941278608072371,0.4742123032125031
3,INTERMEDIATE,131,elu,16,0.1208402009531152,0.0002685484719663,40,0.7157188341731117,0.4712453362781827
3,INTERMEDIATE,132,elu,16,0.1208402009531152,0.0002685484719663,40,0.4985876665228889,0.47852592724489
3,INTERMEDIATE,133,elu,16,0.1208402009531152,0.0002685484719663,40,0.5122073448839641,0.4817318732782108
3,COMPLETED,133,elu,16,0.1208402009531152,0.0002685484719663,40,0.4489969036408833,0.4590739869035599
4,INTERMEDIATE,0,elu,32,0.3277222917466294,0.0002142290169389,51,1.5540065657008777,1.5797165690398798
4,INTERMEDIATE,1,elu,32,0.3277222917466294,0.0002142290169389,51,1.4406326900828967,1.50167527431395
4,INTERMEDIATE,2,elu,32,0.3277222917466294,0.0002142290169389,51,1.2041664665395564,1.3308705934664098
4,INTERMEDIATE,3,elu,32,0.3277222917466294,0.0002142290169389,51,1.0994893854314631,1.144422800075717
4,INTERMEDIATE,4,elu,32,0.3277222917466294,0.0002142290169389,51,1.021072338927876,1.0749648765819828
4,INTERMEDIATE,5,elu,32,0.3277222917466294,0.0002142290169389,51,1.0449615175073796,1.0457710841806924
4,INTERMEDIATE,6,elu,32,0.3277222917466294,0.0002142290169389,51,1.010028979995034,1.0304345997368418
4,INTERMEDIATE,7,elu,32,0.3277222917466294,0.0002142290169389,51,0.9707659212025728,1.0066404139123313
4,INTERMEDIATE,8,elu,32,0.3277222917466294,0.0002142290169389,51,0.9953809109601108,1.0016337952962735
4,INTERMEDIATE,9,elu,32,0.3277222917466294,0.0002142290169389,51,0.9624008536338806,0.9839008116140598
4,INTERMEDIATE,10,elu,32,0.3277222917466294,0.0002142290169389,51,0.956331729888916,0.9785718234573922
4,INTERMEDIATE,11,elu,32,0.3277222917466294,0.0002142290169389,51,0.9553347284143622,0.9747460062910872
4,INTERMEDIATE,12,elu,32,0.3277222917466294,0.0002142290169389,51,0.9153635935349898,0.94139210916147
4,INTERMEDIATE,13,elu,32,0.3277222917466294,0.0002142290169389,51,0.9512381607835944,0.9484354446573956
4,INTERMEDIATE,14,elu,32,0.3277222917466294,0.0002142290169389,51,0.9291489720344543,0.927673009837546
4,INTERMEDIATE,15,elu,32,0.3277222917466294,0.0002142290169389,51,0.9103172638199546,0.9170337203072338
4,INTERMEDIATE,16,elu,32,0.3277222917466294,0.0002142290169389,51,0.922591203993017,0.9017519514735152
4,INTERMEDIATE,17,elu,32,0.3277222917466294,0.0002142290169389,51,0.9289927320046858,0.9081017505831834
4,INTERMEDIATE,18,elu,32,0.3277222917466294,0.0002142290169389,51,0.8886218721216376,0.8906781237299849
4,INTERMEDIATE,19,elu,32,0.3277222917466294,0.0002142290169389,51,0.8831231431527571,0.8791269834448652
4,INTERMEDIATE,20,elu,32,0.3277222917466294,0.0002142290169389,51,0.8466829549182545,0.8481039419406797
4,INTERMEDIATE,21,elu,32,0.3277222917466294,0.0002142290169389,51,0.8359662348573859,0.8343837944472708
4,INTERMEDIATE,22,elu,32,0.3277222917466294,0.0002142290169389,51,0.8453746058724143,0.8190102250110812
4,INTERMEDIATE,23,elu,32,0.3277222917466294,0.0002142290169389,51,0.8298002806576815,0.8246350520994605
4,INTERMEDIATE,24,elu,32,0.3277222917466294,0.0002142290169389,51,0.8473580804738131,0.8140177014397412
4,INTERMEDIATE,25,elu,32,0.3277222917466294,0.0002142290169389,51,0.7914829850196838,0.7972961773232716
4,INTERMEDIATE,26,elu,32,0.3277222917466294,0.0002142290169389,51,0.7969451925971291,0.7997468142974667
4,INTERMEDIATE,27,elu,32,0.3277222917466294,0.0002142290169389,51,0.7923095686869188,0.8212469118397411
4,INTERMEDIATE,28,elu,32,0.3277222917466294,0.0002142290169389,51,0.8109360066327181,0.7872787714004517
4,INTERMEDIATE,29,elu,32,0.3277222917466294,0.0002142290169389,51,0.8532080108469183,0.7758608605803513
4,INTERMEDIATE,30,elu,32,0.3277222917466294,0.0002142290169389,51,0.8247513987801292,0.777136149929791
4,INTERMEDIATE,31,elu,32,0.3277222917466294,0.0002142290169389,51,0.8276011076840487,0.7653288659526081
4,INTERMEDIATE,32,elu,32,0.3277222917466294,0.0002142290169389,51,0.7980234243653037,0.7768369622346831
4,INTERMEDIATE,33,elu,32,0.3277222917466294,0.0002142290169389,51,0.7663004831834273,0.7642191052436829
4,INTERMEDIATE,34,elu,32,0.3277222917466294,0.0002142290169389,51,0.7495420385490764,0.7565882482179781
4,INTERMEDIATE,35,elu,32,0.3277222917466294,0.0002142290169389,51,0.8301850394769148,0.7553586014887181
4,INTERMEDIATE,36,elu,32,0.3277222917466294,0.0002142290169389,51,0.7911051078276201,0.7458786804501604
4,INTERMEDIATE,37,elu,32,0.3277222917466294,0.0002142290169389,51,0.8683462359688499,0.7373104240836167
4,INTERMEDIATE,38,elu,32,0.3277222917466294,0.0002142290169389,51,0.7286272374066439,0.7423759691598939
4,INTERMEDIATE,39,elu,32,0.3277222917466294,0.0002142290169389,51,0.7263642034747384,0.7169056156786476
4,INTERMEDIATE,40,elu,32,0.3277222917466294,0.0002142290169389,51,0.7729757157239047,0.7028090067026092
4,INTERMEDIATE,41,elu,32,0.3277222917466294,0.0002142290169389,51,0.7804418693889271,0.6939066335922335
4,INTERMEDIATE,42,elu,32,0.3277222917466294,0.0002142290169389,51,0.6659828180616553,0.6900741581509753
4,INTERMEDIATE,43,elu,32,0.3277222917466294,0.0002142290169389,51,0.7416154064915397,0.6697541744243808
4,INTERMEDIATE,44,elu,32,0.3277222917466294,0.0002142290169389,51,0.6885469582947817,0.7232399255764194
4,INTERMEDIATE,45,elu,32,0.3277222917466294,0.0002142290169389,51,0.653969940814105,0.6497524773202291
4,INTERMEDIATE,46,elu,32,0.3277222917466294,0.0002142290169389,51,0.6179062046787955,0.658160627615161
4,INTERMEDIATE,47,elu,32,0.3277222917466294,0.0002142290169389,51,0.6172007078474219,0.6325131589319648
4,INTERMEDIATE,48,elu,32,0.3277222917466294,0.0002142290169389,51,0.6259727369655262,0.6199453371327098
4,INTERMEDIATE,49,elu,32,0.3277222917466294,0.0002142290169389,51,0.5735486285253004,0.6132892021318761
4,INTERMEDIATE,50,elu,32,0.3277222917466294,0.0002142290169389,51,0.5872800648212433,0.5922236704244846
4,INTERMEDIATE,51,elu,32,0.3277222917466294,0.0002142290169389,51,0.6340759748762305,0.595587432384491
4,INTERMEDIATE,52,elu,32,0.3277222917466294,0.0002142290169389,51,0.6034796292131598,0.5568926974040705
4,INTERMEDIATE,53,elu,32,0.3277222917466294,0.0002142290169389,51,0.5519162226806987,0.5587788027961079
4,INTERMEDIATE,54,elu,32,0.3277222917466294,0.0002142290169389,51,0.5297099839557301,0.5345200242065802
4,INTERMEDIATE,55,elu,32,0.3277222917466294,0.0002142290169389,51,0.590735600753264,0.5498371640356575
4,INTERMEDIATE,56,elu,32,0.3277222917466294,0.0002142290169389,51,0.4834560961885886,0.5546835355642366
4,INTERMEDIATE,57,elu,32,0.3277222917466294,0.0002142290169389,51,0.4984885860573161,0.5138340817718972
4,INTERMEDIATE,58,elu,32,0.3277222917466294,0.0002142290169389,51,0.5122400224208832,0.4941231353980739
4,INTERMEDIATE,59,elu,32,0.3277222917466294,0.0002142290169389,51,0.5664582089944319,0.4884782222712912
4,INTERMEDIATE,60,elu,32,0.3277222917466294,0.0002142290169389,51,0.5509463169357993,0.513013407951448
4,INTERMEDIATE,61,elu,32,0.3277222917466294,0.0002142290169389,51,0.4900310933589935,0.4641579142430933
4,INTERMEDIATE,62,elu,32,0.3277222917466294,0.0002142290169389,51,0.4668620770627802,0.4647151035506551
4,INTERMEDIATE,63,elu,32,0.3277222917466294,0.0002142290169389,51,0.472612516446547,0.4542650667632498
4,INTERMEDIATE,64,elu,32,0.3277222917466294,0.0002142290169389,51,0.4701807634396986,0.4723671449393761
4,INTERMEDIATE,65,elu,32,0.3277222917466294,0.0002142290169389,51,0.4486791626973586,0.442750533179539
4,INTERMEDIATE,66,elu,32,0.3277222917466294,0.0002142290169389,51,0.449452668428421,0.4386531147288113
4,INTERMEDIATE,67,elu,32,0.3277222917466294,0.0002142290169389,51,0.4564739723097194,0.4395621887794355
4,INTERMEDIATE,68,elu,32,0.3277222917466294,0.0002142290169389,51,0.4686269164085388,0.4262195629317586
4,INTERMEDIATE,69,elu,32,0.3277222917466294,0.0002142290169389,51,0.4477635567838495,0.4446172212682119
4,INTERMEDIATE,70,elu,32,0.3277222917466294,0.0002142290169389,51,0.4252455261620608,0.436049535870552
4,INTERMEDIATE,71,elu,32,0.3277222917466294,0.0002142290169389,51,0.4082443985072049,0.4080429040804142
4,INTERMEDIATE,72,elu,32,0.3277222917466294,0.0002142290169389,51,0.4002579342235218,0.3984164693733541
4,INTERMEDIATE,73,elu,32,0.3277222917466294,0.0002142290169389,51,0.3998156542127782,0.4003195108436956
4,INTERMEDIATE,74,elu,32,0.3277222917466294,0.0002142290169389,51,0.4356995306231759,0.401458220510948
4,INTERMEDIATE,75,elu,32,0.3277222917466294,0.0002142290169389,51,0.3978704877875068,0.3800757302016747
4,INTERMEDIATE,76,elu,32,0.3277222917466294,0.0002142290169389,51,0.4080982479182156,0.3852263234737443
4,INTERMEDIATE,77,elu,32,0.3277222917466294,0.0002142290169389,51,0.3886393308639526,0.3732212214935116
4,INTERMEDIATE,78,elu,32,0.3277222917466294,0.0002142290169389,51,0.404902157458392,0.3898640678423207
4,INTERMEDIATE,79,elu,32,0.3277222917466294,0.0002142290169389,51,0.3881850323893807,0.4111113490127935
4,INTERMEDIATE,80,elu,32,0.3277222917466294,0.0002142290169389,51,0.3947089734402569,0.4292451215953362
4,INTERMEDIATE,81,elu,32,0.3277222917466294,0.0002142290169389,51,0.3655933128161864,0.385492906701274
4,INTERMEDIATE,82,elu,32,0.3277222917466294,0.0002142290169389,51,0.3662681728601455,0.3639698235726938
4,INTERMEDIATE,83,elu,32,0.3277222917466294,0.0002142290169389,51,0.3635847284035249,0.3758868153502301
4,INTERMEDIATE,84,elu,32,0.3277222917466294,0.0002142290169389,51,0.3521215665069493,0.3673745175687278
4,INTERMEDIATE,85,elu,32,0.3277222917466294,0.0002142290169389,51,0.4488628371195359,0.3585127817421424
4,INTERMEDIATE,86,elu,32,0.3277222917466294,0.0002142290169389,51,0.3925026343627409,0.3684078193292385
4,INTERMEDIATE,87,elu,32,0.3277222917466294,0.0002142290169389,51,0.360307129946622,0.3485798581344325
4,INTERMEDIATE,88,elu,32,0.3277222917466294,0.0002142290169389,51,0.4514027034694498,0.3455882606709876
4,INTERMEDIATE,89,elu,32,0.3277222917466294,0.0002142290169389,51,0.4260994128205559,0.3528496971944483
4,INTERMEDIATE,90,elu,32,0.3277222917466294,0.0002142290169389,51,0.3712950592691248,0.353983783867301
4,INTERMEDIATE,91,elu,32,0.3277222917466294,0.0002142290169389,51,0.3663148229772394,0.3455594116594733
4,INTERMEDIATE,92,elu,32,0.3277222917466294,0.0002142290169389,51,0.4196311384439468,0.3558728233343217
4,INTERMEDIATE,93,elu,32,0.3277222917466294,0.0002142290169389,51,0.338847203688188,0.3427438834091512
4,INTERMEDIATE,94,elu,32,0.3277222917466294,0.0002142290169389,51,0.3243440254168077,0.3270842327577312
4,INTERMEDIATE,95,elu,32,0.3277222917466294,0.0002142290169389,51,0.4340218657797033,0.3524788585377902
4,INTERMEDIATE,96,elu,32,0.3277222917466294,0.0002142290169389,51,0.3596538549119776,0.3844059247796128
4,INTERMEDIATE,97,elu,32,0.3277222917466294,0.0002142290169389,51,0.3747483762827786,0.3521133243310742
4,INTERMEDIATE,98,elu,32,0.3277222917466294,0.0002142290169389,51,0.3886210512031208,0.3437254959490241
4,INTERMEDIATE,99,elu,32,0.3277222917466294,0.0002142290169389,51,0.3352799889716235,0.35970387008132
4,INTERMEDIATE,100,elu,32,0.3277222917466294,0.0002142290169389,51,0.5261103524403139,0.3512645796304796
4,INTERMEDIATE,101,elu,32,0.3277222917466294,0.0002142290169389,51,0.3586764288219539,0.3474671141040034
4,INTERMEDIATE,102,elu,32,0.3277222917466294,0.0002142290169389,51,0.3654196235266598,0.303327041973428
4,INTERMEDIATE,103,elu,32,0.3277222917466294,0.0002142290169389,51,0.3405163091692058,0.3031837449568074
4,INTERMEDIATE,104,elu,32,0.3277222917466294,0.0002142290169389,51,0.2828991789032112,0.3125457836360466
4,INTERMEDIATE,105,elu,32,0.3277222917466294,0.0002142290169389,51,0.3077878227288073,0.2949177608257387
4,INTERMEDIATE,106,elu,32,0.3277222917466294,0.0002142290169389,51,0.2718987295573408,0.3011497840648744
4,INTERMEDIATE,107,elu,32,0.3277222917466294,0.0002142290169389,51,0.3026585971767252,0.2816715620276404
4,INTERMEDIATE,108,elu,32,0.3277222917466294,0.0002142290169389,51,0.3081299303607507,0.2729754515173959
4,INTERMEDIATE,109,elu,32,0.3277222917466294,0.0002142290169389,51,0.2842948531562632,0.275368422996707
4,INTERMEDIATE,110,elu,32,0.3277222917466294,0.0002142290169389,51,0.3558595884930003,0.2824615156505166
4,INTERMEDIATE,111,elu,32,0.3277222917466294,0.0002142290169389,51,0.2567285028370944,0.2607950381026035
4,INTERMEDIATE,112,elu,32,0.3277222917466294,0.0002142290169389,51,0.2712038321928544,0.2522111649556858
4,INTERMEDIATE,113,elu,32,0.3277222917466294,0.0002142290169389,51,0.2663740007714791,0.253885517033135
4,INTERMEDIATE,114,elu,32,0.3277222917466294,0.0002142290169389,51,0.2975293966856869,0.2750105389007708
4,INTERMEDIATE,115,elu,32,0.3277222917466294,0.0002142290169389,51,0.3656743148511106,0.2637796665473682
4,INTERMEDIATE,116,elu,32,0.3277222917466294,0.0002142290169389,51,0.3120324056256901,0.2579300792478933
4,INTERMEDIATE,117,elu,32,0.3277222917466294,0.0002142290169389,51,0.2897750857201489,0.2311905691536461
4,INTERMEDIATE,118,elu,32,0.3277222917466294,0.0002142290169389,51,0.2546355121515014,0.2479158507251158
4,INTERMEDIATE,119,elu,32,0.3277222917466294,0.0002142290169389,51,0.275329166515307,0.2614170553662428
4,INTERMEDIATE,120,elu,32,0.3277222917466294,0.0002142290169389,51,0.3622809668833559,0.2344802089217232
4,INTERMEDIATE,121,elu,32,0.3277222917466294,0.0002142290169389,51,0.2672400569373911,0.2844526562385442
4,INTERMEDIATE,122,elu,32,0.3277222917466294,0.0002142290169389,51,0.2585230136120861,0.2893029015238692
4,INTERMEDIATE,123,elu,32,0.3277222917466294,0.0002142290169389,51,0.4201353530992161,0.2761540561914444
4,INTERMEDIATE,124,elu,32,0.3277222917466294,0.0002142290169389,51,0.2904281379147009,0.2444380527225936
4,INTERMEDIATE,125,elu,32,0.3277222917466294,0.0002142290169389,51,0.2824121347882531,0.2487519501549441
4,INTERMEDIATE,126,elu,32,0.3277222917466294,0.0002142290169389,51,0.2921026701276952,0.2309648394584655
4,INTERMEDIATE,127,elu,32,0.3277222917466294,0.0002142290169389,51,0.3432223024693402,0.2208992219189318
4,INTERMEDIATE,128,elu,32,0.3277222917466294,0.0002142290169389,51,0.3294318311593749,0.2301389104345949
4,INTERMEDIATE,129,elu,32,0.3277222917466294,0.0002142290169389,51,0.2618429420346563,0.2387379538722154
4,INTERMEDIATE,130,elu,32,0.3277222917466294,0.0002142290169389,51,0.3012691319666125,0.2319322017634787
4,INTERMEDIATE,131,elu,32,0.3277222917466294,0.0002142290169389,51,0.2499040276320143,0.2321141929161257
4,INTERMEDIATE,132,elu,32,0.3277222917466294,0.0002142290169389,51,0.2531113370575688,0.2373173155072258
4,INTERMEDIATE,133,elu,32,0.3277222917466294,0.0002142290169389,51,0.2740677750923417,0.2183538907911719
4,INTERMEDIATE,134,elu,32,0.3277222917466294,0.0002142290169389,51,0.2792663789269599,0.2388346037123261
4,INTERMEDIATE,135,elu,32,0.3277222917466294,0.0002142290169389,51,0.2716850800947709,0.2490416081940255
4,INTERMEDIATE,136,elu,32,0.3277222917466294,0.0002142290169389,51,0.2280614592388949,0.2195196522445213
4,INTERMEDIATE,137,elu,32,0.3277222917466294,0.0002142290169389,51,0.2696816027164459,0.2435501188766665
4,INTERMEDIATE,138,elu,32,0.3277222917466294,0.0002142290169389,51,0.2684195299040187,0.2194526162816257
4,INTERMEDIATE,139,elu,32,0.3277222917466294,0.0002142290169389,51,0.2079954370856285,0.2035977198946766
4,INTERMEDIATE,140,elu,32,0.3277222917466294,0.0002142290169389,51,0.248631725595756,0.2261606131385012
4,INTERMEDIATE,141,elu,32,0.3277222917466294,0.0002142290169389,51,0.296190204268152,0.2073536133620797
4,INTERMEDIATE,142,elu,32,0.3277222917466294,0.0002142290169389,51,0.3675161952322179,0.2010766728440436
4,INTERMEDIATE,143,elu,32,0.3277222917466294,0.0002142290169389,51,0.2394729933955452,0.2333275180582593
4,INTERMEDIATE,144,elu,32,0.3277222917466294,0.0002142290169389,51,0.2115447074174881,0.2346426603815904
4,INTERMEDIATE,145,elu,32,0.3277222917466294,0.0002142290169389,51,0.2344472327015616,0.1909930482506752
4,INTERMEDIATE,146,elu,32,0.3277222917466294,0.0002142290169389,51,0.2451591948893937,0.2044334913172373
4,INTERMEDIATE,147,elu,32,0.3277222917466294,0.0002142290169389,51,0.2179892257871953,0.2050643734088758
4,INTERMEDIATE,148,elu,32,0.3277222917466294,0.0002142290169389,51,0.2222002724354917,0.2049803215919471
4,INTERMEDIATE,149,elu,32,0.3277222917466294,0.0002142290169389,51,0.261398694308644,0.2384027440736933
4,COMPLETED,149,elu,32,0.3277222917466294,0.0002142290169389,51,0.2079954370856285,0.2035977198946766
5,INTERMEDIATE,0,relu,64,0.1419486779458161,0.0002956040032526,63,1.5972476402918498,1.610670736857823
5,INTERMEDIATE,1,relu,64,0.1419486779458161,0.0002956040032526,63,1.5736263593037922,1.592086218652271
5,INTERMEDIATE,2,relu,64,0.1419486779458161,0.0002956040032526,63,1.471104860305786,1.5542181503205073
5,INTERMEDIATE,3,relu,64,0.1419486779458161,0.0002956040032526,63,1.3236732085545857,1.434851776985895
5,INTERMEDIATE,4,relu,64,0.1419486779458161,0.0002956040032526,63,1.2225245436032612,1.331438109988258
5,INTERMEDIATE,5,relu,64,0.1419486779458161,0.0002956040032526,63,1.1377397179603577,1.2113930611383348
5,INTERMEDIATE,6,relu,64,0.1419486779458161,0.0002956040032526,63,1.1015218297640483,1.1236225905872526
5,INTERMEDIATE,7,relu,64,0.1419486779458161,0.0002956040032526,63,1.0240063567956288,1.0753566849799383
5,INTERMEDIATE,8,relu,64,0.1419486779458161,0.0002956040032526,63,0.9584712783495584,1.033820731299264
5,INTERMEDIATE,9,relu,64,0.1419486779458161,0.0002956040032526,63,0.9719710052013396,1.0052163969902763
5,INTERMEDIATE,10,relu,64,0.1419486779458161,0.0002956040032526,63,0.9594660302003224,0.990447734083448
5,INTERMEDIATE,11,relu,64,0.1419486779458161,0.0002956040032526,63,0.9439818561077118,0.9745076554162162
5,INTERMEDIATE,12,relu,64,0.1419486779458161,0.0002956040032526,63,0.975948522488276,0.9613021782466344
5,INTERMEDIATE,13,relu,64,0.1419486779458161,0.0002956040032526,63,0.9345268706480662,0.9393700134186518
5,INTERMEDIATE,14,relu,64,0.1419486779458161,0.0002956040032526,63,0.8692369163036346,0.9068458733104524
5,INTERMEDIATE,15,relu,64,0.1419486779458161,0.0002956040032526,63,0.9262054761250814,0.9001415712492806
5,INTERMEDIATE,16,relu,64,0.1419486779458161,0.0002956040032526,63,0.8580659528573354,0.9005911946296692
5,INTERMEDIATE,17,relu,64,0.1419486779458161,0.0002956040032526,63,0.8674116730690002,0.8714789492743356
5,INTERMEDIATE,18,relu,64,0.1419486779458161,0.0002956040032526,63,0.8376549184322357,0.8391755308423724
5,INTERMEDIATE,19,relu,64,0.1419486779458161,0.0002956040032526,63,0.8657567799091339,0.848109517778669
5,INTERMEDIATE,20,relu,64,0.1419486779458161,0.0002956040032526,63,0.8458367387453715,0.8470739835784549
5,INTERMEDIATE,21,relu,64,0.1419486779458161,0.0002956040032526,63,0.819168229897817,0.8235660223733812
5,INTERMEDIATE,22,relu,64,0.1419486779458161,0.0002956040032526,63,0.8172118167082468,0.8073385840370542
5,INTERMEDIATE,23,relu,64,0.1419486779458161,0.0002956040032526,63,0.7843496998151144,0.8035594395228794
5,INTERMEDIATE,24,relu,64,0.1419486779458161,0.0002956040032526,63,0.8078435063362122,0.7735062695684887
5,INTERMEDIATE,25,relu,64,0.1419486779458161,0.0002956040032526,63,0.8153729935487112,0.7652770678202311
5,INTERMEDIATE,26,relu,64,0.1419486779458161,0.0002956040032526,63,0.8828412095705668,0.7861219729696002
5,INTERMEDIATE,27,relu,64,0.1419486779458161,0.0002956040032526,63,0.7797757883866628,0.7547046286719186
5,INTERMEDIATE,28,relu,64,0.1419486779458161,0.0002956040032526,63,0.7953908542792002,0.7362521290779114
5,INTERMEDIATE,29,relu,64,0.1419486779458161,0.0002956040032526,63,0.7729115982850393,0.7228410016922724
5,INTERMEDIATE,30,relu,64,0.1419486779458161,0.0002956040032526,63,0.7588651478290558,0.710240486122313
5,INTERMEDIATE,31,relu,64,0.1419486779458161,0.0002956040032526,63,0.7150924404462179,0.6900574224335807
5,INTERMEDIATE,32,relu,64,0.1419486779458161,0.0002956040032526,63,0.6668572475512823,0.6700851250262487
5,INTERMEDIATE,33,relu,64,0.1419486779458161,0.0002956040032526,63,0.6384031971295675,0.7048067791121346
5,INTERMEDIATE,34,relu,64,0.1419486779458161,0.0002956040032526,63,0.628852312763532,0.6824345702216739
5,INTERMEDIATE,35,relu,64,0.1419486779458161,0.0002956040032526,63,0.9833845694859824,1.0398479302724202
5,INTERMEDIATE,36,relu,64,0.1419486779458161,0.0002956040032526,63,1.015567014614741,0.97600128253301
5,INTERMEDIATE,37,relu,64,0.1419486779458161,0.0002956040032526,63,0.912409911553065,0.9055801771935964
5,INTERMEDIATE,38,relu,64,0.1419486779458161,0.0002956040032526,63,0.9065467516581216,0.8712017592929658
5,INTERMEDIATE,39,relu,64,0.1419486779458161,0.0002956040032526,63,0.8547376791636149,0.8405181453341529
5,INTERMEDIATE,40,relu,64,0.1419486779458161,0.0002956040032526,63,0.7679091940323511,0.8047533943539574
5,INTERMEDIATE,41,relu,64,0.1419486779458161,0.0002956040032526,63,0.8121841649214426,0.8032551152365548
5,INTERMEDIATE,42,relu,64,0.1419486779458161,0.0002956040032526,63,0.8384546538194021,0.7921727782204038
5,INTERMEDIATE,43,relu,64,0.1419486779458161,0.0002956040032526,63,0.7603566547234853,0.7826293508211771
5,INTERMEDIATE,44,relu,64,0.1419486779458161,0.0002956040032526,63,0.8723706007003784,0.763414740562439
5,INTERMEDIATE,45,relu,64,0.1419486779458161,0.0002956040032526,63,0.7818012436230978,0.791838770820981
5,INTERMEDIATE,46,relu,64,0.1419486779458161,0.0002956040032526,63,0.810388187567393,0.7591352150553748
5,INTERMEDIATE,47,relu,64,0.1419486779458161,0.0002956040032526,63,0.8174301981925964,0.7601848727180844
5,INTERMEDIATE,48,relu,64,0.1419486779458161,0.0002956040032526,63,0.787352442741394,0.7525321529025123
5,INTERMEDIATE,49,relu,64,0.1419486779458161,0.0002956040032526,63,0.8545039395491282,0.7365927270480565
5,INTERMEDIATE,50,relu,64,0.1419486779458161,0.0002956040032526,63,0.767819474140803,0.7577300696145921
5,INTERMEDIATE,51,relu,64,0.1419486779458161,0.0002956040032526,63,0.7003220170736313,0.7376488532338824
5,INTERMEDIATE,52,relu,64,0.1419486779458161,0.0002956040032526,63,0.8042362233002981,0.7389497132528395
5,INTERMEDIATE,53,relu,64,0.1419486779458161,0.0002956040032526,63,0.8532354136308035,0.7551684038979667
5,INTERMEDIATE,54,relu,64,0.1419486779458161,0.0002956040032526,63,0.7719694972038269,0.7368068751834688
5,INTERMEDIATE,55,relu,64,0.1419486779458161,0.0002956040032526,63,0.755002349615097,0.7335610787073771
5,INTERMEDIATE,56,relu,64,0.1419486779458161,0.0002956040032526,63,0.7861289580663046,0.7239963639350164
5,INTERMEDIATE,57,relu,64,0.1419486779458161,0.0002956040032526,63,0.8042446970939636,0.7408267827261061
5,INTERMEDIATE,58,relu,64,0.1419486779458161,0.0002956040032526,63,0.8187392751375834,0.7297437815439134
5,INTERMEDIATE,59,relu,64,0.1419486779458161,0.0002956040032526,63,0.7965195178985596,0.7212130427360535
5,INTERMEDIATE,60,relu,64,0.1419486779458161,0.0002956040032526,63,0.7978080411752065,0.7295550193105426
5,INTERMEDIATE,61,relu,64,0.1419486779458161,0.0002956040032526,63,0.7086275070905685,0.7016415085111346
5,INTERMEDIATE,62,relu,64,0.1419486779458161,0.0002956040032526,63,0.7294748425483704,0.6846685664994376
5,INTERMEDIATE,63,relu,64,0.1419486779458161,0.0002956040032526,63,0.6710197925567627,0.6847631533940634
5,INTERMEDIATE,64,relu,64,0.1419486779458161,0.0002956040032526,63,0.6846343278884888,0.68425943170275
5,INTERMEDIATE,65,relu,64,0.1419486779458161,0.0002956040032526,63,0.7367041607697805,0.6625601649284363
5,INTERMEDIATE,66,relu,64,0.1419486779458161,0.0002956040032526,63,0.7251235644022623,0.6635602286883763
5,INTERMEDIATE,67,relu,64,0.1419486779458161,0.0002956040032526,63,0.6552887310584387,0.6583579381306967
5,INTERMEDIATE,68,relu,64,0.1419486779458161,0.0002956040032526,63,0.674632728099823,0.6543069723106566
5,INTERMEDIATE,69,relu,64,0.1419486779458161,0.0002956040032526,63,0.747306764125824,0.6570558065459842
5,INTERMEDIATE,70,relu,64,0.1419486779458161,0.0002956040032526,63,0.7212719718615214,0.6437996654283433
5,INTERMEDIATE,71,relu,64,0.1419486779458161,0.0002956040032526,63,0.613031879067421,0.6393856207529703
5,INTERMEDIATE,72,relu,64,0.1419486779458161,0.0002956040032526,63,0.6612405081590017,0.6151317003227416
5,INTERMEDIATE,73,relu,64,0.1419486779458161,0.0002956040032526,63,0.6240506867567698,0.6242607888721284
5,INTERMEDIATE,74,relu,64,0.1419486779458161,0.0002956040032526,63,0.6684744954109192,0.6251083058970315
5,INTERMEDIATE,75,relu,64,0.1419486779458161,0.0002956040032526,63,0.6769431332747141,0.6072347178345635
5,INTERMEDIATE,76,relu,64,0.1419486779458161,0.0002956040032526,63,0.6110832889874777,0.6001578938393366
5,INTERMEDIATE,77,relu,64,0.1419486779458161,0.0002956040032526,63,0.5717811385790507,0.5813848716872079
5,INTERMEDIATE,78,relu,64,0.1419486779458161,0.0002956040032526,63,0.609653169910113,0.5893926790782383
5,INTERMEDIATE,79,relu,64,0.1419486779458161,0.0002956040032526,63,0.633387287457784,0.6009192722184318
5,INTERMEDIATE,80,relu,64,0.1419486779458161,0.0002956040032526,63,0.7424226800600687,0.5773873428503672
5,INTERMEDIATE,81,relu,64,0.1419486779458161,0.0002956040032526,63,0.6092882851759592,0.5766330545856839
5,INTERMEDIATE,82,relu,64,0.1419486779458161,0.0002956040032526,63,0.537841280301412,0.5575259157589504
5,INTERMEDIATE,83,relu,64,0.1419486779458161,0.0002956040032526,63,0.5410191764434179,0.5649589938776833
5,INTERMEDIATE,84,relu,64,0.1419486779458161,0.0002956040032526,63,0.5176508923371633,0.5814897829578036
5,INTERMEDIATE,85,relu,64,0.1419486779458161,0.0002956040032526,63,0.710691382487615,0.5434536153361911
5,INTERMEDIATE,86,relu,64,0.1419486779458161,0.0002956040032526,63,0.9965124130249025,0.6387771935690016
5,INTERMEDIATE,87,relu,64,0.1419486779458161,0.0002956040032526,63,0.5577499717473984,0.6060878719602313
5,INTERMEDIATE,88,relu,64,0.1419486779458161,0.0002956040032526,63,0.4700733174880345,0.5100947008246467
5,INTERMEDIATE,89,relu,64,0.1419486779458161,0.0002956040032526,63,0.4477226982514063,0.4043389161427815
5,INTERMEDIATE,90,relu,64,0.1419486779458161,0.0002956040032526,63,0.4807665919264157,0.3521500201452346
5,INTERMEDIATE,91,relu,64,0.1419486779458161,0.0002956040032526,63,0.3154332488775253,0.3610557253871645
5,INTERMEDIATE,92,relu,64,0.1419486779458161,0.0002956040032526,63,0.4110903417070706,0.3390103841111773
5,INTERMEDIATE,93,relu,64,0.1419486779458161,0.0002956040032526,63,0.2823691839973132,0.3828549328304472
5,INTERMEDIATE,94,relu,64,0.1419486779458161,0.0002956040032526,63,0.2858107822636763,0.3794677974212737
5,INTERMEDIATE,95,relu,64,0.1419486779458161,0.0002956040032526,63,0.4800471166769663,0.3719298910527002
5,INTERMEDIATE,96,relu,64,0.1419486779458161,0.0002956040032526,63,0.3135153266290824,0.3875667949517568
5,INTERMEDIATE,97,relu,64,0.1419486779458161,0.0002956040032526,63,0.3110249216357867,0.3280498733123143
5,INTERMEDIATE,98,relu,64,0.1419486779458161,0.0002956040032526,63,0.337169885635376,0.2990657999402001
5,INTERMEDIATE,99,relu,64,0.1419486779458161,0.0002956040032526,63,0.3094502463936806,0.2711565146843592
5,INTERMEDIATE,100,relu,64,0.1419486779458161,0.0002956040032526,63,0.2330003039290507,0.2830052049387069
5,INTERMEDIATE,101,relu,64,0.1419486779458161,0.0002956040032526,63,0.2780393858750661,0.2957120076531455
5,INTERMEDIATE,102,relu,64,0.1419486779458161,0.0002956040032526,63,0.3462446630001068,0.3253240280208133
5,INTERMEDIATE,103,relu,64,0.1419486779458161,0.0002956040032526,63,0.3076571747660637,0.2759867661765643
5,INTERMEDIATE,104,relu,64,0.1419486779458161,0.0002956040032526,63,0.3425334617495537,0.3004940365042005
5,INTERMEDIATE,105,relu,64,0.1419486779458161,0.0002956040032526,63,0.3942168404658635,0.3009535812196277
5,INTERMEDIATE,106,relu,64,0.1419486779458161,0.0002956040032526,63,0.2604729980230331,0.2975650543258303
5,INTERMEDIATE,107,relu,64,0.1419486779458161,0.0002956040032526,63,0.302265040576458,0.2533356653792517
5,INTERMEDIATE,108,relu,64,0.1419486779458161,0.0002956040032526,63,0.3409116317828496,0.267244591599419
5,INTERMEDIATE,109,relu,64,0.1419486779458161,0.0002956040032526,63,0.2821985566988587,0.2908511828808557
5,INTERMEDIATE,110,relu,64,0.1419486779458161,0.0002956040032526,63,0.2840012445424993,0.28362385786715
5,INTERMEDIATE,111,relu,64,0.1419486779458161,0.0002956040032526,63,0.4188140258193016,0.3584149103789102
5,INTERMEDIATE,112,relu,64,0.1419486779458161,0.0002956040032526,63,0.4510936389366786,0.3958053964944112
5,INTERMEDIATE,113,relu,64,0.1419486779458161,0.0002956040032526,63,0.3159389644861221,0.3726816390241895
5,INTERMEDIATE,114,relu,64,0.1419486779458161,0.0002956040032526,63,0.5091316749652227,0.363627233675548
5,INTERMEDIATE,115,relu,64,0.1419486779458161,0.0002956040032526,63,0.3353145817915599,0.4626051797753289
5,INTERMEDIATE,116,relu,64,0.1419486779458161,0.0002956040032526,63,0.3074366798003514,0.3286832528454916
5,INTERMEDIATE,117,relu,64,0.1419486779458161,0.0002956040032526,63,0.2934733678897221,0.2825084250597727
5,INTERMEDIATE,118,relu,64,0.1419486779458161,0.0002956040032526,63,0.2937316770354907,0.2965926882766542
5,INTERMEDIATE,119,relu,64,0.1419486779458161,0.0002956040032526,63,0.2338825936118761,0.2694261719783147
5,INTERMEDIATE,120,relu,64,0.1419486779458161,0.0002956040032526,63,0.2391145539780458,0.2772926901068006
5,INTERMEDIATE,121,relu,64,0.1419486779458161,0.0002956040032526,63,0.593311016758283,0.3854704116071973
5,INTERMEDIATE,122,relu,64,0.1419486779458161,0.0002956040032526,63,0.4324637502431869,0.4651963043780553
5,INTERMEDIATE,123,relu,64,0.1419486779458161,0.0002956040032526,63,0.3444281220436096,0.3905478708800815
5,INTERMEDIATE,124,relu,64,0.1419486779458161,0.0002956040032526,63,0.28517287162443,0.3670515269041061
5,INTERMEDIATE,125,relu,64,0.1419486779458161,0.0002956040032526,63,0.3042045782009761,0.3504634137664522
5,INTERMEDIATE,126,relu,64,0.1419486779458161,0.0002956040032526,63,0.4165957992275556,0.3308665340855008
5,INTERMEDIATE,127,relu,64,0.1419486779458161,0.0002956040032526,63,0.3027180060744285,0.3061414286494255
5,INTERMEDIATE,128,relu,64,0.1419486779458161,0.0002956040032526,63,0.2664257710178693,0.2777747256415231
5,INTERMEDIATE,129,relu,64,0.1419486779458161,0.0002956040032526,63,0.3250614330172539,0.2921669178065799
5,INTERMEDIATE,130,relu,64,0.1419486779458161,0.0002956040032526,63,0.312342919409275,0.2851978093385696
5,INTERMEDIATE,131,relu,64,0.1419486779458161,0.0002956040032526,63,0.2640198568503062,0.2492357563404809
5,INTERMEDIATE,132,relu,64,0.1419486779458161,0.0002956040032526,63,0.2802493087947368,0.2486057104099364
5,INTERMEDIATE,133,relu,64,0.1419486779458161,0.0002956040032526,63,0.2683280346294244,0.26520700859172
5,INTERMEDIATE,134,relu,64,0.1419486779458161,0.0002956040032526,63,0.3719834685325622,0.2739912108296439
5,INTERMEDIATE,135,relu,64,0.1419486779458161,0.0002956040032526,63,0.2339130913217862,0.254555891312304
5,INTERMEDIATE,136,relu,64,0.1419486779458161,0.0002956040032526,63,0.2245856796701749,0.2533598669937679
5,INTERMEDIATE,137,relu,64,0.1419486779458161,0.0002956040032526,63,0.2117283729215463,0.2505040835766565
5,INTERMEDIATE,138,relu,64,0.1419486779458161,0.0002956040032526,63,0.4879968787233035,0.2721245452052071
5,INTERMEDIATE,139,relu,64,0.1419486779458161,0.0002956040032526,63,0.3158673296372096,0.2625143201578231
5,INTERMEDIATE,140,relu,64,0.1419486779458161,0.0002956040032526,63,0.4670811990896861,0.2763631130967821
5,INTERMEDIATE,141,relu,64,0.1419486779458161,0.0002956040032526,63,0.2584898645679156,0.2351437839014189
5,INTERMEDIATE,142,relu,64,0.1419486779458161,0.0002956040032526,63,0.2460107679168383,0.2431711497760954
5,INTERMEDIATE,143,relu,64,0.1419486779458161,0.0002956040032526,63,0.2436180661122004,0.2295493181972276
5,INTERMEDIATE,144,relu,64,0.1419486779458161,0.0002956040032526,63,0.2082291357219219,0.2285991215280124
5,INTERMEDIATE,145,relu,64,0.1419486779458161,0.0002956040032526,63,0.1926935575902462,0.230133898911022
5,INTERMEDIATE,146,relu,64,0.1419486779458161,0.0002956040032526,63,0.1943005161980787,0.2172348797321319
5,INTERMEDIATE,147,relu,64,0.1419486779458161,0.0002956040032526,63,0.3080802199741204,0.221510883243311
5,INTERMEDIATE,148,relu,64,0.1419486779458161,0.0002956040032526,63,0.2921181619167328,0.2260622126715523
5,INTERMEDIATE,149,relu,64,0.1419486779458161,0.0002956040032526,63,0.5090667655070623,0.3906345303569521
5,COMPLETED,149,relu,64,0.1419486779458161,0.0002956040032526,63,0.1926935575902462,0.230133898911022
6,INTERMEDIATE,0,relu,32,0.0339288304349866,0.0001551477814228,53,1.6278803890401667,1.6280039955930012
6,INTERMEDIATE,1,relu,32,0.0339288304349866,0.0001551477814228,53,1.5978230779821223,1.60796835364365
6,INTERMEDIATE,2,relu,32,0.0339288304349866,0.0001551477814228,53,1.5355916781858965,1.5725166099827463
6,INTERMEDIATE,3,relu,32,0.0339288304349866,0.0001551477814228,53,1.3611691214821555,1.4581884552792803
6,INTERMEDIATE,4,relu,32,0.0339288304349866,0.0001551477814228,53,1.25619544766166,1.322343218617323
6,INTERMEDIATE,5,relu,32,0.0339288304349866,0.0001551477814228,53,1.201031435619701,1.2365931156204968
6,INTERMEDIATE,6,relu,32,0.0339288304349866,0.0001551477814228,53,1.1310297575863926,1.1644922756567233
6,INTERMEDIATE,7,relu,32,0.0339288304349866,0.0001551477814228,53,1.0862468968738208,1.1066052651986844
6,INTERMEDIATE,8,relu,32,0.0339288304349866,0.0001551477814228,53,1.0704124949195168,1.0665297595466054
6,INTERMEDIATE,9,relu,32,0.0339288304349866,0.0001551477814228,53,1.0176620266654277,1.0374332026737492
6,INTERMEDIATE,10,relu,32,0.0339288304349866,0.0001551477814228,53,1.0320010835474187,1.0160888142702056
6,INTERMEDIATE,11,relu,32,0.0339288304349866,0.0001551477814228,53,1.0190577507019043,1.0019811144689237
6,INTERMEDIATE,12,relu,32,0.0339288304349866,0.0001551477814228,53,1.0128364183685996,0.9927133961421688
6,INTERMEDIATE,13,relu,32,0.0339288304349866,0.0001551477814228,53,0.9910869706760752,0.9923506015684548
6,INTERMEDIATE,14,relu,32,0.0339288304349866,0.0001551477814228,53,1.0021061084487222,0.9831431071932722
6,INTERMEDIATE,15,relu,32,0.0339288304349866,0.0001551477814228,53,0.9959888458251952,0.9797333696993386
6,INTERMEDIATE,16,relu,32,0.0339288304349866,0.0001551477814228,53,0.9672400246966968,0.9781053647762392
6,INTERMEDIATE,17,relu,32,0.0339288304349866,0.0001551477814228,53,0.9840062639930032,0.9770727724563784
6,INTERMEDIATE,18,relu,32,0.0339288304349866,0.0001551477814228,53,0.9742089943452314,0.9687439130573738
6,INTERMEDIATE,19,relu,32,0.0339288304349866,0.0001551477814228,53,0.9898609139702536,0.9647203073268984
6,INTERMEDIATE,20,relu,32,0.0339288304349866,0.0001551477814228,53,0.95096002925526,0.9566720651417244
6,INTERMEDIATE,21,relu,32,0.0339288304349866,0.0001551477814228,53,0.9309268864718352,0.9494765124669888
6,INTERMEDIATE,22,relu,32,0.0339288304349866,0.0001551477814228,53,0.9191957441243258,0.9404479105298112
6,INTERMEDIATE,23,relu,32,0.0339288304349866,0.0001551477814228,53,0.9930445335128092,0.9525585087334236
6,INTERMEDIATE,24,relu,32,0.0339288304349866,0.0001551477814228,53,0.9614177400415594,0.9452126491360548
6,INTERMEDIATE,25,relu,32,0.0339288304349866,0.0001551477814228,53,0.9305409572341226,0.9293477186342564
6,INTERMEDIATE,26,relu,32,0.0339288304349866,0.0001551477814228,53,0.9154571348970588,0.9228437673754808
6,INTERMEDIATE,27,relu,32,0.0339288304349866,0.0001551477814228,53,0.9117668704553084,0.9033385718741068
6,INTERMEDIATE,28,relu,32,0.0339288304349866,0.0001551477814228,53,0.8704636584628712,0.9157174505838532
6,INTERMEDIATE,29,relu,32,0.0339288304349866,0.0001551477814228,53,0.8816006996414878,0.9011401708533124
6,INTERMEDIATE,30,relu,32,0.0339288304349866,0.0001551477814228,53,0.9018035314299844,0.8921461148959834
6,INTERMEDIATE,31,relu,32,0.0339288304349866,0.0001551477814228,53,0.8745229135860096,0.8760247957415697
6,INTERMEDIATE,32,relu,32,0.0339288304349866,0.0001551477814228,53,0.9714375788515264,0.8660921832410301
6,INTERMEDIATE,33,relu,32,0.0339288304349866,0.0001551477814228,53,0.849224491552873,0.8488133709605147
6,INTERMEDIATE,34,relu,32,0.0339288304349866,0.0001551477814228,53,0.8216496489264749,0.8375853721688433
6,INTERMEDIATE,35,relu,32,0.0339288304349866,0.0001551477814228,53,0.8893976482478055,0.8370423607709931
6,INTERMEDIATE,36,relu,32,0.0339288304349866,0.0001551477814228,53,0.8737413774837147,0.8246459408504206
6,INTERMEDIATE,37,relu,32,0.0339288304349866,0.0001551477814228,53,0.8658788746053522,0.7893577974017073
6,INTERMEDIATE,38,relu,32,0.0339288304349866,0.0001551477814228,53,0.7838394425132058,0.7833266461767802
6,INTERMEDIATE,39,relu,32,0.0339288304349866,0.0001551477814228,53,0.7338629798455671,0.73667805078553
6,INTERMEDIATE,40,relu,32,0.0339288304349866,0.0001551477814228,53,0.7860956408760764,0.7109093942293306
6,INTERMEDIATE,41,relu,32,0.0339288304349866,0.0001551477814228,53,0.6629706810821187,0.725871750494329
6,INTERMEDIATE,42,relu,32,0.0339288304349866,0.0001551477814228,53,0.684277352961627,0.6734148932666313
6,INTERMEDIATE,43,relu,32,0.0339288304349866,0.0001551477814228,53,0.6579571312124078,0.6505251541370298
6,INTERMEDIATE,44,relu,32,0.0339288304349866,0.0001551477814228,53,0.6917089440605857,0.668869038907493
6,INTERMEDIATE,45,relu,32,0.0339288304349866,0.0001551477814228,53,0.5857427391138944,0.6322870712454726
6,INTERMEDIATE,46,relu,32,0.0339288304349866,0.0001551477814228,53,0.6130342618985609,0.5999718773655776
6,INTERMEDIATE,47,relu,32,0.0339288304349866,0.0001551477814228,53,0.5597891915928234,0.584407966311385
6,INTERMEDIATE,48,relu,32,0.0339288304349866,0.0001551477814228,53,0.56849574229934,0.5833158718376625
6,INTERMEDIATE,49,relu,32,0.0339288304349866,0.0001551477814228,53,0.5112273801456798,0.5717691117670478
6,INTERMEDIATE,50,relu,32,0.0339288304349866,0.0001551477814228,53,0.5679775232618506,0.5403664817170399
6,INTERMEDIATE,51,relu,32,0.0339288304349866,0.0001551477814228,53,0.5505278381434354,0.5253006103562146
6,INTERMEDIATE,52,relu,32,0.0339288304349866,0.0001551477814228,53,0.5009646490216255,0.5346450493103121
6,INTERMEDIATE,53,relu,32,0.0339288304349866,0.0001551477814228,53,0.499330382455479,0.524829114355692
6,INTERMEDIATE,54,relu,32,0.0339288304349866,0.0001551477814228,53,0.5229258428920399,0.5003531880495025
6,INTERMEDIATE,55,relu,32,0.0339288304349866,0.0001551477814228,53,0.4573332911187952,0.4907542921421004
6,INTERMEDIATE,56,relu,32,0.0339288304349866,0.0001551477814228,53,0.4886561605063351,0.4986328569854178
6,INTERMEDIATE,57,relu,32,0.0339288304349866,0.0001551477814228,53,0.4962426126003265,0.4816781863933656
6,INTERMEDIATE,58,relu,32,0.0339288304349866,0.0001551477814228,53,0.4513365870172327,0.4960558458072383
6,INTERMEDIATE,59,relu,32,0.0339288304349866,0.0001551477814228,53,0.4464080089872533,0.4752608574018245
6,INTERMEDIATE,60,relu,32,0.0339288304349866,0.0001551477814228,53,0.5228160457177595,0.475519662950097
6,INTERMEDIATE,61,relu,32,0.0339288304349866,0.0001551477814228,53,0.4393713636831803,0.4554615231548867
6,INTERMEDIATE,62,relu,32,0.0339288304349866,0.0001551477814228,53,0.3982108370824294,0.4296789140236087
6,INTERMEDIATE,63,relu,32,0.0339288304349866,0.0001551477814228,53,0.4079209769313985,0.4254611243562
6,INTERMEDIATE,64,relu,32,0.0339288304349866,0.0001551477814228,53,0.3491671481593089,0.4187313954277736
6,INTERMEDIATE,65,relu,32,0.0339288304349866,0.0001551477814228,53,0.4190281616015868,0.4159821566285157
6,INTERMEDIATE,66,relu,32,0.0339288304349866,0.0001551477814228,53,0.3711727153171192,0.4034816277463262
6,INTERMEDIATE,67,relu,32,0.0339288304349866,0.0001551477814228,53,0.3562389828942038,0.3709666172905666
6,INTERMEDIATE,68,relu,32,0.0339288304349866,0.0001551477814228,53,0.4444248662753539,0.3756052095715592
6,INTERMEDIATE,69,relu,32,0.0339288304349866,0.0001551477814228,53,0.3605313707481731,0.3727345473882628
6,INTERMEDIATE,70,relu,32,0.0339288304349866,0.0001551477814228,53,0.3768391825936057,0.3715069610171201
6,INTERMEDIATE,71,relu,32,0.0339288304349866,0.0001551477814228,53,0.3771113468842073,0.3659894411883703
6,INTERMEDIATE,72,relu,32,0.0339288304349866,0.0001551477814228,53,0.3857168799096888,0.3886344556401415
6,INTERMEDIATE,73,relu,32,0.0339288304349866,0.0001551477814228,53,0.340104109861634,0.3447558552753634
6,INTERMEDIATE,74,relu,32,0.0339288304349866,0.0001551477814228,53,0.3889691179448908,0.3565830304855253
6,INTERMEDIATE,75,relu,32,0.0339288304349866,0.0001551477814228,53,0.4060124131766232,0.3746495919256675
6,INTERMEDIATE,76,relu,32,0.0339288304349866,0.0001551477814228,53,0.4033961688930338,0.4110542979182267
6,INTERMEDIATE,77,relu,32,0.0339288304349866,0.0001551477814228,53,0.4362789446657354,0.3698386244657563
6,INTERMEDIATE,78,relu,32,0.0339288304349866,0.0001551477814228,53,0.3643628087910739,0.3854409001949357
6,INTERMEDIATE,79,relu,32,0.0339288304349866,0.0001551477814228,53,0.3619561913338574,0.3422862434896027
6,INTERMEDIATE,80,relu,32,0.0339288304349866,0.0001551477814228,53,0.425757653333924,0.3784330821618801
6,INTERMEDIATE,81,relu,32,0.0339288304349866,0.0001551477814228,53,0.5710345289923928,0.4040481669873726
6,INTERMEDIATE,82,relu,32,0.0339288304349866,0.0001551477814228,53,0.4084450914101167,0.4133258523737512
6,INTERMEDIATE,83,relu,32,0.0339288304349866,0.0001551477814228,53,0.3390583829446272,0.34002432263479
6,INTERMEDIATE,84,relu,32,0.0339288304349866,0.0001551477814228,53,0.340456718748266,0.3919787490513267
6,INTERMEDIATE,85,relu,32,0.0339288304349866,0.0001551477814228,53,0.4668844680894505,0.3700868905317492
6,INTERMEDIATE,86,relu,32,0.0339288304349866,0.0001551477814228,53,0.2947925288568843,0.3529294707426211
6,INTERMEDIATE,87,relu,32,0.0339288304349866,0.0001551477814228,53,0.346667771989649,0.3234559697348897
6,INTERMEDIATE,88,relu,32,0.0339288304349866,0.0001551477814228,53,0.3350612663409926,0.3352287408055329
6,INTERMEDIATE,89,relu,32,0.0339288304349866,0.0001551477814228,53,0.2878354320471937,0.3213807406221948
6,INTERMEDIATE,90,relu,32,0.0339288304349866,0.0001551477814228,53,0.2806670476089824,0.3192747625999334
6,INTERMEDIATE,91,relu,32,0.0339288304349866,0.0001551477814228,53,0.4760690521110188,0.4895331899567348
6,INTERMEDIATE,92,relu,32,0.0339288304349866,0.0001551477814228,53,0.4243056747046383,0.4363721739955065
6,INTERMEDIATE,93,relu,32,0.0339288304349866,0.0001551477814228,53,0.4757001427086917,0.434862436317816
6,INTERMEDIATE,94,relu,32,0.0339288304349866,0.0001551477814228,53,0.4209871888160705,0.4063979856124738
6,INTERMEDIATE,95,relu,32,0.0339288304349866,0.0001551477814228,53,0.3455297134139321,0.3898402437931154
6,INTERMEDIATE,96,relu,32,0.0339288304349866,0.0001551477814228,53,0.4596406587145545,0.3749564500843606
6,INTERMEDIATE,97,relu,32,0.0339288304349866,0.0001551477814228,53,0.3740894889289682,0.3586136556980086
6,INTERMEDIATE,98,relu,32,0.0339288304349866,0.0001551477814228,53,0.3879348974336277,0.3568136386755036
6,INTERMEDIATE,99,relu,32,0.0339288304349866,0.0001551477814228,53,0.4839813783764839,0.350229230595798
6,INTERMEDIATE,100,relu,32,0.0339288304349866,0.0001551477814228,53,0.3375905630263415,0.3774733576105862
6,INTERMEDIATE,101,relu,32,0.0339288304349866,0.0001551477814228,53,0.3139133324677294,0.3427639632690243
6,INTERMEDIATE,102,relu,32,0.0339288304349866,0.0001551477814228,53,0.3526987399567257,0.3384223902007429
6,INTERMEDIATE,103,relu,32,0.0339288304349866,0.0001551477814228,53,0.414776854894378,0.3211041132851345
6,INTERMEDIATE,104,relu,32,0.0339288304349866,0.0001551477814228,53,0.3461220318620855,0.3276092504582754
6,INTERMEDIATE,105,relu,32,0.0339288304349866,0.0001551477814228,53,0.4328895847905766,0.3142937952425422
6,INTERMEDIATE,106,relu,32,0.0339288304349866,0.0001551477814228,53,0.3504872173070907,0.3207211650726271
6,INTERMEDIATE,107,relu,32,0.0339288304349866,0.0001551477814228,53,0.4254810457879847,0.3215301105888878
6,INTERMEDIATE,108,relu,32,0.0339288304349866,0.0001551477814228,53,0.3841136639768427,0.36289736701221
6,INTERMEDIATE,109,relu,32,0.0339288304349866,0.0001551477814228,53,0.3200165073979985,0.3253599176319634
6,INTERMEDIATE,110,relu,32,0.0339288304349866,0.0001551477814228,53,0.3570220199498263,0.3389450206262309
6,INTERMEDIATE,111,relu,32,0.0339288304349866,0.0001551477814228,53,0.3385527587749741,0.3111046420001402
6,INTERMEDIATE,112,relu,32,0.0339288304349866,0.0001551477814228,53,0.3201919604431499,0.3061447608761671
6,INTERMEDIATE,113,relu,32,0.0339288304349866,0.0001551477814228,53,0.3152539838444103,0.2977639574830125
6,INTERMEDIATE,114,relu,32,0.0339288304349866,0.0001551477814228,53,0.4541997462511062,0.2985193449549558
6,INTERMEDIATE,115,relu,32,0.0339288304349866,0.0001551477814228,53,0.3983926989815451,0.2908142641550157
6,INTERMEDIATE,116,relu,32,0.0339288304349866,0.0001551477814228,53,0.3592832318761132,0.2995207927575925
6,INTERMEDIATE,117,relu,32,0.0339288304349866,0.0001551477814228,53,0.3741114017638293,0.292304656127604
6,INTERMEDIATE,118,relu,32,0.0339288304349866,0.0001551477814228,53,0.3008203079754656,0.2850628660582914
6,INTERMEDIATE,119,relu,32,0.0339288304349866,0.0001551477814228,53,0.3165868751027367,0.2831675401184617
6,INTERMEDIATE,120,relu,32,0.0339288304349866,0.0001551477814228,53,0.3516593358733437,0.2836436847361123
6,INTERMEDIATE,121,relu,32,0.0339288304349866,0.0001551477814228,53,0.3140203708952123,0.2810025514989364
6,INTERMEDIATE,122,relu,32,0.0339288304349866,0.0001551477814228,53,0.2980723435228521,0.2818725725136152
6,INTERMEDIATE,123,relu,32,0.0339288304349866,0.0001551477814228,53,0.3247787993062626,0.29226034825168
6,INTERMEDIATE,124,relu,32,0.0339288304349866,0.0001551477814228,53,0.3340523053299297,0.2790854267957734
6,INTERMEDIATE,125,relu,32,0.0339288304349866,0.0001551477814228,53,0.3116770576347004,0.2699738644608637
6,INTERMEDIATE,126,relu,32,0.0339288304349866,0.0001551477814228,53,0.3497026142748919,0.2696241200333688
6,INTERMEDIATE,127,relu,32,0.0339288304349866,0.0001551477814228,53,0.3436326370997862,0.2708159557929853
6,INTERMEDIATE,128,relu,32,0.0339288304349866,0.0001551477814228,53,0.3130713972178372,0.2679292761334559
6,INTERMEDIATE,129,relu,32,0.0339288304349866,0.0001551477814228,53,0.2982889142903415,0.269391078411079
6,INTERMEDIATE,130,relu,32,0.0339288304349866,0.0001551477814228,53,0.3253745152191682,0.2643264217711076
6,COMPLETED,130,relu,32,0.0339288304349866,0.0001551477814228,53,0.2806670476089824,0.3192747625999334
7,INTERMEDIATE,0,relu,32,0.0865144730686663,0.0006151893656051,45,1.5880944512107156,1.604554295539856
7,INTERMEDIATE,1,relu,32,0.0865144730686663,0.0006151893656051,45,1.374235001477328,1.4919757406886032
7,INTERMEDIATE,2,relu,32,0.0865144730686663,0.0006151893656051,45,1.1215935891324824,1.209161565071199
7,INTERMEDIATE,3,relu,32,0.0865144730686663,0.0006151893656051,45,1.030430333180861,1.0435675455302726
7,INTERMEDIATE,4,relu,32,0.0865144730686663,0.0006151893656051,45,0.9470664858818054,0.9614085191633645
7,INTERMEDIATE,5,relu,32,0.0865144730686663,0.0006151893656051,45,0.9091023856943304,0.9047397011663856
7,INTERMEDIATE,6,relu,32,0.0865144730686663,0.0006151893656051,45,0.8992680690505288,0.865943647012478
7,INTERMEDIATE,7,relu,32,0.0865144730686663,0.0006151893656051,45,0.8590610569173639,0.8573142726246904
7,INTERMEDIATE,8,relu,32,0.0865144730686663,0.0006151893656051,45,0.8484942696311257,0.8479220983458728
7,INTERMEDIATE,9,relu,32,0.0865144730686663,0.0006151893656051,45,0.8717845461585305,0.8491971318314715
7,INTERMEDIATE,10,relu,32,0.0865144730686663,0.0006151893656051,45,0.8299084576693448,0.8204598339592538
7,INTERMEDIATE,11,relu,32,0.0865144730686663,0.0006151893656051,45,0.7882610992951826,0.804843197508556
7,INTERMEDIATE,12,relu,32,0.0865144730686663,0.0006151893656051,45,0.8401395353403959,0.7992191845323982
7,INTERMEDIATE,13,relu,32,0.0865144730686663,0.0006151893656051,45,0.8259102431210604,0.8540231774492961
7,INTERMEDIATE,14,relu,32,0.0865144730686663,0.0006151893656051,45,0.7703274813565341,0.7889548314780723
7,INTERMEDIATE,15,relu,32,0.0865144730686663,0.0006151893656051,45,0.783249324018305,0.7680367245906736
7,INTERMEDIATE,16,relu,32,0.0865144730686663,0.0006151893656051,45,0.6914888024330139,0.7415442655726177
7,INTERMEDIATE,17,relu,32,0.0865144730686663,0.0006151893656051,45,0.8117636821486733,0.7252107684205218
7,INTERMEDIATE,18,relu,32,0.0865144730686663,0.0006151893656051,45,0.8328230489384044,0.807350375303408
7,INTERMEDIATE,19,relu,32,0.0865144730686663,0.0006151893656051,45,0.8005963076244701,0.7660809304656052
7,INTERMEDIATE,20,relu,32,0.0865144730686663,0.0006151893656051,45,0.7661542188037526,0.7579108774662018
7,INTERMEDIATE,21,relu,32,0.0865144730686663,0.0006151893656051,45,0.7521600181406195,0.7366141982194854
7,INTERMEDIATE,22,relu,32,0.0865144730686663,0.0006151893656051,45,0.7383544553409923,0.7420708973233293
7,INTERMEDIATE,23,relu,32,0.0865144730686663,0.0006151893656051,45,0.8202907984906976,0.7241233936170253
7,INTERMEDIATE,24,relu,32,0.0865144730686663,0.0006151893656051,45,0.7299885560165752,0.7278355781624957
7,INTERMEDIATE,25,relu,32,0.0865144730686663,0.0006151893656051,45,0.7452645572749051,0.7169449285763067
7,INTERMEDIATE,26,relu,32,0.0865144730686663,0.0006151893656051,45,0.860870442607186,0.8025541218315683
7,INTERMEDIATE,27,relu,32,0.0865144730686663,0.0006151893656051,45,0.753921774300662,0.7714829168668608
7,INTERMEDIATE,28,relu,32,0.0865144730686663,0.0006151893656051,45,0.749241595918482,0.7390361442798521
7,INTERMEDIATE,29,relu,32,0.0865144730686663,0.0006151893656051,45,0.8144066387956793,0.6868898534193272
7,INTERMEDIATE,30,relu,32,0.0865144730686663,0.0006151893656051,45,0.7966397187926553,0.7433110446464725
7,INTERMEDIATE,31,relu,32,0.0865144730686663,0.0006151893656051,45,0.8393323800780557,0.7108160678933306
7,INTERMEDIATE,32,relu,32,0.0865144730686663,0.0006151893656051,45,0.7942538315599615,0.7505600685026588
7,INTERMEDIATE,33,relu,32,0.0865144730686663,0.0006151893656051,45,0.7514311400326815,0.755144897030621
7,INTERMEDIATE,34,relu,32,0.0865144730686663,0.0006151893656051,45,0.7398453869602897,0.7513558275815917
7,INTERMEDIATE,35,relu,32,0.0865144730686663,0.0006151893656051,45,0.716357409954071,0.7080640225875668
7,INTERMEDIATE,36,relu,32,0.0865144730686663,0.0006151893656051,45,0.7237892963669517,0.7243900226383675
7,INTERMEDIATE,37,relu,32,0.0865144730686663,0.0006151893656051,45,0.6518316946246407,0.6717862733980504
7,INTERMEDIATE,38,relu,32,0.0865144730686663,0.0006151893656051,45,0.7318626262924888,0.6505091510167936
7,INTERMEDIATE,39,relu,32,0.0865144730686663,0.0006151893656051,45,0.7372133298353716,0.6757151702555214
7,INTERMEDIATE,40,relu,32,0.0865144730686663,0.0006151893656051,45,0.7142930464311079,0.6820343471154934
7,INTERMEDIATE,41,relu,32,0.0865144730686663,0.0006151893656051,45,0.6778781847520308,0.675928409506635
7,INTERMEDIATE,42,relu,32,0.0865144730686663,0.0006151893656051,45,0.7204179113561456,0.6824650495517545
7,INTERMEDIATE,43,relu,32,0.0865144730686663,0.0006151893656051,45,0.6784083626487039,0.6498025852005657
7,INTERMEDIATE,44,relu,32,0.0865144730686663,0.0006151893656051,45,0.7592022148045626,0.7832945657939445
7,INTERMEDIATE,45,relu,32,0.0865144730686663,0.0006151893656051,45,0.7325865680521185,0.7097890740487633
7,INTERMEDIATE,46,relu,32,0.0865144730686663,0.0006151893656051,45,0.8110654028979215,0.7202996378991662
7,INTERMEDIATE,47,relu,32,0.0865144730686663,0.0006151893656051,45,0.7443783174861561,0.720634334697956
7,INTERMEDIATE,48,relu,32,0.0865144730686663,0.0006151893656051,45,0.7245259257880124,0.7108745298734526
7,INTERMEDIATE,49,relu,32,0.0865144730686663,0.0006151893656051,45,0.73827664418654,0.745417594909668
7,INTERMEDIATE,50,relu,32,0.0865144730686663,0.0006151893656051,45,0.733373761177063,0.7111077722979755
7,INTERMEDIATE,51,relu,32,0.0865144730686663,0.0006151893656051,45,0.6899182037873701,0.6855412009285717
7,INTERMEDIATE,52,relu,32,0.0865144730686663,0.0006151893656051,45,0.7122565778818998,0.6627046967424998
7,INTERMEDIATE,53,relu,32,0.0865144730686663,0.0006151893656051,45,0.6642496640031988,0.650681883096695
7,INTERMEDIATE,54,relu,32,0.0865144730686663,0.0006151893656051,45,0.6677107296206735,0.6311617762577243
7,INTERMEDIATE,55,relu,32,0.0865144730686663,0.0006151893656051,45,0.6544571112502705,0.6142711341381073
7,INTERMEDIATE,56,relu,32,0.0865144730686663,0.0006151893656051,45,0.662539931860837,0.645808012747183
7,INTERMEDIATE,57,relu,32,0.0865144730686663,0.0006151893656051,45,0.6872410503300753,0.6156115946246357
7,INTERMEDIATE,58,relu,32,0.0865144730686663,0.0006151893656051,45,0.6698892089453611,0.6215039898709553
7,INTERMEDIATE,59,relu,32,0.0865144730686663,0.0006151893656051,45,0.6503443880514665,0.6249909139261013
7,INTERMEDIATE,60,relu,32,0.0865144730686663,0.0006151893656051,45,0.6136272387071089,0.6349299513712162
7,INTERMEDIATE,61,relu,32,0.0865144730686663,0.0006151893656051,45,0.6557461240074851,0.6095567367425779
7,INTERMEDIATE,62,relu,32,0.0865144730686663,0.0006151893656051,45,0.684994101524353,0.6238402884180952
7,INTERMEDIATE,63,relu,32,0.0865144730686663,0.0006151893656051,45,0.6178456707434221,0.5999030456310366
7,INTERMEDIATE,64,relu,32,0.0865144730686663,0.0006151893656051,45,0.6216301051053134,0.5835965631938562
7,INTERMEDIATE,65,relu,32,0.0865144730686663,0.0006151893656051,45,0.7834276123480364,0.8151068752858697
7,INTERMEDIATE,66,relu,32,0.0865144730686663,0.0006151893656051,45,0.7453496510332281,0.7106541758630334
7,INTERMEDIATE,67,relu,32,0.0865144730686663,0.0006151893656051,45,0.7482690973715349,0.7129546861823012
7,INTERMEDIATE,68,relu,32,0.0865144730686663,0.0006151893656051,45,0.6958523230119185,0.6660181676469198
7,INTERMEDIATE,69,relu,32,0.0865144730686663,0.0006151893656051,45,0.6988848718729886,0.653936662325045
7,INTERMEDIATE,70,relu,32,0.0865144730686663,0.0006151893656051,45,0.6711866530505094,0.6445253106152139
7,INTERMEDIATE,71,relu,32,0.0865144730686663,0.0006151893656051,45,0.7657187310132113,0.6410085740612774
7,INTERMEDIATE,72,relu,32,0.0865144730686663,0.0006151893656051,45,0.661139038476077,0.636959557853094
7,INTERMEDIATE,73,relu,32,0.0865144730686663,0.0006151893656051,45,0.6222817139192061,0.6073191224074945
7,INTERMEDIATE,74,relu,32,0.0865144730686663,0.0006151893656051,45,0.6361355510624972,0.6063994728937382
7,INTERMEDIATE,75,relu,32,0.0865144730686663,0.0006151893656051,45,0.6998879042538729,0.596518189441867
7,INTERMEDIATE,76,relu,32,0.0865144730686663,0.0006151893656051,45,0.6362958279522982,0.6361323951221094
7,INTERMEDIATE,77,relu,32,0.0865144730686663,0.0006151893656051,45,0.6094870052554391,0.5841831463139232
7,INTERMEDIATE,78,relu,32,0.0865144730686663,0.0006151893656051,45,0.627687540921298,0.57843925095186
7,INTERMEDIATE,79,relu,32,0.0865144730686663,0.0006151893656051,45,0.6375335590405897,0.5628932765344294
7,INTERMEDIATE,80,relu,32,0.0865144730686663,0.0006151893656051,45,0.6202519888227637,0.5730313324346775
7,INTERMEDIATE,81,relu,32,0.0865144730686663,0.0006151893656051,45,0.5882258767431433,0.5643194114289632
7,INTERMEDIATE,82,relu,32,0.0865144730686663,0.0006151893656051,45,0.6473825086246837,0.5523182880587694
7,INTERMEDIATE,83,relu,32,0.0865144730686663,0.0006151893656051,45,0.691433928229592,0.5873070410112056
7,INTERMEDIATE,84,relu,32,0.0865144730686663,0.0006151893656051,45,0.6403273289853876,0.6089981394570049
7,INTERMEDIATE,85,relu,32,0.0865144730686663,0.0006151893656051,45,0.6284177790988575,0.5743487724443761
7,INTERMEDIATE,86,relu,32,0.0865144730686663,0.0006151893656051,45,0.5960454507307573,0.558734853820103
7,INTERMEDIATE,87,relu,32,0.0865144730686663,0.0006151893656051,45,0.6086113263260234,0.5687208001206561
7,INTERMEDIATE,88,relu,32,0.0865144730686663,0.0006151893656051,45,0.6497023376551542,0.5416799543834314
7,INTERMEDIATE,89,relu,32,0.0865144730686663,0.0006151893656051,45,0.6122587621212006,0.5333422473291072
7,INTERMEDIATE,90,relu,32,0.0865144730686663,0.0006151893656051,45,0.5729900137944655,0.5281873650667144
7,INTERMEDIATE,91,relu,32,0.0865144730686663,0.0006151893656051,45,0.6421607299284502,0.5285128035196444
7,INTERMEDIATE,92,relu,32,0.0865144730686663,0.0006151893656051,45,0.5780243453654376,0.5364116844607563
7,INTERMEDIATE,93,relu,32,0.0865144730686663,0.0006151893656051,45,0.7199206270954825,0.5495458826786135
7,INTERMEDIATE,94,relu,32,0.0865144730686663,0.0006151893656051,45,0.8031249019232664,0.5758029520511627
7,INTERMEDIATE,95,relu,32,0.0865144730686663,0.0006151893656051,45,0.6957236365838484,0.5992466102286083
7,INTERMEDIATE,96,relu,32,0.0865144730686663,0.0006151893656051,45,0.586922366510738,0.5522709074543743
7,INTERMEDIATE,97,relu,32,0.0865144730686663,0.0006151893656051,45,0.5837392807006836,0.5495976580352318
7,INTERMEDIATE,98,relu,32,0.0865144730686663,0.0006151893656051,45,0.5405643568797545,0.5305160785593638
7,INTERMEDIATE,99,relu,32,0.0865144730686663,0.0006151893656051,45,0.5471517822959207,0.5253152491115942
7,INTERMEDIATE,100,relu,32,0.0865144730686663,0.0006151893656051,45,0.5881928259676154,0.5112648940667873
7,INTERMEDIATE,101,relu,32,0.0865144730686663,0.0006151893656051,45,0.6001274531537836,0.5102002482588698
7,INTERMEDIATE,102,relu,32,0.0865144730686663,0.0006151893656051,45,0.5643635839223862,0.5179706114094432
7,INTERMEDIATE,103,relu,32,0.0865144730686663,0.0006151893656051,45,0.5787784267555584,0.4976989081720026
7,INTERMEDIATE,104,relu,32,0.0865144730686663,0.0006151893656051,45,0.5349889695644379,0.4820596808340491
7,INTERMEDIATE,105,relu,32,0.0865144730686663,0.0006151893656051,45,0.5172024436972358,0.507013300570046
7,INTERMEDIATE,106,relu,32,0.0865144730686663,0.0006151893656051,45,0.5663732371547006,0.4810262736750812
7,INTERMEDIATE,107,relu,32,0.0865144730686663,0.0006151893656051,45,0.5883024687116797,0.5256383702522371
7,INTERMEDIATE,108,relu,32,0.0865144730686663,0.0006151893656051,45,0.5713118097998879,0.5427394480240054
7,INTERMEDIATE,109,relu,32,0.0865144730686663,0.0006151893656051,45,0.6230375224893744,0.5057816643540453
7,INTERMEDIATE,110,relu,32,0.0865144730686663,0.0006151893656051,45,0.5611782371997833,0.5110576123726077
7,INTERMEDIATE,111,relu,32,0.0865144730686663,0.0006151893656051,45,0.5521563901142641,0.4927661607905132
7,INTERMEDIATE,112,relu,32,0.0865144730686663,0.0006151893656051,45,0.5577871095050465,0.4846548321770458
7,INTERMEDIATE,113,relu,32,0.0865144730686663,0.0006151893656051,45,0.5380514954978769,0.4699396432899847
7,INTERMEDIATE,114,relu,32,0.0865144730686663,0.0006151893656051,45,0.5432890545238148,0.4907771930461976
7,INTERMEDIATE,115,relu,32,0.0865144730686663,0.0006151893656051,45,0.5952104844830253,0.4873752339584071
7,INTERMEDIATE,116,relu,32,0.0865144730686663,0.0006151893656051,45,0.5284592671827837,0.4613245274962448
7,INTERMEDIATE,117,relu,32,0.0865144730686663,0.0006151893656051,45,0.4989936974915591,0.4632477178806212
7,INTERMEDIATE,118,relu,32,0.0865144730686663,0.0006151893656051,45,0.5403361781076952,0.444000227422249
7,INTERMEDIATE,119,relu,32,0.0865144730686663,0.0006151893656051,45,0.5466983372514899,0.4404363166995165
7,INTERMEDIATE,120,relu,32,0.0865144730686663,0.0006151893656051,45,0.4893445643511685,0.4567812710273556
7,INTERMEDIATE,121,relu,32,0.0865144730686663,0.0006151893656051,45,0.4846342639489607,0.4218473652514016
7,INTERMEDIATE,122,relu,32,0.0865144730686663,0.0006151893656051,45,0.5758836133913561,0.430248663556285
7,INTERMEDIATE,123,relu,32,0.0865144730686663,0.0006151893656051,45,0.4899589703841643,0.4473650379151833
7,INTERMEDIATE,124,relu,32,0.0865144730686663,0.0006151893656051,45,0.4769245955077084,0.4421896825476391
7,INTERMEDIATE,125,relu,32,0.0865144730686663,0.0006151893656051,45,0.4776156294074925,0.4136393855257732
7,INTERMEDIATE,126,relu,32,0.0865144730686663,0.0006151893656051,45,0.4212425859137015,0.4101346244172352
7,INTERMEDIATE,127,relu,32,0.0865144730686663,0.0006151893656051,45,0.3939470669085329,0.3962835280633554
7,INTERMEDIATE,128,relu,32,0.0865144730686663,0.0006151893656051,45,0.4511430886658755,0.3836772398250859
7,INTERMEDIATE,129,relu,32,0.0865144730686663,0.0006151893656051,45,0.4353551783344962,0.4173825510391375
7,INTERMEDIATE,130,relu,32,0.0865144730686663,0.0006151893656051,45,0.6835416013544257,0.5082624365643758
7,INTERMEDIATE,131,relu,32,0.0865144730686663,0.0006151893656051,45,0.4630703736435283,0.4712172139708588
7,INTERMEDIATE,132,relu,32,0.0865144730686663,0.0006151893656051,45,0.5115447748791088,0.4490686873110329
7,INTERMEDIATE,133,relu,32,0.0865144730686663,0.0006151893656051,45,0.4714140797203237,0.433838574988086
7,INTERMEDIATE,134,relu,32,0.0865144730686663,0.0006151893656051,45,0.4674701595848257,0.4110265196096606
7,INTERMEDIATE,135,relu,32,0.0865144730686663,0.0006151893656051,45,0.5082976709712635,0.3774089322584431
7,INTERMEDIATE,136,relu,32,0.0865144730686663,0.0006151893656051,45,0.4789351631294597,0.4074798313582816
7,INTERMEDIATE,137,relu,32,0.0865144730686663,0.0006151893656051,45,0.5459852679209276,0.5241688159180851
7,INTERMEDIATE,138,relu,32,0.0865144730686663,0.0006151893656051,45,0.4547071836211465,0.4528288183415808
7,INTERMEDIATE,139,relu,32,0.0865144730686663,0.0006151893656051,45,0.4568784778768366,0.4137364313369844
7,INTERMEDIATE,140,relu,32,0.0865144730686663,0.0006151893656051,45,0.4053732481869784,0.4050659468261207
7,INTERMEDIATE,141,relu,32,0.0865144730686663,0.0006151893656051,45,0.2831031273711811,0.2955043061477382
7,INTERMEDIATE,142,relu,32,0.0865144730686663,0.0006151893656051,45,0.6961951364170421,0.6257657096153353
7,INTERMEDIATE,143,relu,32,0.0865144730686663,0.0006151893656051,45,0.4109398262067275,0.5118328292922276
7,INTERMEDIATE,144,relu,32,0.0865144730686663,0.0006151893656051,45,0.4255480305715041,0.3860053296496228
7,INTERMEDIATE,145,relu,32,0.0865144730686663,0.0006151893656051,45,0.3933532387018204,0.3263835997843161
7,INTERMEDIATE,146,relu,32,0.0865144730686663,0.0006151893656051,45,0.3716541664166884,0.2982934916891703
7,INTERMEDIATE,147,relu,32,0.0865144730686663,0.0006151893656051,45,0.3391216410831971,0.3035274511430321
7,INTERMEDIATE,148,relu,32,0.0865144730686663,0.0006151893656051,45,0.4202728095379742,0.260456605655391
7,INTERMEDIATE,149,relu,32,0.0865144730686663,0.0006151893656051,45,0.3975828777660023,0.2441370303674442
7,COMPLETED,149,relu,32,0.0865144730686663,0.0006151893656051,45,0.2831031273711811,0.2955043061477382
8,INTERMEDIATE,0,relu,16,0.3192325527068069,0.0002084013566585,57,1.54295966171083,1.5794432439455173
8,INTERMEDIATE,1,relu,16,0.3192325527068069,0.0002084013566585,57,1.351000530379159,1.5011642168207866
8,INTERMEDIATE,2,relu,16,0.3192325527068069,0.0002084013566585,57,1.183819489819663,1.285568603655187
8,INTERMEDIATE,3,relu,16,0.3192325527068069,0.0002084013566585,57,1.0813708504041035,1.1474481275895747
8,INTERMEDIATE,4,relu,16,0.3192325527068069,0.0002084013566585,57,1.033262244292668,1.0855704691351913
8,INTERMEDIATE,5,relu,16,0.3192325527068069,0.0002084013566585,57,0.9673437220709664,1.033006340265274
8,INTERMEDIATE,6,relu,16,0.3192325527068069,0.0002084013566585,57,0.9451188757306054,0.9848991356244902
8,INTERMEDIATE,7,relu,16,0.3192325527068069,0.0002084013566585,57,0.949575043859936,0.9620214926033486
8,INTERMEDIATE,8,relu,16,0.3192325527068069,0.0002084013566585,57,0.9118946393330892,0.9510069671200544
8,INTERMEDIATE,9,relu,16,0.3192325527068069,0.0002084013566585,57,0.8879487117131551,0.9144725050868058
8,INTERMEDIATE,10,relu,16,0.3192325527068069,0.0002084013566585,57,0.8692440759567988,0.9009441682478276
8,INTERMEDIATE,11,relu,16,0.3192325527068069,0.0002084013566585,57,0.8311252849442619,0.8762620934625951
8,INTERMEDIATE,12,relu,16,0.3192325527068069,0.0002084013566585,57,0.863105058670044,0.8317456005550012
8,INTERMEDIATE,13,relu,16,0.3192325527068069,0.0002084013566585,57,0.8263692344938006,0.8250431745517545
8,INTERMEDIATE,14,relu,16,0.3192325527068069,0.0002084013566585,57,0.7953090639341445,0.8202183860831145
8,INTERMEDIATE,15,relu,16,0.3192325527068069,0.0002084013566585,57,0.7912111481030782,0.7681048901342764
8,INTERMEDIATE,16,relu,16,0.3192325527068069,0.0002084013566585,57,0.7734750935009548,0.7799038396375936
8,INTERMEDIATE,17,relu,16,0.3192325527068069,0.0002084013566585,57,0.779459128777186,0.7667840450275235
8,INTERMEDIATE,18,relu,16,0.3192325527068069,0.0002084013566585,57,0.8020568305537814,0.7881349048963407
8,INTERMEDIATE,19,relu,16,0.3192325527068069,0.0002084013566585,57,0.7502657685961042,0.861593708395958
8,INTERMEDIATE,20,relu,16,0.3192325527068069,0.0002084013566585,57,0.721900211913245,0.7649562115349421
8,INTERMEDIATE,21,relu,16,0.3192325527068069,0.0002084013566585,57,0.7301204431624639,0.7300822454981688
8,INTERMEDIATE,22,relu,16,0.3192325527068069,0.0002084013566585,57,0.7134637080487751,0.7575463754374806
8,INTERMEDIATE,23,relu,16,0.3192325527068069,0.0002084013566585,57,0.8222180973915827,0.7991435836728026
8,INTERMEDIATE,24,relu,16,0.3192325527068069,0.0002084013566585,57,0.7935805462655567,0.7873715892797564
8,INTERMEDIATE,25,relu,16,0.3192325527068069,0.0002084013566585,57,0.7730025194940113,0.7549693086525289
8,INTERMEDIATE,26,relu,16,0.3192325527068069,0.0002084013566585,57,0.7762623798279535,0.8083026721710111
8,INTERMEDIATE,27,relu,16,0.3192325527068069,0.0002084013566585,57,0.7287782941545758,0.7252666601320592
8,INTERMEDIATE,28,relu,16,0.3192325527068069,0.0002084013566585,57,0.6843372384707133,0.7000947909020796
8,INTERMEDIATE,29,relu,16,0.3192325527068069,0.0002084013566585,57,0.752092012337276,0.7083749135092992
8,INTERMEDIATE,30,relu,16,0.3192325527068069,0.0002084013566585,57,0.6756726744629088,0.7699720972194904
8,INTERMEDIATE,31,relu,16,0.3192325527068069,0.0002084013566585,57,0.8481320738792419,0.7633237369903704
8,INTERMEDIATE,32,relu,16,0.3192325527068069,0.0002084013566585,57,0.7907796814328149,0.8021297193155056
8,INTERMEDIATE,33,relu,16,0.3192325527068069,0.0002084013566585,57,0.7754838750475929,0.7736789329749781
8,INTERMEDIATE,34,relu,16,0.3192325527068069,0.0002084013566585,57,0.7714309720765977,0.7543379526312758
8,INTERMEDIATE,35,relu,16,0.3192325527068069,0.0002084013566585,57,0.7626560188475109,0.7468470305931277
8,INTERMEDIATE,36,relu,16,0.3192325527068069,0.0002084013566585,57,0.7486708050682431,0.7343483956121817
8,INTERMEDIATE,37,relu,16,0.3192325527068069,0.0002084013566585,57,0.7636367025829497,0.7405199455778774
8,INTERMEDIATE,38,relu,16,0.3192325527068069,0.0002084013566585,57,0.7600688395046052,0.7062605873840612
8,INTERMEDIATE,39,relu,16,0.3192325527068069,0.0002084013566585,57,0.7904302988733564,0.7055166074778976
8,INTERMEDIATE,40,relu,16,0.3192325527068069,0.0002084013566585,57,0.7181052707490467,0.7326916917795088
8,INTERMEDIATE,41,relu,16,0.3192325527068069,0.0002084013566585,57,0.7666703647091275,0.7081866551463197
8,INTERMEDIATE,42,relu,16,0.3192325527068069,0.0002084013566585,57,0.7379893575395856,0.7052680137680798
8,INTERMEDIATE,43,relu,16,0.3192325527068069,0.0002084013566585,57,0.788393075977053,0.6990854325817852
8,INTERMEDIATE,44,relu,16,0.3192325527068069,0.0002084013566585,57,0.7580936224687667,0.741502169792245
8,INTERMEDIATE,45,relu,16,0.3192325527068069,0.0002084013566585,57,0.6889944672584534,0.6788312760068149
8,INTERMEDIATE,46,relu,16,0.3192325527068069,0.0002084013566585,57,0.6394258496307191,0.6753492617025608
8,INTERMEDIATE,47,relu,16,0.3192325527068069,0.0002084013566585,57,0.6618076236475081,0.6642648897519926
8,INTERMEDIATE,48,relu,16,0.3192325527068069,0.0002084013566585,57,0.669678773198809,0.6678509970263737
8,INTERMEDIATE,49,relu,16,0.3192325527068069,0.0002084013566585,57,0.6814283359618414,0.699539634512692
8,INTERMEDIATE,50,relu,16,0.3192325527068069,0.0002084013566585,57,0.6794582506020864,0.6662151609979025
8,INTERMEDIATE,51,relu,16,0.3192325527068069,0.0002084013566585,57,0.6554382386661711,0.6582616640300285
8,INTERMEDIATE,52,relu,16,0.3192325527068069,0.0002084013566585,57,0.6461475434757414,0.6517444779960121
8,INTERMEDIATE,53,relu,16,0.3192325527068069,0.0002084013566585,57,0.6812411944071451,0.6521762743955706
8,INTERMEDIATE,54,relu,16,0.3192325527068069,0.0002084013566585,57,0.6759986792291913,0.6480927423733037
8,INTERMEDIATE,55,relu,16,0.3192325527068069,0.0002084013566585,57,0.6682103375593821,0.6621563045716867
8,INTERMEDIATE,56,relu,16,0.3192325527068069,0.0002084013566585,57,0.8985588493801299,0.6663598639935981
8,INTERMEDIATE,57,relu,16,0.3192325527068069,0.0002084013566585,57,0.7407193723179045,0.794181921133181
8,INTERMEDIATE,58,relu,16,0.3192325527068069,0.0002084013566585,57,0.7416012173607236,0.7064852340192329
8,INTERMEDIATE,59,relu,16,0.3192325527068069,0.0002084013566585,57,0.729867540654682,0.6857865579971453
8,INTERMEDIATE,60,relu,16,0.3192325527068069,0.0002084013566585,57,0.6970877846082052,0.7106919504883813
8,INTERMEDIATE,61,relu,16,0.3192325527068069,0.0002084013566585,57,0.660825979141962,0.699159323442273
8,INTERMEDIATE,62,relu,16,0.3192325527068069,0.0002084013566585,57,0.6633587522166116,0.6599930063253496
8,INTERMEDIATE,63,relu,16,0.3192325527068069,0.0002084013566585,57,0.6544744131110963,0.6477286383146192
8,INTERMEDIATE,64,relu,16,0.3192325527068069,0.0002084013566585,57,0.6616137410913195,0.6341820929835482
8,INTERMEDIATE,65,relu,16,0.3192325527068069,0.0002084013566585,57,0.6724810387407031,0.6192312773044516
8,INTERMEDIATE,66,relu,16,0.3192325527068069,0.0002084013566585,57,0.7428162353379386,0.616586273036352
8,INTERMEDIATE,67,relu,16,0.3192325527068069,0.0002084013566585,57,0.6570750219481332,0.6709374156666965
8,INTERMEDIATE,68,relu,16,0.3192325527068069,0.0002084013566585,57,0.6410747000149318,0.6315706168732992
8,INTERMEDIATE,69,relu,16,0.3192325527068069,0.0002084013566585,57,0.6664870154289972,0.6313901899791345
8,INTERMEDIATE,70,relu,16,0.3192325527068069,0.0002084013566585,57,0.6742266700381324,0.6442569783184586
8,INTERMEDIATE,71,relu,16,0.3192325527068069,0.0002084013566585,57,0.6627062488169897,0.6202956358107125
8,INTERMEDIATE,72,relu,16,0.3192325527068069,0.0002084013566585,57,0.854776205051513,0.6482814317796288
8,INTERMEDIATE,73,relu,16,0.3192325527068069,0.0002084013566585,57,0.671505583184106,0.6965308004036183
8,INTERMEDIATE,74,relu,16,0.3192325527068069,0.0002084013566585,57,0.6828853246711549,0.6373478922902084
8,INTERMEDIATE,75,relu,16,0.3192325527068069,0.0002084013566585,57,0.6695583292416164,0.6172523189608644
8,INTERMEDIATE,76,relu,16,0.3192325527068069,0.0002084013566585,57,0.6485432017417181,0.632726532293529
8,INTERMEDIATE,77,relu,16,0.3192325527068069,0.0002084013566585,57,0.6732696025144487,0.6224836249177049
8,INTERMEDIATE,78,relu,16,0.3192325527068069,0.0002084013566585,57,0.6812249379498618,0.6171389114929409
8,INTERMEDIATE,79,relu,16,0.3192325527068069,0.0002084013566585,57,0.6366159731433505,0.6149230901061035
8,INTERMEDIATE,80,relu,16,0.3192325527068069,0.0002084013566585,57,0.6489565854980832,0.6206289271755916
8,INTERMEDIATE,81,relu,16,0.3192325527068069,0.0002084013566585,57,0.6411506888412294,0.6344861344593328
8,INTERMEDIATE,82,relu,16,0.3192325527068069,0.0002084013566585,57,0.6379427867276328,0.6050829880121278
8,INTERMEDIATE,83,relu,16,0.3192325527068069,0.0002084013566585,57,0.6309493127323332,0.6122183321816165
8,INTERMEDIATE,84,relu,16,0.3192325527068069,0.0002084013566585,57,0.6495863525640397,0.6144443372400795
8,INTERMEDIATE,85,relu,16,0.3192325527068069,0.0002084013566585,57,0.6525005740778786,0.592456170880213
8,INTERMEDIATE,86,relu,16,0.3192325527068069,0.0002084013566585,57,0.6945855035668328,0.620058553247917
8,INTERMEDIATE,87,relu,16,0.3192325527068069,0.0002084013566585,57,0.6738380449158805,0.5837881703656621
8,INTERMEDIATE,88,relu,16,0.3192325527068069,0.0002084013566585,57,0.7847428861118498,0.6099644608613921
8,INTERMEDIATE,89,relu,16,0.3192325527068069,0.0002084013566585,57,0.669081639675867,0.6437271015673149
8,INTERMEDIATE,90,relu,16,0.3192325527068069,0.0002084013566585,57,0.6633432805538177,0.5826126456987567
8,INTERMEDIATE,91,relu,16,0.3192325527068069,0.0002084013566585,57,0.6783518890539805,0.599756344425969
8,INTERMEDIATE,92,relu,16,0.3192325527068069,0.0002084013566585,57,0.7103230811300731,0.5891444992001463
8,INTERMEDIATE,93,relu,16,0.3192325527068069,0.0002084013566585,57,0.6439499698934101,0.5786421880489443
8,INTERMEDIATE,94,relu,16,0.3192325527068069,0.0002084013566585,57,0.6317926971685319,0.5795198769831076
8,INTERMEDIATE,95,relu,16,0.3192325527068069,0.0002084013566585,57,0.6076562234333583,0.6380692197055351
8,INTERMEDIATE,96,relu,16,0.3192325527068069,0.0002084013566585,57,0.60367665546281,0.592553523073836
8,INTERMEDIATE,97,relu,16,0.3192325527068069,0.0002084013566585,57,0.7186547233944848,0.6791821874496413
8,INTERMEDIATE,98,relu,16,0.3192325527068069,0.0002084013566585,57,0.6475121052492232,0.6287875542553459
8,INTERMEDIATE,99,relu,16,0.3192325527068069,0.0002084013566585,57,0.604944877681278,0.5682653504900816
8,INTERMEDIATE,100,relu,16,0.3192325527068069,0.0002084013566585,57,0.6017004918484461,0.5801017148102202
8,INTERMEDIATE,101,relu,16,0.3192325527068069,0.0002084013566585,57,0.5905694805440449,0.5592085824507039
8,INTERMEDIATE,102,relu,16,0.3192325527068069,0.0002084013566585,57,0.6034793782801855,0.5683934597707376
8,INTERMEDIATE,103,relu,16,0.3192325527068069,0.0002084013566585,57,0.5719515383243561,0.5513245025422515
8,INTERMEDIATE,104,relu,16,0.3192325527068069,0.0002084013566585,57,0.5302012690476009,0.54794282320796
8,INTERMEDIATE,105,relu,16,0.3192325527068069,0.0002084013566585,57,0.5332406617346264,0.5390567201666716
8,INTERMEDIATE,106,relu,16,0.3192325527068069,0.0002084013566585,57,0.5831060941730227,0.5460631241226886
8,INTERMEDIATE,107,relu,16,0.3192325527068069,0.0002084013566585,57,0.5467735798585982,0.5385677429234109
8,INTERMEDIATE,108,relu,16,0.3192325527068069,0.0002084013566585,57,0.5162982259477887,0.5170053169131279
8,INTERMEDIATE,109,relu,16,0.3192325527068069,0.0002084013566585,57,0.6185689440795353,0.5754956568523151
8,INTERMEDIATE,110,relu,16,0.3192325527068069,0.0002084013566585,57,0.5812272386891502,0.543493506021616
8,INTERMEDIATE,111,relu,16,0.3192325527068069,0.0002084013566585,57,0.5810675351392656,0.5846166983246803
8,INTERMEDIATE,112,relu,16,0.3192325527068069,0.0002084013566585,57,0.498191597915831,0.516979678738408
8,INTERMEDIATE,113,relu,16,0.3192325527068069,0.0002084013566585,57,0.5446511074191048,0.5363983926249714
8,INTERMEDIATE,114,relu,16,0.3192325527068069,0.0002084013566585,57,0.7240219045253027,0.6713887647521205
8,INTERMEDIATE,115,relu,16,0.3192325527068069,0.0002084013566585,57,0.6094830291611808,0.5940446461119303
8,INTERMEDIATE,116,relu,16,0.3192325527068069,0.0002084013566585,57,0.5457098327931904,0.539884540547685
8,INTERMEDIATE,117,relu,16,0.3192325527068069,0.0002084013566585,57,0.5445797996861594,0.5207976577122037
8,INTERMEDIATE,118,relu,16,0.3192325527068069,0.0002084013566585,57,0.6162608819348472,0.6075160634226915
8,INTERMEDIATE,119,relu,16,0.3192325527068069,0.0002084013566585,57,0.6532755494117737,0.8488080348910355
8,INTERMEDIATE,120,relu,16,0.3192325527068069,0.0002084013566585,57,0.5693575484412057,0.6428051763554898
8,INTERMEDIATE,121,relu,16,0.3192325527068069,0.0002084013566585,57,0.5545246132782528,0.5711119618357682
8,INTERMEDIATE,122,relu,16,0.3192325527068069,0.0002084013566585,57,0.570130834976832,0.5757237710967297
8,INTERMEDIATE,123,relu,16,0.3192325527068069,0.0002084013566585,57,0.7886068253290086,0.6802117090399672
8,INTERMEDIATE,124,relu,16,0.3192325527068069,0.0002084013566585,57,0.6163457575298491,0.6407260593117737
8,INTERMEDIATE,125,relu,16,0.3192325527068069,0.0002084013566585,57,0.5609949685278393,0.5597762723521489
8,INTERMEDIATE,126,relu,16,0.3192325527068069,0.0002084013566585,57,0.54824612396104,0.5292583153378673
8,INTERMEDIATE,127,relu,16,0.3192325527068069,0.0002084013566585,57,0.5271095491590954,0.5119280682467833
8,INTERMEDIATE,128,relu,16,0.3192325527068069,0.0002084013566585,57,1.1617961454959145,0.5706746756303601
8,INTERMEDIATE,129,relu,16,0.3192325527068069,0.0002084013566585,57,0.8187507021994818,0.9227515190112882
8,INTERMEDIATE,130,relu,16,0.3192325527068069,0.0002084013566585,57,0.7211186772301084,0.7780369458402075
8,INTERMEDIATE,131,relu,16,0.3192325527068069,0.0002084013566585,57,0.6378648082415262,0.6840213380935716
8,INTERMEDIATE,132,relu,16,0.3192325527068069,0.0002084013566585,57,0.6131263063067481,0.644600320516563
8,INTERMEDIATE,133,relu,16,0.3192325527068069,0.0002084013566585,57,0.5956959965683165,0.6116817562681872
8,INTERMEDIATE,134,relu,16,0.3192325527068069,0.0002084013566585,57,0.5638456699394044,0.6110886380803294
8,INTERMEDIATE,135,relu,16,0.3192325527068069,0.0002084013566585,57,0.5674578433945066,0.6032067026670386
8,INTERMEDIATE,136,relu,16,0.3192325527068069,0.0002084013566585,57,0.5660143324307033,0.5960020319354243
8,INTERMEDIATE,137,relu,16,0.3192325527068069,0.0002084013566585,57,0.5583398391803106,0.5699869332971369
8,INTERMEDIATE,138,relu,16,0.3192325527068069,0.0002084013566585,57,0.5432623709951129,0.5609966262084681
8,INTERMEDIATE,139,relu,16,0.3192325527068069,0.0002084013566585,57,0.5162908761274247,0.5623797154644641
8,INTERMEDIATE,140,relu,16,0.3192325527068069,0.0002084013566585,57,0.5224928628830683,0.5379760672406453
8,INTERMEDIATE,141,relu,16,0.3192325527068069,0.0002084013566585,57,0.5905747037558329,0.5750958499748532
8,INTERMEDIATE,142,relu,16,0.3192325527068069,0.0002084013566585,57,0.5317865610122681,0.564121573436551
8,INTERMEDIATE,143,relu,16,0.3192325527068069,0.0002084013566585,57,0.5127917187554496,0.5223367225106169
8,INTERMEDIATE,144,relu,16,0.3192325527068069,0.0002084013566585,57,0.4968261818091075,0.4831670549948041
8,INTERMEDIATE,145,relu,16,0.3192325527068069,0.0002084013566585,57,0.471336862161046,0.5054184977964657
8,INTERMEDIATE,146,relu,16,0.3192325527068069,0.0002084013566585,57,0.4730658793733233,0.5047851599207739
8,INTERMEDIATE,147,relu,16,0.3192325527068069,0.0002084013566585,57,0.4940899305400394,0.4798933698954742
8,INTERMEDIATE,148,relu,16,0.3192325527068069,0.0002084013566585,57,0.4847050976185572,0.495611074312431
8,INTERMEDIATE,149,relu,16,0.3192325527068069,0.0002084013566585,57,0.4642946251801082,0.4662844340612249
8,COMPLETED,149,relu,16,0.3192325527068069,0.0002084013566585,57,0.4642946251801082,0.4662844340612249
9,INTERMEDIATE,0,elu,16,0.1348178343570188,0.0002991530751991,42,1.5021967887878418,1.5798117358510086
9,INTERMEDIATE,1,elu,16,0.1348178343570188,0.0002991530751991,42,1.1583093773751032,1.3327060494481064
9,INTERMEDIATE,2,elu,16,0.1348178343570188,0.0002991530751991,42,1.0362417414074852,1.092977812377418
9,INTERMEDIATE,3,elu,16,0.1348178343570188,0.0002991530751991,42,0.96917823666618,1.0161696657901855
9,INTERMEDIATE,4,elu,16,0.1348178343570188,0.0002991530751991,42,0.920825373558771,0.9499178441559396
9,INTERMEDIATE,5,elu,16,0.1348178343570188,0.0002991530751991,42,0.9115159142585028,0.9183615715038486
9,INTERMEDIATE,6,elu,16,0.1348178343570188,0.0002991530751991,42,0.8628119173504057,0.8701212573342207
9,INTERMEDIATE,7,elu,16,0.1348178343570188,0.0002991530751991,42,0.8700668357667469,0.8559948983715802
9,INTERMEDIATE,8,elu,16,0.1348178343570188,0.0002991530751991,42,0.8510432839393616,0.8440734609598066
9,INTERMEDIATE,9,elu,16,0.1348178343570188,0.0002991530751991,42,0.9424828659920466,0.8422142183635293
9,INTERMEDIATE,10,elu,16,0.1348178343570188,0.0002991530751991,42,0.8514497932933626,0.8986830740440183
9,INTERMEDIATE,11,elu,16,0.1348178343570188,0.0002991530751991,42,0.8400531638236273,0.8284401453849746
9,INTERMEDIATE,12,elu,16,0.1348178343570188,0.0002991530751991,42,0.8204416235287985,0.8108098695917827
9,INTERMEDIATE,13,elu,16,0.1348178343570188,0.0002991530751991,42,0.8263149971053714,0.8033602648391956
9,INTERMEDIATE,14,elu,16,0.1348178343570188,0.0002991530751991,42,0.7904786354019528,0.7878313656987214
9,INTERMEDIATE,15,elu,16,0.1348178343570188,0.0002991530751991,42,0.8074867526690165,0.7954940715940987
9,INTERMEDIATE,16,elu,16,0.1348178343570188,0.0002991530751991,42,0.7816981417792184,0.7586760448246468
9,INTERMEDIATE,17,elu,16,0.1348178343570188,0.0002991530751991,42,0.7921966186591557,0.7687273029147125
9,INTERMEDIATE,18,elu,16,0.1348178343570188,0.0002991530751991,42,0.750961476848239,0.7353015840053558
9,INTERMEDIATE,19,elu,16,0.1348178343570188,0.0002991530751991,42,0.741476005031949,0.7614674342841636
9,INTERMEDIATE,20,elu,16,0.1348178343570188,0.0002991530751991,42,0.7787134604794639,0.739931121468544
9,INTERMEDIATE,21,elu,16,0.1348178343570188,0.0002991530751991,42,0.7471711280800047,0.7571145448742843
9,INTERMEDIATE,22,elu,16,0.1348178343570188,0.0002991530751991,42,0.7996615313348316,0.7148841928418089
9,INTERMEDIATE,23,elu,16,0.1348178343570188,0.0002991530751991,42,0.742001820178259,0.7600425310978075
9,INTERMEDIATE,24,elu,16,0.1348178343570188,0.0002991530751991,42,0.789941790558043,0.7094602719312761
9,INTERMEDIATE,25,elu,16,0.1348178343570188,0.0002991530751991,42,0.6925305919278235,0.6999089666982976
9,INTERMEDIATE,26,elu,16,0.1348178343570188,0.0002991530751991,42,0.7230610648790995,0.6788236833200222
9,INTERMEDIATE,27,elu,16,0.1348178343570188,0.0002991530751991,42,0.755612435795012,0.6859915031165611
9,INTERMEDIATE,28,elu,16,0.1348178343570188,0.0002991530751991,42,0.6965758048352741,0.6818416104084108
9,INTERMEDIATE,29,elu,16,0.1348178343570188,0.0002991530751991,42,0.7087445088795253,0.6644727338741465
9,INTERMEDIATE,30,elu,16,0.1348178343570188,0.0002991530751991,42,0.6934445386841184,0.652663998124076
9,INTERMEDIATE,31,elu,16,0.1348178343570188,0.0002991530751991,42,0.7101971067133404,0.6537262215846922
9,INTERMEDIATE,32,elu,16,0.1348178343570188,0.0002991530751991,42,0.7145634549004691,0.6284624554398583
9,INTERMEDIATE,33,elu,16,0.1348178343570188,0.0002991530751991,42,0.6525307269323439,0.6354143906657289
9,INTERMEDIATE,34,elu,16,0.1348178343570188,0.0002991530751991,42,0.7276591161886851,0.6601619538737507
9,INTERMEDIATE,35,elu,16,0.1348178343570188,0.0002991530751991,42,0.7158922184081304,0.6921595891074437
9,INTERMEDIATE,36,elu,16,0.1348178343570188,0.0002991530751991,42,0.7380762015070234,0.6563223196965892
9,INTERMEDIATE,37,elu,16,0.1348178343570188,0.0002991530751991,42,0.8049567341804504,0.6374121322864439
9,INTERMEDIATE,38,elu,16,0.1348178343570188,0.0002991530751991,42,0.740357423112506,0.6945056575464039
9,INTERMEDIATE,39,elu,16,0.1348178343570188,0.0002991530751991,42,0.7263362620558057,0.7733398850371198
9,INTERMEDIATE,40,elu,16,0.1348178343570188,0.0002991530751991,42,0.6980790637788319,0.6419640993926583
9,INTERMEDIATE,41,elu,16,0.1348178343570188,0.0002991530751991,42,1.195647236846742,0.7214746547908317
9,INTERMEDIATE,42,elu,16,0.1348178343570188,0.0002991530751991,42,0.8835755529857817,0.9587779684764582
9,INTERMEDIATE,43,elu,16,0.1348178343570188,0.0002991530751991,42,0.8010997942515782,0.8026522158122644
9,INTERMEDIATE,44,elu,16,0.1348178343570188,0.0002991530751991,42,0.7892213350250608,0.765329914485536
9,INTERMEDIATE,45,elu,16,0.1348178343570188,0.0002991530751991,42,1.7385688906624204,0.7636010646820068
9,INTERMEDIATE,46,elu,16,0.1348178343570188,0.0002991530751991,42,0.8122638903913044,0.7638823818869707
9,INTERMEDIATE,47,elu,16,0.1348178343570188,0.0002991530751991,42,0.7773679807072594,0.69988941128661
9,INTERMEDIATE,48,elu,16,0.1348178343570188,0.0002991530751991,42,0.75935431321462,0.6833171844482422
9,INTERMEDIATE,49,elu,16,0.1348178343570188,0.0002991530751991,42,0.7293868561585745,0.7042563470398507
9,INTERMEDIATE,50,elu,16,0.1348178343570188,0.0002991530751991,42,0.7471682386738914,0.683982153854719
9,INTERMEDIATE,51,elu,16,0.1348178343570188,0.0002991530751991,42,0.7088278957775661,0.6797718338486625
9,INTERMEDIATE,52,elu,16,0.1348178343570188,0.0002991530751991,42,0.7119381087166923,0.6453818925997106
9,INTERMEDIATE,53,elu,16,0.1348178343570188,0.0002991530751991,42,0.6615973242691585,0.6300915659564298
9,INTERMEDIATE,54,elu,16,0.1348178343570188,0.0002991530751991,42,0.9445330046472096,0.7965278349271635
9,INTERMEDIATE,55,elu,16,0.1348178343570188,0.0002991530751991,42,0.7448731263478597,0.7922636554008577
9,INTERMEDIATE,56,elu,16,0.1348178343570188,0.0002991530751991,42,0.7261036080973489,0.69562262587431
9,INTERMEDIATE,57,elu,16,0.1348178343570188,0.0002991530751991,42,0.6567635522002265,0.6732045077696079
9,INTERMEDIATE,58,elu,16,0.1348178343570188,0.0002991530751991,42,0.6740771205652327,0.6767876751539184
9,INTERMEDIATE,59,elu,16,0.1348178343570188,0.0002991530751991,42,0.6566780025050754,0.6350009114277072
9,INTERMEDIATE,60,elu,16,0.1348178343570188,0.0002991530751991,42,0.6166946256444568,0.6338827242938484
9,INTERMEDIATE,61,elu,16,0.1348178343570188,0.0002991530751991,42,0.6287997038591475,0.6232101206735867
9,INTERMEDIATE,62,elu,16,0.1348178343570188,0.0002991530751991,42,0.632362941900889,0.6027586474651243
9,INTERMEDIATE,63,elu,16,0.1348178343570188,0.0002991530751991,42,0.6064562116350446,0.5808304023088479
9,INTERMEDIATE,64,elu,16,0.1348178343570188,0.0002991530751991,42,0.613970989272708,0.5692527021576719
9,INTERMEDIATE,65,elu,16,0.1348178343570188,0.0002991530751991,42,0.6983876412823087,0.6815819649434671
9,INTERMEDIATE,66,elu,16,0.1348178343570188,0.0002991530751991,42,0.6252063484418959,0.6165547040177555
9,INTERMEDIATE,67,elu,16,0.1348178343570188,0.0002991530751991,42,0.6248260821614947,0.5775423882211127
9,INTERMEDIATE,68,elu,16,0.1348178343570188,0.0002991530751991,42,0.5928283951112202,0.56165537110916
9,INTERMEDIATE,69,elu,16,0.1348178343570188,0.0002991530751991,42,0.5382509174801055,0.5545798316597939
9,INTERMEDIATE,70,elu,16,0.1348178343570188,0.0002991530751991,42,0.5558546852497828,0.5464540910793514
9,INTERMEDIATE,71,elu,16,0.1348178343570188,0.0002991530751991,42,0.6343137536730085,0.5346470618756806
9,INTERMEDIATE,72,elu,16,0.1348178343570188,0.0002991530751991,42,0.5641408449127561,0.5512540798361708
9,INTERMEDIATE,73,elu,16,0.1348178343570188,0.0002991530751991,42,0.576006870894205,0.5268780340145274
9,INTERMEDIATE,74,elu,16,0.1348178343570188,0.0002991530751991,42,0.5530827201548076,0.5061350641090695
9,INTERMEDIATE,75,elu,16,0.1348178343570188,0.0002991530751991,42,0.561328778664271,0.505444025484527
9,INTERMEDIATE,76,elu,16,0.1348178343570188,0.0002991530751991,42,0.5074180293650854,0.5288550853729248
9,INTERMEDIATE,77,elu,16,0.1348178343570188,0.0002991530751991,42,0.5023653890405383,0.4865472582055301
9,INTERMEDIATE,78,elu,16,0.1348178343570188,0.0002991530751991,42,0.4833113075721831,0.4765629153244379
9,INTERMEDIATE,79,elu,16,0.1348178343570188,0.0002991530751991,42,0.4822427289826529,0.5203501990110408
9,INTERMEDIATE,80,elu,16,0.1348178343570188,0.0002991530751991,42,0.4995429735808145,0.4656196185728399
9,INTERMEDIATE,81,elu,16,0.1348178343570188,0.0002991530751991,42,0.4588291623762676,0.445662334197905
9,INTERMEDIATE,82,elu,16,0.1348178343570188,0.0002991530751991,42,0.4528888393016088,0.4560078709590726
9,INTERMEDIATE,83,elu,16,0.1348178343570188,0.0002991530751991,42,0.4760450082165854,0.4228357629986798
9,INTERMEDIATE,84,elu,16,0.1348178343570188,0.0002991530751991,42,0.406670131498859,0.4171634498165875
9,INTERMEDIATE,85,elu,16,0.1348178343570188,0.0002991530751991,42,0.4063082521870023,0.3931747324219564
9,INTERMEDIATE,86,elu,16,0.1348178343570188,0.0002991530751991,42,0.5259801000356674,0.4665068994934966
9,INTERMEDIATE,87,elu,16,0.1348178343570188,0.0002991530751991,42,0.3856848999857902,0.4341634551926357
9,INTERMEDIATE,88,elu,16,0.1348178343570188,0.0002991530751991,42,0.4499905364853995,0.4290386664612991
9,INTERMEDIATE,89,elu,16,0.1348178343570188,0.0002991530751991,42,0.3731878218906266,0.3853997215628624
9,INTERMEDIATE,90,elu,16,0.1348178343570188,0.0002991530751991,42,0.4346373883031663,0.444814400701988
9,INTERMEDIATE,91,elu,16,0.1348178343570188,0.0002991530751991,42,0.34873811652263,0.3899177141124155
9,INTERMEDIATE,92,elu,16,0.1348178343570188,0.0002991530751991,42,0.3582551273561659,0.379662186543389
9,INTERMEDIATE,93,elu,16,0.1348178343570188,0.0002991530751991,42,0.3254983510289873,0.3520531956924171
9,INTERMEDIATE,94,elu,16,0.1348178343570188,0.0002991530751991,42,0.3200361139717556,0.3455196704442908
9,INTERMEDIATE,95,elu,16,0.1348178343570188,0.0002991530751991,42,0.3467613245759691,0.3962737190105566
9,INTERMEDIATE,96,elu,16,0.1348178343570188,0.0002991530751991,42,0.3571561794905435,0.356088513372148
9,INTERMEDIATE,97,elu,16,0.1348178343570188,0.0002991530751991,42,0.9631222330388568,0.4313495192767643
9,INTERMEDIATE,98,elu,16,0.1348178343570188,0.0002991530751991,42,0.316220253173794,0.3590354750432619
9,INTERMEDIATE,99,elu,16,0.1348178343570188,0.0002991530751991,42,0.2795115936370123,0.2947768314582545
9,INTERMEDIATE,100,elu,16,0.1348178343570188,0.0002991530751991,42,0.490881248599007,0.3321440426133027
9,INTERMEDIATE,101,elu,16,0.1348178343570188,0.0002991530751991,42,0.3497798308020546,0.3473558608533406
9,INTERMEDIATE,102,elu,16,0.1348178343570188,0.0002991530751991,42,0.3075867735204242,0.2906600926071405
9,INTERMEDIATE,103,elu,16,0.1348178343570188,0.0002991530751991,42,0.4531605616211891,0.2823395578236115
9,INTERMEDIATE,104,elu,16,0.1348178343570188,0.0002991530751991,42,0.4555030571562903,0.5074387976854313
9,INTERMEDIATE,105,elu,16,0.1348178343570188,0.0002991530751991,42,0.5159461902720588,0.496090692899576
9,INTERMEDIATE,106,elu,16,0.1348178343570188,0.0002991530751991,42,0.3697534402211507,0.4339994960805265
9,INTERMEDIATE,107,elu,16,0.1348178343570188,0.0002991530751991,42,0.3831615029346375,0.3861772094557925
9,INTERMEDIATE,108,elu,16,0.1348178343570188,0.0002991530751991,42,0.3465350653444017,0.3384163645891154
9,INTERMEDIATE,109,elu,16,0.1348178343570188,0.0002991530751991,42,0.5106977465606871,0.5797952553030195
9,INTERMEDIATE,110,elu,16,0.1348178343570188,0.0002991530751991,42,0.4066857071149917,0.5009577463312846
9,INTERMEDIATE,111,elu,16,0.1348178343570188,0.0002991530751991,42,0.3759790233203343,0.4266041678989806
9,INTERMEDIATE,112,elu,16,0.1348178343570188,0.0002991530751991,42,0.4008891859224864,0.4068618622131464
9,INTERMEDIATE,113,elu,16,0.1348178343570188,0.0002991530751991,42,0.3897728966105552,0.3657771766912646
9,INTERMEDIATE,114,elu,16,0.1348178343570188,0.0002991530751991,42,0.3068039967190651,0.3535862640455002
9,INTERMEDIATE,115,elu,16,0.1348178343570188,0.0002991530751991,42,0.3059183756510417,0.3245982976584899
9,INTERMEDIATE,116,elu,16,0.1348178343570188,0.0002991530751991,42,0.3089016817864917,0.31817404162593
9,INTERMEDIATE,117,elu,16,0.1348178343570188,0.0002991530751991,42,0.2896643050369762,0.3204045629174244
9,INTERMEDIATE,118,elu,16,0.1348178343570188,0.0002991530751991,42,0.5268785981904893,0.3644499997267635
9,INTERMEDIATE,119,elu,16,0.1348178343570188,0.0002991530751991,42,0.3820513465574809,0.6014595491493621
9,INTERMEDIATE,120,elu,16,0.1348178343570188,0.0002991530751991,42,0.4440386965870857,0.4351726525985613
9,INTERMEDIATE,121,elu,16,0.1348178343570188,0.0002991530751991,42,0.3592472260906583,0.4004431531378409
9,INTERMEDIATE,122,elu,16,0.1348178343570188,0.0002991530751991,42,0.3381261534634091,0.3412678980427544
9,INTERMEDIATE,123,elu,16,0.1348178343570188,0.0002991530751991,42,0.3417627059278034,0.3317885186250617
9,INTERMEDIATE,124,elu,16,0.1348178343570188,0.0002991530751991,42,0.31403499096632,0.3184102196700689
9,INTERMEDIATE,125,elu,16,0.1348178343570188,0.0002991530751991,42,0.4038950375148228,0.3011201848616687
9,INTERMEDIATE,126,elu,16,0.1348178343570188,0.0002991530751991,42,0.377874894511132,0.3626854876737769
9,INTERMEDIATE,127,elu,16,0.1348178343570188,0.0002991530751991,42,0.3058752346606481,0.3217653201484098
9,INTERMEDIATE,128,elu,16,0.1348178343570188,0.0002991530751991,42,0.3773686335909934,0.3180437772194059
9,INTERMEDIATE,129,elu,16,0.1348178343570188,0.0002991530751991,42,0.3244528075059255,0.3203329851441994
9,INTERMEDIATE,130,elu,16,0.1348178343570188,0.0002991530751991,42,0.2809974343648979,0.3267207115706874
9,INTERMEDIATE,131,elu,16,0.1348178343570188,0.0002991530751991,42,0.2731422993044058,0.3052789536191196
9,INTERMEDIATE,132,elu,16,0.1348178343570188,0.0002991530751991,42,0.2788424665729205,0.285607238095708
9,INTERMEDIATE,133,elu,16,0.1348178343570188,0.0002991530751991,42,0.2526529718722616,0.2870417060557662
9,INTERMEDIATE,134,elu,16,0.1348178343570188,0.0002991530751991,42,0.2711261688243775,0.2729345992798122
9,INTERMEDIATE,135,elu,16,0.1348178343570188,0.0002991530751991,42,0.2960445075517609,0.2728743275127759
9,INTERMEDIATE,136,elu,16,0.1348178343570188,0.0002991530751991,42,0.2084285421740441,0.254086603660409
9,INTERMEDIATE,137,elu,16,0.1348178343570188,0.0002991530751991,42,0.2353671604678744,0.2398691873361424
9,INTERMEDIATE,138,elu,16,0.1348178343570188,0.0002991530751991,42,0.3197227968346505,0.2437129658533305
9,INTERMEDIATE,139,elu,16,0.1348178343570188,0.0002991530751991,42,0.2413133297647748,0.2387228323282992
9,INTERMEDIATE,140,elu,16,0.1348178343570188,0.0002991530751991,42,0.2256647552407923,0.2268199776867177
9,INTERMEDIATE,141,elu,16,0.1348178343570188,0.0002991530751991,42,0.2692163767559187,0.2000503826931846
9,INTERMEDIATE,142,elu,16,0.1348178343570188,0.0002991530751991,42,0.3154090646476972,0.2425120935389181
9,INTERMEDIATE,143,elu,16,0.1348178343570188,0.0002991530751991,42,0.2419599715975068,0.2515423416909648
9,INTERMEDIATE,144,elu,16,0.1348178343570188,0.0002991530751991,42,0.2214363974829515,0.2122923670927199
9,INTERMEDIATE,145,elu,16,0.1348178343570188,0.0002991530751991,42,0.2748669815205392,0.2084059632360571
9,INTERMEDIATE,146,elu,16,0.1348178343570188,0.0002991530751991,42,0.2922607215032691,0.2126942167013156
9,INTERMEDIATE,147,elu,16,0.1348178343570188,0.0002991530751991,42,0.254132418405442,0.2216094990329044
9,INTERMEDIATE,148,elu,16,0.1348178343570188,0.0002991530751991,42,0.2500241483960833,0.2035483205463828
9,INTERMEDIATE,149,elu,16,0.1348178343570188,0.0002991530751991,42,0.3590768490518842,0.3399065805644524
9,COMPLETED,149,elu,16,0.1348178343570188,0.0002991530751991,42,0.2084285421740441,0.254086603660409
10,INTERMEDIATE,0,relu,64,0.1463676054297591,0.0003499647239008,55,1.620442231496175,1.6201004073733376
10,INTERMEDIATE,1,relu,64,0.1463676054297591,0.0003499647239008,55,1.5877334276835124,1.5922234853108723
10,INTERMEDIATE,2,relu,64,0.1463676054297591,0.0003499647239008,55,1.4962621331214905,1.5382588307062786
10,INTERMEDIATE,3,relu,64,0.1463676054297591,0.0003499647239008,55,1.3214601675669353,1.4076161100750877
10,INTERMEDIATE,4,relu,64,0.1463676054297591,0.0003499647239008,55,1.2230700850486755,1.2847374053228469
10,INTERMEDIATE,5,relu,64,0.1463676054297591,0.0003499647239008,55,1.1657517949740093,1.1750409063838778
10,INTERMEDIATE,6,relu,64,0.1463676054297591,0.0003499647239008,55,1.0800895392894745,1.126465306395576
10,INTERMEDIATE,7,relu,64,0.1463676054297591,0.0003499647239008,55,1.0863987803459167,1.0741795812334334
10,INTERMEDIATE,8,relu,64,0.1463676054297591,0.0003499647239008,55,1.0252733727296193,1.0435554016204107
10,INTERMEDIATE,9,relu,64,0.1463676054297591,0.0003499647239008,55,1.031012753645579,1.019615766547975
10,INTERMEDIATE,10,relu,64,0.1463676054297591,0.0003499647239008,55,0.993481069803238,1.0143783206031436
10,INTERMEDIATE,11,relu,64,0.1463676054297591,0.0003499647239008,55,0.9184231956799824,1.000345786412557
10,INTERMEDIATE,12,relu,64,0.1463676054297591,0.0003499647239008,55,0.9780709544817606,0.9697540345646086
10,INTERMEDIATE,13,relu,64,0.1463676054297591,0.0003499647239008,55,0.9434608618418376,0.956234247911544
10,INTERMEDIATE,14,relu,64,0.1463676054297591,0.0003499647239008,55,0.8983172376950582,0.951167018640609
10,INTERMEDIATE,15,relu,64,0.1463676054297591,0.0003499647239008,55,0.9088834722836812,0.9338021278381348
10,INTERMEDIATE,16,relu,64,0.1463676054297591,0.0003499647239008,55,0.9090572198232016,0.9107424560047332
10,INTERMEDIATE,17,relu,64,0.1463676054297591,0.0003499647239008,55,0.914351999759674,0.903149309612456
10,INTERMEDIATE,18,relu,64,0.1463676054297591,0.0003499647239008,55,0.8848906954129537,0.8938463727633158
10,INTERMEDIATE,19,relu,64,0.1463676054297591,0.0003499647239008,55,0.9047049184640248,0.8794735329491752
10,INTERMEDIATE,20,relu,64,0.1463676054297591,0.0003499647239008,55,0.7940270602703094,0.8595727256366185
10,INTERMEDIATE,21,relu,64,0.1463676054297591,0.0003499647239008,55,0.803276484211286,0.8468430212565831
10,INTERMEDIATE,22,relu,64,0.1463676054297591,0.0003499647239008,55,0.8593085408210754,0.8510023270334516
10,INTERMEDIATE,23,relu,64,0.1463676054297591,0.0003499647239008,55,0.8738391200701395,0.8493258555730184
10,INTERMEDIATE,24,relu,64,0.1463676054297591,0.0003499647239008,55,0.8962808549404144,0.8306572380520049
10,INTERMEDIATE,25,relu,64,0.1463676054297591,0.0003499647239008,55,0.8391925593217214,0.8445299438067845
10,INTERMEDIATE,26,relu,64,0.1463676054297591,0.0003499647239008,55,0.8381864031155905,0.8186949292818705
10,INTERMEDIATE,27,relu,64,0.1463676054297591,0.0003499647239008,55,0.8161121904850006,0.8043567424728757
10,INTERMEDIATE,28,relu,64,0.1463676054297591,0.0003499647239008,55,0.95979310075442,0.8364569346110026
10,INTERMEDIATE,29,relu,64,0.1463676054297591,0.0003499647239008,55,0.8200411101182302,0.8474582632382711
10,INTERMEDIATE,30,relu,64,0.1463676054297591,0.0003499647239008,55,0.8241489430268606,0.8029926476024446
10,INTERMEDIATE,31,relu,64,0.1463676054297591,0.0003499647239008,55,0.8532620668411255,0.8132701317469279
10,INTERMEDIATE,32,relu,64,0.1463676054297591,0.0003499647239008,55,0.906906912724177,0.8081690924508231
10,INTERMEDIATE,33,relu,64,0.1463676054297591,0.0003499647239008,55,0.848278820514679,0.7979718389965239
10,INTERMEDIATE,34,relu,64,0.1463676054297591,0.0003499647239008,55,0.8061452805995941,0.7936908432415554
10,INTERMEDIATE,35,relu,64,0.1463676054297591,0.0003499647239008,55,0.8767413993676504,0.7617777075086322
10,INTERMEDIATE,36,relu,64,0.1463676054297591,0.0003499647239008,55,0.7718243797620138,0.8026519815127054
10,INTERMEDIATE,37,relu,64,0.1463676054297591,0.0003499647239008,55,0.7750972509384155,0.7795054231371198
10,INTERMEDIATE,38,relu,64,0.1463676054297591,0.0003499647239008,55,0.7911438246568044,0.7594409272784278
10,INTERMEDIATE,39,relu,64,0.1463676054297591,0.0003499647239008,55,0.7815374632676443,0.7458530096780687
10,INTERMEDIATE,40,relu,64,0.1463676054297591,0.0003499647239008,55,0.7823145091533661,0.7569996061779204
10,INTERMEDIATE,41,relu,64,0.1463676054297591,0.0003499647239008,55,0.8089641233285269,0.7536316826230004
10,INTERMEDIATE,42,relu,64,0.1463676054297591,0.0003499647239008,55,0.8678208688894907,0.7360704683122181
10,INTERMEDIATE,43,relu,64,0.1463676054297591,0.0003499647239008,55,0.7511521478494009,0.7343197550092425
10,INTERMEDIATE,44,relu,64,0.1463676054297591,0.0003499647239008,55,0.7299487590789795,0.7235091555686224
10,INTERMEDIATE,45,relu,64,0.1463676054297591,0.0003499647239008,55,0.8292920291423798,0.7021269798278809
10,INTERMEDIATE,46,relu,64,0.1463676054297591,0.0003499647239008,55,0.6868109057346979,0.6895615174656823
10,INTERMEDIATE,47,relu,64,0.1463676054297591,0.0003499647239008,55,0.7514883180459341,0.6578563693023863
10,INTERMEDIATE,48,relu,64,0.1463676054297591,0.0003499647239008,55,0.7818463444709778,0.7398225636709304
10,INTERMEDIATE,49,relu,64,0.1463676054297591,0.0003499647239008,55,0.7545762161413828,0.6780287339573815
10,INTERMEDIATE,50,relu,64,0.1463676054297591,0.0003499647239008,55,0.6674492756525675,0.6522054388409569
10,INTERMEDIATE,51,relu,64,0.1463676054297591,0.0003499647239008,55,0.6420368353525797,0.6401954208101545
10,INTERMEDIATE,52,relu,64,0.1463676054297591,0.0003499647239008,55,0.756223052740097,0.6402034106708708
10,INTERMEDIATE,53,relu,64,0.1463676054297591,0.0003499647239008,55,0.7493240634600321,0.7345375688303084
10,INTERMEDIATE,54,relu,64,0.1463676054297591,0.0003499647239008,55,0.6390162209669749,0.6103798378081549
10,INTERMEDIATE,55,relu,64,0.1463676054297591,0.0003499647239008,55,0.6120755871136984,0.5785963379201435
10,INTERMEDIATE,56,relu,64,0.1463676054297591,0.0003499647239008,55,0.6375479102134705,0.5710818682398114
10,INTERMEDIATE,57,relu,64,0.1463676054297591,0.0003499647239008,55,0.6690046389897665,0.5834268686317262
10,INTERMEDIATE,58,relu,64,0.1463676054297591,0.0003499647239008,55,0.6789359549681345,0.6079914740153721
10,INTERMEDIATE,59,relu,64,0.1463676054297591,0.0003499647239008,55,0.5575565447409948,0.6885643615609124
10,INTERMEDIATE,60,relu,64,0.1463676054297591,0.0003499647239008,55,0.5357403655846914,0.6099632027603331
10,INTERMEDIATE,61,relu,64,0.1463676054297591,0.0003499647239008,55,0.4957389285167058,0.5216435733295622
10,INTERMEDIATE,62,relu,64,0.1463676054297591,0.0003499647239008,55,0.4720044632752736,0.4933945337931315
10,INTERMEDIATE,63,relu,64,0.1463676054297591,0.0003499647239008,55,0.5733755081892014,0.4928688889458066
10,INTERMEDIATE,64,relu,64,0.1463676054297591,0.0003499647239008,55,0.6531398147344589,0.4543855289618174
10,INTERMEDIATE,65,relu,64,0.1463676054297591,0.0003499647239008,55,0.5056384404500326,0.4704115433352334
10,INTERMEDIATE,66,relu,64,0.1463676054297591,0.0003499647239008,55,0.459454799691836,0.4393130356357211
10,INTERMEDIATE,67,relu,64,0.1463676054297591,0.0003499647239008,55,0.4292829682429631,0.4161561131477356
10,INTERMEDIATE,68,relu,64,0.1463676054297591,0.0003499647239008,55,0.4189177950223287,0.4397709390946797
10,INTERMEDIATE,69,relu,64,0.1463676054297591,0.0003499647239008,55,0.4111144890387853,0.3961772010439918
10,INTERMEDIATE,70,relu,64,0.1463676054297591,0.0003499647239008,55,0.3734367489814758,0.3911593272572472
10,INTERMEDIATE,71,relu,64,0.1463676054297591,0.0003499647239008,55,0.461233322819074,0.4392446967817488
10,INTERMEDIATE,72,relu,64,0.1463676054297591,0.0003499647239008,55,0.465571974714597,0.5035298338958195
10,INTERMEDIATE,73,relu,64,0.1463676054297591,0.0003499647239008,55,0.3778832256793976,0.4534230530261993
10,INTERMEDIATE,74,relu,64,0.1463676054297591,0.0003499647239008,55,0.3249905332922935,0.3764976149513608
10,INTERMEDIATE,75,relu,64,0.1463676054297591,0.0003499647239008,55,0.3606389164924621,0.3610490063826243
10,INTERMEDIATE,76,relu,64,0.1463676054297591,0.0003499647239008,55,0.3332499265670776,0.3327897801285698
10,INTERMEDIATE,77,relu,64,0.1463676054297591,0.0003499647239008,55,0.3035328201949596,0.3134472781703585
10,INTERMEDIATE,78,relu,64,0.1463676054297591,0.0003499647239008,55,0.3173886264363925,0.3553679571265266
10,INTERMEDIATE,79,relu,64,0.1463676054297591,0.0003499647239008,55,0.3151467492183049,0.321055368298576
10,INTERMEDIATE,80,relu,64,0.1463676054297591,0.0003499647239008,55,0.2812691231568654,0.3062550162985211
10,INTERMEDIATE,81,relu,64,0.1463676054297591,0.0003499647239008,55,0.2587780207395553,0.2911475279501506
10,INTERMEDIATE,82,relu,64,0.1463676054297591,0.0003499647239008,55,0.3005037506421407,0.3088294366995494
10,INTERMEDIATE,83,relu,64,0.1463676054297591,0.0003499647239008,55,0.3572213699420293,0.2856091736328034
10,INTERMEDIATE,84,relu,64,0.1463676054297591,0.0003499647239008,55,0.3051868677139282,0.3274727243752706
10,INTERMEDIATE,85,relu,64,0.1463676054297591,0.0003499647239008,55,0.248757633070151,0.2718029540209543
10,INTERMEDIATE,86,relu,64,0.1463676054297591,0.0003499647239008,55,0.4216714377204577,0.2654504023847125
10,INTERMEDIATE,87,relu,64,0.1463676054297591,0.0003499647239008,55,0.2446225062012672,0.2735347669749033
10,INTERMEDIATE,88,relu,64,0.1463676054297591,0.0003499647239008,55,0.2346997484564781,0.2980865247192837
10,INTERMEDIATE,89,relu,64,0.1463676054297591,0.0003499647239008,55,0.3004514450828234,0.3160739235934757
10,INTERMEDIATE,90,relu,64,0.1463676054297591,0.0003499647239008,55,0.31690663844347,0.2707884893530891
10,INTERMEDIATE,91,relu,64,0.1463676054297591,0.0003499647239008,55,0.2864338556925456,0.316314425496828
10,INTERMEDIATE,92,relu,64,0.1463676054297591,0.0003499647239008,55,0.2278881222009658,0.2766269420584042
10,INTERMEDIATE,93,relu,64,0.1463676054297591,0.0003499647239008,55,0.2756112292408943,0.2580566058556239
10,INTERMEDIATE,94,relu,64,0.1463676054297591,0.0003499647239008,55,0.2600314207375049,0.2345347482533682
10,INTERMEDIATE,95,relu,64,0.1463676054297591,0.0003499647239008,55,0.3819100509087245,0.2503320542829377
10,INTERMEDIATE,96,relu,64,0.1463676054297591,0.0003499647239008,55,0.2119309306144714,0.2237461510868299
10,INTERMEDIATE,97,relu,64,0.1463676054297591,0.0003499647239008,55,0.5446442452569803,0.2211062397275652
10,INTERMEDIATE,98,relu,64,0.1463676054297591,0.0003499647239008,55,0.2414159886538982,0.2545289631400789
10,INTERMEDIATE,99,relu,64,0.1463676054297591,0.0003499647239008,55,0.2194931601795057,0.2739023367563883
10,INTERMEDIATE,100,relu,64,0.1463676054297591,0.0003499647239008,55,0.2251539578040441,0.3063377823148455
10,INTERMEDIATE,101,relu,64,0.1463676054297591,0.0003499647239008,55,0.3341669415434201,0.2492942739100683
10,INTERMEDIATE,102,relu,64,0.1463676054297591,0.0003499647239008,55,0.2756962900360425,0.2350010006200699
10,INTERMEDIATE,103,relu,64,0.1463676054297591,0.0003499647239008,55,0.1869234964251518,0.215336174482391
10,INTERMEDIATE,104,relu,64,0.1463676054297591,0.0003499647239008,55,0.1695834634204705,0.2098792260956196
10,INTERMEDIATE,105,relu,64,0.1463676054297591,0.0003499647239008,55,0.2120546934505303,0.2165037212627274
10,INTERMEDIATE,106,relu,64,0.1463676054297591,0.0003499647239008,55,0.2317537379761537,0.2087156197854451
10,INTERMEDIATE,107,relu,64,0.1463676054297591,0.0003499647239008,55,0.1758845821022987,0.2055868740592684
10,INTERMEDIATE,108,relu,64,0.1463676054297591,0.0003499647239008,55,0.180152074744304,0.1970446982554027
10,INTERMEDIATE,109,relu,64,0.1463676054297591,0.0003499647239008,55,0.1774470694363117,0.2181808256677218
10,INTERMEDIATE,110,relu,64,0.1463676054297591,0.0003499647239008,55,0.1886292062699794,0.2162439965066455
10,INTERMEDIATE,111,relu,64,0.1463676054297591,0.0003499647239008,55,0.2156470126161972,0.2360536892499242
10,INTERMEDIATE,112,relu,64,0.1463676054297591,0.0003499647239008,55,0.1899032614504297,0.212558260276204
10,INTERMEDIATE,113,relu,64,0.1463676054297591,0.0003499647239008,55,0.1900676488876342,0.2076126244806108
10,INTERMEDIATE,114,relu,64,0.1463676054297591,0.0003499647239008,55,0.2645627185702324,0.1887593297731308
10,INTERMEDIATE,115,relu,64,0.1463676054297591,0.0003499647239008,55,0.2368302096923192,0.2290966248228436
10,INTERMEDIATE,116,relu,64,0.1463676054297591,0.0003499647239008,55,0.2388005678852399,0.196188839773337
10,INTERMEDIATE,117,relu,64,0.1463676054297591,0.0003499647239008,55,0.20573274542888,0.2016066114107767
10,INTERMEDIATE,118,relu,64,0.1463676054297591,0.0003499647239008,55,0.2051279985656341,0.19181753801448
10,INTERMEDIATE,119,relu,64,0.1463676054297591,0.0003499647239008,55,0.1679285358016689,0.2003952371222632
10,INTERMEDIATE,120,relu,64,0.1463676054297591,0.0003499647239008,55,0.5491660460829735,0.1722202719677062
10,INTERMEDIATE,121,relu,64,0.1463676054297591,0.0003499647239008,55,0.277374484265844,0.1743460769454638
10,INTERMEDIATE,122,relu,64,0.1463676054297591,0.0003499647239008,55,0.2841489737232526,0.1884037315668094
10,INTERMEDIATE,123,relu,64,0.1463676054297591,0.0003499647239008,55,0.1887104654063781,0.1903172465307372
10,INTERMEDIATE,124,relu,64,0.1463676054297591,0.0003499647239008,55,0.182253040994207,0.1740979807717459
10,INTERMEDIATE,125,relu,64,0.1463676054297591,0.0003499647239008,55,0.2013999242335558,0.1475957332267647
10,INTERMEDIATE,126,relu,64,0.1463676054297591,0.0003499647239008,55,0.1572926382844647,0.1623205390004884
10,INTERMEDIATE,127,relu,64,0.1463676054297591,0.0003499647239008,55,0.2741742512832085,0.3653784992084616
10,INTERMEDIATE,128,relu,64,0.1463676054297591,0.0003499647239008,55,0.2968389019370079,0.3336839299826395
10,INTERMEDIATE,129,relu,64,0.1463676054297591,0.0003499647239008,55,0.3005003208915393,0.2146077478925387
10,INTERMEDIATE,130,relu,64,0.1463676054297591,0.0003499647239008,55,0.1805661631127198,0.1942684639777456
10,INTERMEDIATE,131,relu,64,0.1463676054297591,0.0003499647239008,55,0.1706364465256532,0.1879751428606964
10,INTERMEDIATE,132,relu,64,0.1463676054297591,0.0003499647239008,55,0.1818285154489179,0.1780756186871301
10,INTERMEDIATE,133,relu,64,0.1463676054297591,0.0003499647239008,55,0.2375184331710139,0.1846337836413156
10,INTERMEDIATE,134,relu,64,0.1463676054297591,0.0003499647239008,55,0.3333649697403113,0.289355748466083
10,INTERMEDIATE,135,relu,64,0.1463676054297591,0.0003499647239008,55,0.41951776171724,0.2358778523547308
10,INTERMEDIATE,136,relu,64,0.1463676054297591,0.0003499647239008,55,0.2321181123455365,0.2111884774196715
10,INTERMEDIATE,137,relu,64,0.1463676054297591,0.0003499647239008,55,0.1632977463304996,0.1774978215495745
10,INTERMEDIATE,138,relu,64,0.1463676054297591,0.0003499647239008,55,0.2322327420115471,0.1876663214394024
10,INTERMEDIATE,139,relu,64,0.1463676054297591,0.0003499647239008,55,0.205384815732638,0.1847290137693995
10,INTERMEDIATE,140,relu,64,0.1463676054297591,0.0003499647239008,55,0.2397043257951736,0.168619200232483
10,INTERMEDIATE,141,relu,64,0.1463676054297591,0.0003499647239008,55,0.2168186468382676,0.1749639580292361
10,INTERMEDIATE,142,relu,64,0.1463676054297591,0.0003499647239008,55,0.2118058285365502,0.1896156221628189
10,INTERMEDIATE,143,relu,64,0.1463676054297591,0.0003499647239008,55,0.1571086669961611,0.1854943292481558
10,INTERMEDIATE,144,relu,64,0.1463676054297591,0.0003499647239008,55,0.5233726849158605,0.1570048981479236
10,INTERMEDIATE,145,relu,64,0.1463676054297591,0.0003499647239008,55,0.3448826769987742,0.1584874462513696
10,INTERMEDIATE,146,relu,64,0.1463676054297591,0.0003499647239008,55,0.3346442431211471,0.2043020249832244
10,INTERMEDIATE,147,relu,64,0.1463676054297591,0.0003499647239008,55,0.3306378920873006,0.2677245984474818
10,INTERMEDIATE,148,relu,64,0.1463676054297591,0.0003499647239008,55,0.38365854571263,0.2005675158330372
10,INTERMEDIATE,149,relu,64,0.1463676054297591,0.0003499647239008,55,0.187256259843707,0.1913860543143181
