Trial-ID,Status,Iteration,activation,batch_size,dropout,learning_rate,num_hidden_units,Objective,avg_train_loss
5,BEST,116,elu,64,0.3759153178427417,0.0002615973679918376,43,0.4612410679459572,0.4141832958249485
1,INTERMEDIATE,0,elu,64,0.3169955243945586,0.0002582862085123,34,0.6919149041175843,0.6992309198660009
1,INTERMEDIATE,1,elu,64,0.3169955243945586,0.0002582862085123,34,0.7019870519638062,0.6986201510709875
1,INTERMEDIATE,2,elu,64,0.3169955243945586,0.0002582862085123,34,0.6915502786636353,0.6972741624888252
1,INTERMEDIATE,3,elu,64,0.3169955243945586,0.0002582862085123,34,0.6967515826225281,0.6947901599547442
1,INTERMEDIATE,4,elu,64,0.3169955243945586,0.0002582862085123,34,0.6919905185699463,0.6929078172234928
1,INTERMEDIATE,5,elu,64,0.3169955243945586,0.0002582862085123,34,0.6933755159378052,0.6921684531604543
1,INTERMEDIATE,6,elu,64,0.3169955243945586,0.0002582862085123,34,0.693908941745758,0.6942927486756268
1,INTERMEDIATE,7,elu,64,0.3169955243945586,0.0002582862085123,34,0.6885054588317872,0.6929805278778076
1,INTERMEDIATE,8,elu,64,0.3169955243945586,0.0002582862085123,34,0.6929020404815673,0.694974471541012
1,INTERMEDIATE,9,elu,64,0.3169955243945586,0.0002582862085123,34,0.6925007581710816,0.6925656444886151
1,INTERMEDIATE,10,elu,64,0.3169955243945586,0.0002582862085123,34,0.6892244935035705,0.6931102486217723
1,INTERMEDIATE,11,elu,64,0.3169955243945586,0.0002582862085123,34,0.6919362306594848,0.6926569973721224
1,INTERMEDIATE,12,elu,64,0.3169955243945586,0.0002582862085123,34,0.6914619326591491,0.6915684096953448
1,INTERMEDIATE,13,elu,64,0.3169955243945586,0.0002582862085123,34,0.6891252160072326,0.6933833676225999
1,INTERMEDIATE,14,elu,64,0.3169955243945586,0.0002582862085123,34,0.6935047149658203,0.6926689708934111
1,INTERMEDIATE,15,elu,64,0.3169955243945586,0.0002582862085123,34,0.6903072953224182,0.690037818516002
1,INTERMEDIATE,16,elu,64,0.3169955243945586,0.0002582862085123,34,0.6901128768920899,0.6908708284882938
1,INTERMEDIATE,17,elu,64,0.3169955243945586,0.0002582862085123,34,0.6915744066238403,0.6915572671329274
1,INTERMEDIATE,18,elu,64,0.3169955243945586,0.0002582862085123,34,0.6907808899879455,0.6901980007396025
1,INTERMEDIATE,19,elu,64,0.3169955243945586,0.0002582862085123,34,0.6909160137176513,0.6902468414867625
1,INTERMEDIATE,20,elu,64,0.3169955243945586,0.0002582862085123,34,0.6887911915779114,0.6876151807167951
1,INTERMEDIATE,21,elu,64,0.3169955243945586,0.0002582862085123,34,0.6877018928527832,0.6862440424806932
1,INTERMEDIATE,22,elu,64,0.3169955243945586,0.0002582862085123,34,0.6840279221534729,0.6868855427293217
1,INTERMEDIATE,23,elu,64,0.3169955243945586,0.0002582862085123,34,0.6824418663978576,0.6827220706378713
1,INTERMEDIATE,24,elu,64,0.3169955243945586,0.0002582862085123,34,0.6758432626724243,0.6786641864215627
1,INTERMEDIATE,25,elu,64,0.3169955243945586,0.0002582862085123,34,0.6727042198181152,0.6724221180467045
1,INTERMEDIATE,26,elu,64,0.3169955243945586,0.0002582862085123,34,0.6624089241027832,0.662898929680095
1,INTERMEDIATE,27,elu,64,0.3169955243945586,0.0002582862085123,34,0.6634601831436158,0.644735550179201
1,INTERMEDIATE,28,elu,64,0.3169955243945586,0.0002582862085123,34,0.7319359421730042,0.626273842418895
1,INTERMEDIATE,29,elu,64,0.3169955243945586,0.0002582862085123,34,0.6718605279922485,0.6287397251409643
1,INTERMEDIATE,30,elu,64,0.3169955243945586,0.0002582862085123,34,0.6391414761543274,0.608498264761532
1,INTERMEDIATE,31,elu,64,0.3169955243945586,0.0002582862085123,34,0.5963940560817719,0.6009389021817375
1,INTERMEDIATE,32,elu,64,0.3169955243945586,0.0002582862085123,34,0.617778205871582,0.5968078725478229
1,INTERMEDIATE,33,elu,64,0.3169955243945586,0.0002582862085123,34,0.6848224997520447,0.5885591524488786
1,INTERMEDIATE,34,elu,64,0.3169955243945586,0.0002582862085123,34,0.625928544998169,0.58801690269919
1,INTERMEDIATE,35,elu,64,0.3169955243945586,0.0002582862085123,34,0.6156505942344666,0.580537818810519
1,INTERMEDIATE,36,elu,64,0.3169955243945586,0.0002582862085123,34,0.5671542465686799,0.577956455595353
1,INTERMEDIATE,37,elu,64,0.3169955243945586,0.0002582862085123,34,0.6917479634284973,0.565176059218014
1,INTERMEDIATE,38,elu,64,0.3169955243945586,0.0002582862085123,34,0.6406821846961975,0.5662063500460457
1,INTERMEDIATE,39,elu,64,0.3169955243945586,0.0002582862085123,34,0.5701358377933502,0.5611443116384394
1,INTERMEDIATE,40,elu,64,0.3169955243945586,0.0002582862085123,34,0.8236034989356995,0.69152490531697
1,INTERMEDIATE,41,elu,64,0.3169955243945586,0.0002582862085123,34,0.6474090695381165,0.6307628575493308
1,INTERMEDIATE,42,elu,64,0.3169955243945586,0.0002582862085123,34,0.6240821123123169,0.5941630286328933
1,INTERMEDIATE,43,elu,64,0.3169955243945586,0.0002582862085123,34,0.7079525709152221,0.5818078412729151
1,INTERMEDIATE,44,elu,64,0.3169955243945586,0.0002582862085123,34,0.6437629222869873,0.5700502430691439
1,INTERMEDIATE,45,elu,64,0.3169955243945586,0.0002582862085123,34,0.629292893409729,0.5610079449765822
1,INTERMEDIATE,46,elu,64,0.3169955243945586,0.0002582862085123,34,0.5682128667831421,0.5404687471249524
1,INTERMEDIATE,47,elu,64,0.3169955243945586,0.0002582862085123,34,0.7031800031661988,0.5404987861128414
1,INTERMEDIATE,48,elu,64,0.3169955243945586,0.0002582862085123,34,0.6751796007156372,0.5434939002289492
1,INTERMEDIATE,49,elu,64,0.3169955243945586,0.0002582862085123,34,0.5965641438961029,0.5377692422446083
1,INTERMEDIATE,50,elu,64,0.3169955243945586,0.0002582862085123,34,0.6372106909751892,0.5377819275154787
1,INTERMEDIATE,51,elu,64,0.3169955243945586,0.0002582862085123,34,0.5993768274784088,0.5348455117029303
1,INTERMEDIATE,52,elu,64,0.3169955243945586,0.0002582862085123,34,0.5843022406101227,0.5193750928429997
1,INTERMEDIATE,53,elu,64,0.3169955243945586,0.0002582862085123,34,0.6465724632143974,0.5509052206488216
1,INTERMEDIATE,54,elu,64,0.3169955243945586,0.0002582862085123,34,0.5957154929637909,0.6663112394949969
1,INTERMEDIATE,55,elu,64,0.3169955243945586,0.0002582862085123,34,0.6504579305648803,0.5530832146897036
1,INTERMEDIATE,56,elu,64,0.3169955243945586,0.0002582862085123,34,0.6935012936592102,0.530268726979985
1,INTERMEDIATE,57,elu,64,0.3169955243945586,0.0002582862085123,34,0.644456970691681,0.5258290048907784
1,INTERMEDIATE,58,elu,64,0.3169955243945586,0.0002582862085123,34,0.6397294044494629,0.584514368982876
1,INTERMEDIATE,59,elu,64,0.3169955243945586,0.0002582862085123,34,0.6137496948242187,0.5502892627435572
1,INTERMEDIATE,60,elu,64,0.3169955243945586,0.0002582862085123,34,0.6071411371231079,0.5515654385089874
1,INTERMEDIATE,61,elu,64,0.3169955243945586,0.0002582862085123,34,0.568021160364151,0.5422241459874546
1,INTERMEDIATE,62,elu,64,0.3169955243945586,0.0002582862085123,34,0.6577575087547303,0.5415409557959613
1,INTERMEDIATE,63,elu,64,0.3169955243945586,0.0002582862085123,34,0.7748757719993591,0.5299119738971486
1,INTERMEDIATE,64,elu,64,0.3169955243945586,0.0002582862085123,34,0.6077607154846192,0.5193813671084011
1,INTERMEDIATE,65,elu,64,0.3169955243945586,0.0002582862085123,34,0.5733861923217773,0.5294061355731067
1,INTERMEDIATE,66,elu,64,0.3169955243945586,0.0002582862085123,34,0.6517260313034058,0.5141210556030273
1,INTERMEDIATE,67,elu,64,0.3169955243945586,0.0002582862085123,34,0.6062862813472748,0.5191191417329452
1,INTERMEDIATE,68,elu,64,0.3169955243945586,0.0002582862085123,34,0.6997482180595398,0.5036546903498033
1,INTERMEDIATE,69,elu,64,0.3169955243945586,0.0002582862085123,34,0.5645628154277802,0.5146401927751654
1,INTERMEDIATE,70,elu,64,0.3169955243945586,0.0002582862085123,34,0.6179738521575928,0.5155764152021969
1,INTERMEDIATE,71,elu,64,0.3169955243945586,0.0002582862085123,34,0.6957220554351806,0.5069836360566756
1,INTERMEDIATE,72,elu,64,0.3169955243945586,0.0002582862085123,34,0.6200666427612305,0.5386928390054142
1,INTERMEDIATE,73,elu,64,0.3169955243945586,0.0002582862085123,34,0.6307830452919007,0.5069546699523926
1,INTERMEDIATE,74,elu,64,0.3169955243945586,0.0002582862085123,34,0.6608932375907898,0.5096616043764002
1,INTERMEDIATE,75,elu,64,0.3169955243945586,0.0002582862085123,34,0.5846003711223602,0.5021825871046852
1,INTERMEDIATE,76,elu,64,0.3169955243945586,0.0002582862085123,34,0.6647876858711242,0.5105587734895594
1,INTERMEDIATE,77,elu,64,0.3169955243945586,0.0002582862085123,34,0.5622202157974243,0.5231928615009084
1,INTERMEDIATE,78,elu,64,0.3169955243945586,0.0002582862085123,34,0.5681043565273285,0.512668111745049
1,INTERMEDIATE,79,elu,64,0.3169955243945586,0.0002582862085123,34,0.740323257446289,0.495287735672558
1,INTERMEDIATE,80,elu,64,0.3169955243945586,0.0002582862085123,34,0.646367359161377,0.4938104292925666
1,INTERMEDIATE,81,elu,64,0.3169955243945586,0.0002582862085123,34,0.688539457321167,0.5048921756884631
1,INTERMEDIATE,82,elu,64,0.3169955243945586,0.0002582862085123,34,0.5380244046449661,0.493786484003067
1,INTERMEDIATE,83,elu,64,0.3169955243945586,0.0002582862085123,34,0.6811078786849976,0.4985627584597644
1,INTERMEDIATE,84,elu,64,0.3169955243945586,0.0002582862085123,34,0.6380276322364807,0.5053770787575665
1,INTERMEDIATE,85,elu,64,0.3169955243945586,0.0002582862085123,34,0.5988028049468994,0.4956846430021174
1,INTERMEDIATE,86,elu,64,0.3169955243945586,0.0002582862085123,34,0.5575129956007003,0.4877134824500364
1,INTERMEDIATE,87,elu,64,0.3169955243945586,0.0002582862085123,34,0.712607991695404,0.4997809143627391
1,INTERMEDIATE,88,elu,64,0.3169955243945586,0.0002582862085123,34,0.6271706998348237,0.5031589146922616
1,INTERMEDIATE,89,elu,64,0.3169955243945586,0.0002582862085123,34,0.6318022251129151,0.4973050899365369
1,INTERMEDIATE,90,elu,64,0.3169955243945586,0.0002582862085123,34,0.5539373219013214,0.4972953691202051
1,INTERMEDIATE,91,elu,64,0.3169955243945586,0.0002582862085123,34,0.5630175650119782,0.4882356489405912
1,INTERMEDIATE,92,elu,64,0.3169955243945586,0.0002582862085123,34,0.5717370212078094,0.5248160993351656
1,INTERMEDIATE,93,elu,64,0.3169955243945586,0.0002582862085123,34,0.5598094284534454,0.4920888210044187
1,INTERMEDIATE,94,elu,64,0.3169955243945586,0.0002582862085123,34,0.6600108981132508,0.4985192961552563
1,INTERMEDIATE,95,elu,64,0.3169955243945586,0.0002582862085123,34,0.6565543413162231,0.5028538002687342
1,INTERMEDIATE,96,elu,64,0.3169955243945586,0.0002582862085123,34,0.635249388217926,0.4841935897574705
1,INTERMEDIATE,97,elu,64,0.3169955243945586,0.0002582862085123,34,0.5928506135940552,0.487582141862196
1,INTERMEDIATE,98,elu,64,0.3169955243945586,0.0002582862085123,34,0.6383831024169921,0.4750252120635089
1,INTERMEDIATE,99,elu,64,0.3169955243945586,0.0002582862085123,34,0.8341888546943664,0.525360098656486
1,INTERMEDIATE,100,elu,64,0.3169955243945586,0.0002582862085123,34,0.5782948017120362,0.5166673940770766
1,INTERMEDIATE,101,elu,64,0.3169955243945586,0.0002582862085123,34,0.5660336196422577,0.4899554901263293
1,INTERMEDIATE,102,elu,64,0.3169955243945586,0.0002582862085123,34,0.5817885518074035,0.4712865598061505
1,INTERMEDIATE,103,elu,64,0.3169955243945586,0.0002582862085123,34,0.5738852918148041,0.4891729477573843
1,INTERMEDIATE,104,elu,64,0.3169955243945586,0.0002582862085123,34,0.663968813419342,0.4807973118389354
1,INTERMEDIATE,105,elu,64,0.3169955243945586,0.0002582862085123,34,0.7039607286453247,0.502082463573007
1,INTERMEDIATE,106,elu,64,0.3169955243945586,0.0002582862085123,34,0.5918213665485382,0.5097958515672123
1,INTERMEDIATE,107,elu,64,0.3169955243945586,0.0002582862085123,34,0.6271593332290649,0.4781007135615629
1,INTERMEDIATE,108,elu,64,0.3169955243945586,0.0002582862085123,34,0.6164966106414795,0.4926351028330186
1,INTERMEDIATE,109,elu,64,0.3169955243945586,0.0002582862085123,34,0.6682733595371246,0.4997486349414377
1,INTERMEDIATE,110,elu,64,0.3169955243945586,0.0002582862085123,34,0.6320258617401123,0.4885953647248885
1,INTERMEDIATE,111,elu,64,0.3169955243945586,0.0002582862085123,34,0.581207686662674,0.4712434972033781
1,INTERMEDIATE,112,elu,64,0.3169955243945586,0.0002582862085123,34,0.6123117804527283,0.4686767301138709
1,INTERMEDIATE,113,elu,64,0.3169955243945586,0.0002582862085123,34,0.5833909034729003,0.4879998073858373
1,INTERMEDIATE,114,elu,64,0.3169955243945586,0.0002582862085123,34,0.5964176654815674,0.4678021581733928
1,INTERMEDIATE,115,elu,64,0.3169955243945586,0.0002582862085123,34,0.5511419534683227,0.4730780194787418
1,INTERMEDIATE,116,elu,64,0.3169955243945586,0.0002582862085123,34,0.6366995573043823,0.4752732059534858
1,INTERMEDIATE,117,elu,64,0.3169955243945586,0.0002582862085123,34,0.5608360528945923,0.4764217366190517
1,INTERMEDIATE,118,elu,64,0.3169955243945586,0.0002582862085123,34,0.6064777493476867,0.4631367746521445
1,INTERMEDIATE,119,elu,64,0.3169955243945586,0.0002582862085123,34,0.5642322599887848,0.4640439380617702
1,INTERMEDIATE,120,elu,64,0.3169955243945586,0.0002582862085123,34,0.5726953983306885,0.4775094915838802
1,INTERMEDIATE,121,elu,64,0.3169955243945586,0.0002582862085123,34,0.7289339423179626,0.4808826148509979
1,INTERMEDIATE,122,elu,64,0.3169955243945586,0.0002582862085123,34,0.527364444732666,0.4810280852458056
1,INTERMEDIATE,123,elu,64,0.3169955243945586,0.0002582862085123,34,0.5562223494052887,0.470430479330175
1,INTERMEDIATE,124,elu,64,0.3169955243945586,0.0002582862085123,34,0.6368085861206054,0.476348727941513
1,INTERMEDIATE,125,elu,64,0.3169955243945586,0.0002582862085123,34,0.597739166021347,0.4731869399547577
1,INTERMEDIATE,126,elu,64,0.3169955243945586,0.0002582862085123,34,0.7061747074127197,0.531611500417485
1,INTERMEDIATE,127,elu,64,0.3169955243945586,0.0002582862085123,34,0.6415806293487549,0.5127219838254592
1,INTERMEDIATE,128,elu,64,0.3169955243945586,0.0002582862085123,34,0.5866794884204865,0.4809110585381003
1,INTERMEDIATE,129,elu,64,0.3169955243945586,0.0002582862085123,34,0.6346178412437439,0.4880480257903828
1,INTERMEDIATE,130,elu,64,0.3169955243945586,0.0002582862085123,34,0.6908073425292969,0.4777904240524067
1,INTERMEDIATE,131,elu,64,0.3169955243945586,0.0002582862085123,34,0.6789339542388916,0.4839703177704531
1,INTERMEDIATE,132,elu,64,0.3169955243945586,0.0002582862085123,34,0.7331789970397949,0.4832243621349334
1,INTERMEDIATE,133,elu,64,0.3169955243945586,0.0002582862085123,34,0.6240288615226746,0.4784923125715816
1,INTERMEDIATE,134,elu,64,0.3169955243945586,0.0002582862085123,34,0.7314915776252746,0.4594721653882195
1,INTERMEDIATE,135,elu,64,0.3169955243945586,0.0002582862085123,34,0.7237303256988525,0.4771228941047893
1,INTERMEDIATE,136,elu,64,0.3169955243945586,0.0002582862085123,34,0.5269775509834289,0.4675252262283774
1,INTERMEDIATE,137,elu,64,0.3169955243945586,0.0002582862085123,34,0.6047406733036041,0.4784499897676356
1,INTERMEDIATE,138,elu,64,0.3169955243945586,0.0002582862085123,34,0.852104651927948,0.4693960302016314
1,INTERMEDIATE,139,elu,64,0.3169955243945586,0.0002582862085123,34,0.6535613179206848,0.4943268684779896
1,INTERMEDIATE,140,elu,64,0.3169955243945586,0.0002582862085123,34,0.5315739318728447,0.484266212757896
1,INTERMEDIATE,141,elu,64,0.3169955243945586,0.0002582862085123,34,0.5809241473674774,0.4751314222812652
1,INTERMEDIATE,142,elu,64,0.3169955243945586,0.0002582862085123,34,0.6677746415138245,0.4629478103974286
1,INTERMEDIATE,143,elu,64,0.3169955243945586,0.0002582862085123,34,0.6593429923057557,0.4595378006205839
1,INTERMEDIATE,144,elu,64,0.3169955243945586,0.0002582862085123,34,0.5391349121928215,0.454762446529725
1,INTERMEDIATE,145,elu,64,0.3169955243945586,0.0002582862085123,34,0.6239828944206238,0.4871056062333724
1,INTERMEDIATE,146,elu,64,0.3169955243945586,0.0002582862085123,34,0.5788664400577546,0.493191461352741
1,INTERMEDIATE,147,elu,64,0.3169955243945586,0.0002582862085123,34,0.8018980622291565,0.4963457812281215
1,INTERMEDIATE,148,elu,64,0.3169955243945586,0.0002582862085123,34,0.673173725605011,0.4752315440598656
1,INTERMEDIATE,149,elu,64,0.3169955243945586,0.0002582862085123,34,0.5134023427963257,0.4592865004258997
1,COMPLETED,149,elu,64,0.3169955243945586,0.0002582862085123,34,0.5134023427963257,0.4592865004258997
2,INTERMEDIATE,0,elu,32,0.1988673258975914,0.0008264797746151,39,0.6925626662042406,0.6968962803031459
2,INTERMEDIATE,1,elu,32,0.1988673258975914,0.0008264797746151,39,0.6923674874835544,0.6932841611630989
2,INTERMEDIATE,2,elu,32,0.1988673258975914,0.0008264797746151,39,0.6902360386318631,0.6922219847187852
2,INTERMEDIATE,3,elu,32,0.1988673258975914,0.0008264797746151,39,0.6877881354755826,0.6921832200252649
2,INTERMEDIATE,4,elu,32,0.1988673258975914,0.0008264797746151,39,0.6738856832186381,0.6856616175535953
2,INTERMEDIATE,5,elu,32,0.1988673258975914,0.0008264797746151,39,0.6877626776695251,0.6688378326820604
2,INTERMEDIATE,6,elu,32,0.1988673258975914,0.0008264797746151,39,0.6418130265341865,0.6519948207970822
2,INTERMEDIATE,7,elu,32,0.1988673258975914,0.0008264797746151,39,0.5950460202164121,0.6151165709351049
2,INTERMEDIATE,8,elu,32,0.1988673258975914,0.0008264797746151,39,0.5757329927550422,0.5673653763352018
2,INTERMEDIATE,9,elu,32,0.1988673258975914,0.0008264797746151,39,0.5495909982257419,0.5691870098764246
2,INTERMEDIATE,10,elu,32,0.1988673258975914,0.0008264797746151,39,0.5770669115914239,0.5380663781455068
2,INTERMEDIATE,11,elu,32,0.1988673258975914,0.0008264797746151,39,0.5952770908673605,0.534223920468128
2,INTERMEDIATE,12,elu,32,0.1988673258975914,0.0008264797746151,39,0.5731011662218306,0.5292998723911516
2,INTERMEDIATE,13,elu,32,0.1988673258975914,0.0008264797746151,39,0.5856645835770501,0.5201520594683561
2,INTERMEDIATE,14,elu,32,0.1988673258975914,0.0008264797746151,39,0.5654671225282881,0.5120535249059851
2,INTERMEDIATE,15,elu,32,0.1988673258975914,0.0008264797746151,39,0.5902051528294882,0.491501277143305
2,INTERMEDIATE,16,elu,32,0.1988673258975914,0.0008264797746151,39,0.5666126178370582,0.5040680233276251
2,INTERMEDIATE,17,elu,32,0.1988673258975914,0.0008264797746151,39,0.534641780787044,0.4920072654883067
2,INTERMEDIATE,18,elu,32,0.1988673258975914,0.0008264797746151,39,0.558588852485021,0.4761548945398042
2,INTERMEDIATE,19,elu,32,0.1988673258975914,0.0008264797746151,39,0.511431023478508,0.4799026305025274
2,INTERMEDIATE,20,elu,32,0.1988673258975914,0.0008264797746151,39,0.5404325359397464,0.4717595369526834
2,INTERMEDIATE,21,elu,32,0.1988673258975914,0.0008264797746151,39,0.5703520576159159,0.4623308190793702
2,INTERMEDIATE,22,elu,32,0.1988673258975914,0.0008264797746151,39,0.54873901936743,0.4529039010857091
2,INTERMEDIATE,23,elu,32,0.1988673258975914,0.0008264797746151,39,0.562271879778968,0.4621423175840666
2,INTERMEDIATE,24,elu,32,0.1988673258975914,0.0008264797746151,39,0.520296283894115,0.47867395706249
2,INTERMEDIATE,25,elu,32,0.1988673258975914,0.0008264797746151,39,0.5922971599631839,0.4473006255698926
2,INTERMEDIATE,26,elu,32,0.1988673258975914,0.0008264797746151,39,0.5963734520806206,0.4915616132996299
2,INTERMEDIATE,27,elu,32,0.1988673258975914,0.0008264797746151,39,0.5872914658652412,0.4560046033425765
2,INTERMEDIATE,28,elu,32,0.1988673258975914,0.0008264797746151,39,0.5294197251399358,0.443456083536148
2,INTERMEDIATE,29,elu,32,0.1988673258975914,0.0008264797746151,39,0.6278901199499766,0.4465757671630744
2,INTERMEDIATE,30,elu,32,0.1988673258975914,0.0008264797746151,39,0.6874621907869974,0.4442392239967982
2,INTERMEDIATE,31,elu,32,0.1988673258975914,0.0008264797746151,39,0.6200742721557617,0.4270861130772215
2,INTERMEDIATE,32,elu,32,0.1988673258975914,0.0008264797746151,39,0.6285983688301511,0.412663131049185
2,INTERMEDIATE,33,elu,32,0.1988673258975914,0.0008264797746151,39,0.617918074131012,0.4239079342647032
2,INTERMEDIATE,34,elu,32,0.1988673258975914,0.0008264797746151,39,0.5726489192909665,0.4063882529735565
2,INTERMEDIATE,35,elu,32,0.1988673258975914,0.0008264797746151,39,0.5430769903792275,0.4303561589031508
2,INTERMEDIATE,36,elu,32,0.1988673258975914,0.0008264797746151,39,0.6195152799288431,0.4359580251303586
2,INTERMEDIATE,37,elu,32,0.1988673258975914,0.0008264797746151,39,0.644122537639406,0.4149950250531687
2,INTERMEDIATE,38,elu,32,0.1988673258975914,0.0008264797746151,39,0.5334608488612704,0.4232604584910653
2,INTERMEDIATE,39,elu,32,0.1988673258975914,0.0008264797746151,39,0.6122922036382887,0.4626068418676203
2,INTERMEDIATE,40,elu,32,0.1988673258975914,0.0008264797746151,39,0.543677012125651,0.4163895804773677
2,INTERMEDIATE,41,elu,32,0.1988673258975914,0.0008264797746151,39,0.5714766548739539,0.4149079173803329
2,INTERMEDIATE,42,elu,32,0.1988673258975914,0.0008264797746151,39,0.634193006489012,0.4001015772422154
2,INTERMEDIATE,43,elu,32,0.1988673258975914,0.0008264797746151,39,0.7657300763660007,0.4000696896603613
2,INTERMEDIATE,44,elu,32,0.1988673258975914,0.0008264797746151,39,0.6783923076258765,0.4075283055955713
2,INTERMEDIATE,45,elu,32,0.1988673258975914,0.0008264797746151,39,0.7891609867413839,0.4833033202272473
2,INTERMEDIATE,46,elu,32,0.1988673258975914,0.0008264797746151,39,0.5898705257309808,0.4492578389066638
2,INTERMEDIATE,47,elu,32,0.1988673258975914,0.0008264797746151,39,0.5806184841526879,0.4123328571969812
2,INTERMEDIATE,48,elu,32,0.1988673258975914,0.0008264797746151,39,0.5975314411852095,0.4008591229265386
2,INTERMEDIATE,49,elu,32,0.1988673258975914,0.0008264797746151,39,0.5690146883328756,0.4119980059789889
2,INTERMEDIATE,50,elu,32,0.1988673258975914,0.0008264797746151,39,0.5700850188732147,0.4159610393372449
2,INTERMEDIATE,51,elu,32,0.1988673258975914,0.0008264797746151,39,0.6058427095413208,0.4040452567013827
2,INTERMEDIATE,52,elu,32,0.1988673258975914,0.0008264797746151,39,0.5823305547237396,0.3828731563055154
2,INTERMEDIATE,53,elu,32,0.1988673258975914,0.0008264797746151,39,0.7002409564124213,0.4591284900000601
2,INTERMEDIATE,54,elu,32,0.1988673258975914,0.0008264797746151,39,0.5994886093669467,0.4413350468332117
2,INTERMEDIATE,55,elu,32,0.1988673258975914,0.0008264797746151,39,0.5984658002853394,0.4082650533228209
2,INTERMEDIATE,56,elu,32,0.1988673258975914,0.0008264797746151,39,0.5890870624118381,0.4004127744472388
2,INTERMEDIATE,57,elu,32,0.1988673258975914,0.0008264797746151,39,0.6306469407346513,0.3869245874159264
2,INTERMEDIATE,58,elu,32,0.1988673258975914,0.0008264797746151,39,0.666342145866818,0.4058940365458979
2,INTERMEDIATE,59,elu,32,0.1988673258975914,0.0008264797746151,39,0.5307523303975662,0.3889514496832182
2,COMPLETED,59,elu,32,0.1988673258975914,0.0008264797746151,39,0.511431023478508,0.4799026305025274
3,INTERMEDIATE,0,elu,64,0.3082350149761144,0.0002015854946118,62,0.6926810264587402,0.693423916311825
3,INTERMEDIATE,1,elu,64,0.3082350149761144,0.0002015854946118,62,0.6934257626533509,0.6928343597580405
3,INTERMEDIATE,2,elu,64,0.3082350149761144,0.0002015854946118,62,0.6931834101676941,0.6928703890127295
3,INTERMEDIATE,3,elu,64,0.3082350149761144,0.0002015854946118,62,0.6929354548454285,0.6936740314259249
3,INTERMEDIATE,4,elu,64,0.3082350149761144,0.0002015854946118,62,0.6922564148902893,0.6933850120095646
3,INTERMEDIATE,5,elu,64,0.3082350149761144,0.0002015854946118,62,0.6944826483726502,0.692598283290863
3,INTERMEDIATE,6,elu,64,0.3082350149761144,0.0002015854946118,62,0.6907342553138733,0.6914814324939952
3,INTERMEDIATE,7,elu,64,0.3082350149761144,0.0002015854946118,62,0.692648994922638,0.6931340799612158
3,INTERMEDIATE,8,elu,64,0.3082350149761144,0.0002015854946118,62,0.6914132714271546,0.6918641469057869
3,INTERMEDIATE,9,elu,64,0.3082350149761144,0.0002015854946118,62,0.6917192459106445,0.6922158879392287
3,INTERMEDIATE,10,elu,64,0.3082350149761144,0.0002015854946118,62,0.692215895652771,0.6908580590696896
3,INTERMEDIATE,11,elu,64,0.3082350149761144,0.0002015854946118,62,0.6866465091705323,0.6894711361211889
3,INTERMEDIATE,12,elu,64,0.3082350149761144,0.0002015854946118,62,0.6892551183700562,0.6898463859277613
3,INTERMEDIATE,13,elu,64,0.3082350149761144,0.0002015854946118,62,0.6871193647384644,0.6872372101334965
3,INTERMEDIATE,14,elu,64,0.3082350149761144,0.0002015854946118,62,0.687664532661438,0.6855172760346356
3,INTERMEDIATE,15,elu,64,0.3082350149761144,0.0002015854946118,62,0.6720611214637756,0.6782734499258154
3,INTERMEDIATE,16,elu,64,0.3082350149761144,0.0002015854946118,62,0.6597457647323608,0.6718706909347983
3,INTERMEDIATE,17,elu,64,0.3082350149761144,0.0002015854946118,62,0.6805355310440063,0.6574003065333647
3,INTERMEDIATE,18,elu,64,0.3082350149761144,0.0002015854946118,62,0.6761845707893371,0.6484278756029466
3,INTERMEDIATE,19,elu,64,0.3082350149761144,0.0002015854946118,62,0.6785495996475219,0.6296064012190875
3,INTERMEDIATE,20,elu,64,0.3082350149761144,0.0002015854946118,62,0.6458664178848267,0.6157115697860718
3,INTERMEDIATE,21,elu,64,0.3082350149761144,0.0002015854946118,62,0.6540236711502075,0.6083824318998
3,INTERMEDIATE,22,elu,64,0.3082350149761144,0.0002015854946118,62,0.6081006288528442,0.5961475722930011
3,INTERMEDIATE,23,elu,64,0.3082350149761144,0.0002015854946118,62,0.6177186191082,0.5696673778926625
3,INTERMEDIATE,24,elu,64,0.3082350149761144,0.0002015854946118,62,0.5577056229114532,0.587540370576522
3,INTERMEDIATE,25,elu,64,0.3082350149761144,0.0002015854946118,62,0.5813369631767273,0.568140298128128
3,INTERMEDIATE,26,elu,64,0.3082350149761144,0.0002015854946118,62,0.5684552192687988,0.5581716316587785
3,INTERMEDIATE,27,elu,64,0.3082350149761144,0.0002015854946118,62,0.5307964950799942,0.5512335668591892
3,INTERMEDIATE,28,elu,64,0.3082350149761144,0.0002015854946118,62,0.6046307325363159,0.5380609368576723
3,INTERMEDIATE,29,elu,64,0.3082350149761144,0.0002015854946118,62,0.587599104642868,0.5773805397398332
3,INTERMEDIATE,30,elu,64,0.3082350149761144,0.0002015854946118,62,0.6009360730648041,0.5553238111383775
3,INTERMEDIATE,31,elu,64,0.3082350149761144,0.0002015854946118,62,0.5956610679626465,0.5974070727825165
3,INTERMEDIATE,32,elu,64,0.3082350149761144,0.0002015854946118,62,0.5642893135547637,0.5469273696927464
3,INTERMEDIATE,33,elu,64,0.3082350149761144,0.0002015854946118,62,0.6218670725822448,0.5393867562798893
3,INTERMEDIATE,34,elu,64,0.3082350149761144,0.0002015854946118,62,0.5931081414222718,0.5199206892181846
3,INTERMEDIATE,35,elu,64,0.3082350149761144,0.0002015854946118,62,0.6411575078964233,0.5455855797318852
3,INTERMEDIATE,36,elu,64,0.3082350149761144,0.0002015854946118,62,0.6199406504631042,0.5356153477640713
3,INTERMEDIATE,37,elu,64,0.3082350149761144,0.0002015854946118,62,0.6266902327537537,0.5517876025508431
3,INTERMEDIATE,38,elu,64,0.3082350149761144,0.0002015854946118,62,0.5677278220653534,0.5367342987481285
3,INTERMEDIATE,39,elu,64,0.3082350149761144,0.0002015854946118,62,0.660593855381012,0.5225956457502702
3,INTERMEDIATE,40,elu,64,0.3082350149761144,0.0002015854946118,62,0.5959525406360626,0.5114916440318612
3,INTERMEDIATE,41,elu,64,0.3082350149761144,0.0002015854946118,62,0.6385046243667603,0.5125467356513528
3,INTERMEDIATE,42,elu,64,0.3082350149761144,0.0002015854946118,62,0.5770425021648407,0.5138783577610465
3,INTERMEDIATE,43,elu,64,0.3082350149761144,0.0002015854946118,62,0.6005606889724732,0.5288969716605019
3,INTERMEDIATE,44,elu,64,0.3082350149761144,0.0002015854946118,62,0.5480309665203095,0.5252000496667975
3,INTERMEDIATE,45,elu,64,0.3082350149761144,0.0002015854946118,62,0.5862559676170349,0.5145278748343972
3,INTERMEDIATE,46,elu,64,0.3082350149761144,0.0002015854946118,62,0.7223606050014496,0.5175719822154325
3,INTERMEDIATE,47,elu,64,0.3082350149761144,0.0002015854946118,62,0.52333282828331,0.516583090319353
3,INTERMEDIATE,48,elu,64,0.3082350149761144,0.0002015854946118,62,0.5344330906867981,0.5293611866586349
3,INTERMEDIATE,49,elu,64,0.3082350149761144,0.0002015854946118,62,0.5735472679138184,0.5302761775605819
3,INTERMEDIATE,50,elu,64,0.3082350149761144,0.0002015854946118,62,0.5391745209693909,0.5005315927898183
3,INTERMEDIATE,51,elu,64,0.3082350149761144,0.0002015854946118,62,0.4854397788643837,0.5042097252957961
3,INTERMEDIATE,52,elu,64,0.3082350149761144,0.0002015854946118,62,0.6741592407226562,0.5093859924989588
3,INTERMEDIATE,53,elu,64,0.3082350149761144,0.0002015854946118,62,0.5669922351837158,0.5036157544921426
3,INTERMEDIATE,54,elu,64,0.3082350149761144,0.0002015854946118,62,0.5974815189838409,0.511393501478083
3,INTERMEDIATE,55,elu,64,0.3082350149761144,0.0002015854946118,62,0.5413157701492309,0.5108870986629935
3,INTERMEDIATE,56,elu,64,0.3082350149761144,0.0002015854946118,62,0.6302442908287048,0.506684380419114
3,INTERMEDIATE,57,elu,64,0.3082350149761144,0.0002015854946118,62,0.5509758830070496,0.4922054480103885
3,INTERMEDIATE,58,elu,64,0.3082350149761144,0.0002015854946118,62,0.5769236564636231,0.4843681296881507
3,INTERMEDIATE,59,elu,64,0.3082350149761144,0.0002015854946118,62,0.5330044806003571,0.4997377939083997
3,INTERMEDIATE,60,elu,64,0.3082350149761144,0.0002015854946118,62,0.5275254547595978,0.4940666012904223
3,INTERMEDIATE,61,elu,64,0.3082350149761144,0.0002015854946118,62,0.6676416277885437,0.4930980345782111
3,INTERMEDIATE,62,elu,64,0.3082350149761144,0.0002015854946118,62,0.5364847362041474,0.5019440212670494
3,INTERMEDIATE,63,elu,64,0.3082350149761144,0.0002015854946118,62,0.5895867586135864,0.4849426956737743
3,INTERMEDIATE,64,elu,64,0.3082350149761144,0.0002015854946118,62,0.5684992611408234,0.4773733247728908
3,INTERMEDIATE,65,elu,64,0.3082350149761144,0.0002015854946118,62,0.5464524924755096,0.4965643497074352
3,INTERMEDIATE,66,elu,64,0.3082350149761144,0.0002015854946118,62,0.5924468398094177,0.4998459868571338
3,INTERMEDIATE,67,elu,64,0.3082350149761144,0.0002015854946118,62,0.5793893575668335,0.4857938377296223
3,INTERMEDIATE,68,elu,64,0.3082350149761144,0.0002015854946118,62,0.5643683195114135,0.4784655711230109
3,INTERMEDIATE,69,elu,64,0.3082350149761144,0.0002015854946118,62,0.5043572127819062,0.4987263030865613
3,INTERMEDIATE,70,elu,64,0.3082350149761144,0.0002015854946118,62,0.5062425404787063,0.4833052403786603
3,INTERMEDIATE,71,elu,64,0.3082350149761144,0.0002015854946118,62,0.5646654844284058,0.4887240371283363
3,INTERMEDIATE,72,elu,64,0.3082350149761144,0.0002015854946118,62,0.4919946998357772,0.4848507677807527
3,INTERMEDIATE,73,elu,64,0.3082350149761144,0.0002015854946118,62,0.51131551861763,0.5041312049416935
3,INTERMEDIATE,74,elu,64,0.3082350149761144,0.0002015854946118,62,0.5470472514629364,0.4892802922164692
3,INTERMEDIATE,75,elu,64,0.3082350149761144,0.0002015854946118,62,0.5318116247653961,0.4782906174659729
3,INTERMEDIATE,76,elu,64,0.3082350149761144,0.0002015854946118,62,0.5429459869861603,0.4748324331115274
3,INTERMEDIATE,77,elu,64,0.3082350149761144,0.0002015854946118,62,0.4981584995985031,0.4745487220147076
3,INTERMEDIATE,78,elu,64,0.3082350149761144,0.0002015854946118,62,0.5428032577037811,0.4699688483687008
3,INTERMEDIATE,79,elu,64,0.3082350149761144,0.0002015854946118,62,0.5599202930927276,0.4904864184996661
3,INTERMEDIATE,80,elu,64,0.3082350149761144,0.0002015854946118,62,0.5512605547904968,0.4985559968387379
3,INTERMEDIATE,81,elu,64,0.3082350149761144,0.0002015854946118,62,0.5643720924854279,0.4876950120224672
3,INTERMEDIATE,82,elu,64,0.3082350149761144,0.0002015854946118,62,0.5497475683689117,0.4933110773563385
3,INTERMEDIATE,83,elu,64,0.3082350149761144,0.0002015854946118,62,0.7096385598182678,0.4742313220220454
3,INTERMEDIATE,84,elu,64,0.3082350149761144,0.0002015854946118,62,0.4804469645023346,0.5050483644008636
3,INTERMEDIATE,85,elu,64,0.3082350149761144,0.0002015854946118,62,0.516670960187912,0.4730103103553547
3,INTERMEDIATE,86,elu,64,0.3082350149761144,0.0002015854946118,62,0.6280981779098511,0.4688130792449502
3,INTERMEDIATE,87,elu,64,0.3082350149761144,0.0002015854946118,62,0.597686630487442,0.4765188133015352
3,INTERMEDIATE,88,elu,64,0.3082350149761144,0.0002015854946118,62,0.4972455769777298,0.4565806844655205
3,INTERMEDIATE,89,elu,64,0.3082350149761144,0.0002015854946118,62,0.5674791514873505,0.4662981313817641
3,INTERMEDIATE,90,elu,64,0.3082350149761144,0.0002015854946118,62,0.6306193351745606,0.4477199868244283
3,INTERMEDIATE,91,elu,64,0.3082350149761144,0.0002015854946118,62,0.5587013304233551,0.4608914817080778
3,INTERMEDIATE,92,elu,64,0.3082350149761144,0.0002015854946118,62,0.6990362882614136,0.4571190230986651
3,INTERMEDIATE,93,elu,64,0.3082350149761144,0.0002015854946118,62,0.5129420578479766,0.454424055183635
3,INTERMEDIATE,94,elu,64,0.3082350149761144,0.0002015854946118,62,0.6232051372528076,0.4402745707946665
3,INTERMEDIATE,95,elu,64,0.3082350149761144,0.0002015854946118,62,0.6203131556510926,0.4856894717496984
3,INTERMEDIATE,96,elu,64,0.3082350149761144,0.0002015854946118,62,0.5380867183208465,0.4880448369418873
3,INTERMEDIATE,97,elu,64,0.3082350149761144,0.0002015854946118,62,0.5250880241394043,0.4883218547877143
3,INTERMEDIATE,98,elu,64,0.3082350149761144,0.0002015854946118,62,0.5040042698383331,0.4974991556476144
3,INTERMEDIATE,99,elu,64,0.3082350149761144,0.0002015854946118,62,0.470086532831192,0.4819656119627111
3,INTERMEDIATE,100,elu,64,0.3082350149761144,0.0002015854946118,62,0.4993406385183334,0.4567233832443462
3,INTERMEDIATE,101,elu,64,0.3082350149761144,0.0002015854946118,62,0.5273019671440125,0.4525799348073847
3,INTERMEDIATE,102,elu,64,0.3082350149761144,0.0002015854946118,62,0.4994604229927063,0.4472603184335372
3,INTERMEDIATE,103,elu,64,0.3082350149761144,0.0002015854946118,62,0.5417587637901307,0.4529273509979248
3,INTERMEDIATE,104,elu,64,0.3082350149761144,0.0002015854946118,62,0.5470494389533996,0.4344678731525646
3,INTERMEDIATE,105,elu,64,0.3082350149761144,0.0002015854946118,62,0.5176959156990051,0.4610236076747669
3,INTERMEDIATE,106,elu,64,0.3082350149761144,0.0002015854946118,62,0.5894797086715698,0.4406381214366239
3,INTERMEDIATE,107,elu,64,0.3082350149761144,0.0002015854946118,62,0.5858711481094361,0.4540007517618291
3,INTERMEDIATE,108,elu,64,0.3082350149761144,0.0002015854946118,62,0.5674734652042389,0.4590969208408804
3,INTERMEDIATE,109,elu,64,0.3082350149761144,0.0002015854946118,62,0.585673588514328,0.4454552390996147
3,INTERMEDIATE,110,elu,64,0.3082350149761144,0.0002015854946118,62,0.5405806005001068,0.4430785634938408
3,INTERMEDIATE,111,elu,64,0.3082350149761144,0.0002015854946118,62,0.6236868441104889,0.4411118451286764
3,INTERMEDIATE,112,elu,64,0.3082350149761144,0.0002015854946118,62,0.4897713214159012,0.4400042540886822
3,INTERMEDIATE,113,elu,64,0.3082350149761144,0.0002015854946118,62,0.4956850588321685,0.4437774787930881
3,INTERMEDIATE,114,elu,64,0.3082350149761144,0.0002015854946118,62,0.4804256379604339,0.4522130068610696
3,INTERMEDIATE,115,elu,64,0.3082350149761144,0.0002015854946118,62,0.599593436717987,0.4211978947415071
3,INTERMEDIATE,116,elu,64,0.3082350149761144,0.0002015854946118,62,0.7815508246421814,0.4323942336966009
3,INTERMEDIATE,117,elu,64,0.3082350149761144,0.0002015854946118,62,0.6040151834487915,0.4722354920471416
3,INTERMEDIATE,118,elu,64,0.3082350149761144,0.0002015854946118,62,0.5079064667224884,0.4320894129136029
3,INTERMEDIATE,119,elu,64,0.3082350149761144,0.0002015854946118,62,0.7897112011909485,0.4594651986570919
3,INTERMEDIATE,120,elu,64,0.3082350149761144,0.0002015854946118,62,0.5562460005283356,0.4868321138269761
3,INTERMEDIATE,121,elu,64,0.3082350149761144,0.0002015854946118,62,0.6704091548919677,0.4494590285946341
3,INTERMEDIATE,122,elu,64,0.3082350149761144,0.0002015854946118,62,0.5388626158237457,0.4313250990474925
3,INTERMEDIATE,123,elu,64,0.3082350149761144,0.0002015854946118,62,0.5593818724155426,0.4340138242525213
3,INTERMEDIATE,124,elu,64,0.3082350149761144,0.0002015854946118,62,0.8378378808498382,0.424627018325469
3,INTERMEDIATE,125,elu,64,0.3082350149761144,0.0002015854946118,62,0.5356408536434174,0.4209777484921848
3,INTERMEDIATE,126,elu,64,0.3082350149761144,0.0002015854946118,62,0.5977766990661622,0.4265315024291767
3,INTERMEDIATE,127,elu,64,0.3082350149761144,0.0002015854946118,62,0.53852419257164,0.4557003221091102
3,INTERMEDIATE,128,elu,64,0.3082350149761144,0.0002015854946118,62,0.4985163375735283,0.4275056982741636
3,INTERMEDIATE,129,elu,64,0.3082350149761144,0.0002015854946118,62,0.5326075732707978,0.4280542836469762
3,INTERMEDIATE,130,elu,64,0.3082350149761144,0.0002015854946118,62,0.4797593533992767,0.4106400258400861
3,INTERMEDIATE,131,elu,64,0.3082350149761144,0.0002015854946118,62,0.5269120216369629,0.408555211389766
3,INTERMEDIATE,132,elu,64,0.3082350149761144,0.0002015854946118,62,0.501217919588089,0.4427025125307195
3,INTERMEDIATE,133,elu,64,0.3082350149761144,0.0002015854946118,62,0.6247705161571503,0.4101864134564119
3,INTERMEDIATE,134,elu,64,0.3082350149761144,0.0002015854946118,62,0.6785524606704711,0.4388535951866823
3,INTERMEDIATE,135,elu,64,0.3082350149761144,0.0002015854946118,62,0.6186281681060791,0.4039416435886832
3,INTERMEDIATE,136,elu,64,0.3082350149761144,0.0002015854946118,62,0.5733400881290436,0.4033674352309283
3,INTERMEDIATE,137,elu,64,0.3082350149761144,0.0002015854946118,62,0.5086881518363953,0.4248254807556377
3,INTERMEDIATE,138,elu,64,0.3082350149761144,0.0002015854946118,62,0.5944918990135193,0.4244462575982599
3,INTERMEDIATE,139,elu,64,0.3082350149761144,0.0002015854946118,62,0.4817119419574737,0.4284611116437351
3,COMPLETED,139,elu,64,0.3082350149761144,0.0002015854946118,62,0.470086532831192,0.4819656119627111
4,INTERMEDIATE,0,relu,16,0.2223671665033133,0.0001122439260156,58,0.7005466783747953,0.6999447620832003
4,INTERMEDIATE,1,relu,16,0.2223671665033133,0.0001122439260156,58,0.6985843988025889,0.6975085955399734
4,INTERMEDIATE,2,relu,16,0.2223671665033133,0.0001122439260156,58,0.6967388461617863,0.6963586953970102
4,INTERMEDIATE,3,relu,16,0.2223671665033133,0.0001122439260156,58,0.6970096686307121,0.6948579760698171
4,INTERMEDIATE,4,relu,16,0.2223671665033133,0.0001122439260156,58,0.6956218305756064,0.6944703423059904
4,INTERMEDIATE,5,relu,16,0.2223671665033133,0.0001122439260156,58,0.6930304239777958,0.6937611955862779
4,INTERMEDIATE,6,relu,16,0.2223671665033133,0.0001122439260156,58,0.6933706507963293,0.6936047443976769
4,INTERMEDIATE,7,relu,16,0.2223671665033133,0.0001122439260156,58,0.6935384168344385,0.6922933771060064
4,INTERMEDIATE,8,relu,16,0.2223671665033133,0.0001122439260156,58,0.6921140832059524,0.692931476006141
4,INTERMEDIATE,9,relu,16,0.2223671665033133,0.0001122439260156,58,0.6922931951635024,0.6927077852762662
4,INTERMEDIATE,10,relu,16,0.2223671665033133,0.0001122439260156,58,0.6923428879064673,0.6921944141387939
4,INTERMEDIATE,11,relu,16,0.2223671665033133,0.0001122439260156,58,0.6931565368876738,0.6922964655436002
4,INTERMEDIATE,12,relu,16,0.2223671665033133,0.0001122439260156,58,0.6916010449914372,0.6935430490053617
4,INTERMEDIATE,13,relu,16,0.2223671665033133,0.0001122439260156,58,0.6919923564966988,0.6923718048976018
4,INTERMEDIATE,14,relu,16,0.2223671665033133,0.0001122439260156,58,0.6919611131443697,0.6917947769165039
4,INTERMEDIATE,15,relu,16,0.2223671665033133,0.0001122439260156,58,0.6905391777262968,0.6900495033997756
4,INTERMEDIATE,16,relu,16,0.2223671665033133,0.0001122439260156,58,0.6892645779777976,0.6908792064740108
4,INTERMEDIATE,17,relu,16,0.2223671665033133,0.0001122439260156,58,0.6884860256138969,0.6894053807625404
4,INTERMEDIATE,18,relu,16,0.2223671665033133,0.0001122439260156,58,0.6853765775175655,0.6867141375174889
4,INTERMEDIATE,19,relu,16,0.2223671665033133,0.0001122439260156,58,0.6788719121147605,0.67883333334556
4,INTERMEDIATE,20,relu,16,0.2223671665033133,0.0001122439260156,58,0.672125286915723,0.6718992801812979
4,INTERMEDIATE,21,relu,16,0.2223671665033133,0.0001122439260156,58,0.6784144920461318,0.6579008872692401
4,INTERMEDIATE,22,relu,16,0.2223671665033133,0.0001122439260156,58,0.6560592335813186,0.6615063575597909
4,INTERMEDIATE,23,relu,16,0.2223671665033133,0.0001122439260156,58,0.6315649993279401,0.6390670501268827
4,INTERMEDIATE,24,relu,16,0.2223671665033133,0.0001122439260156,58,0.6380048885064966,0.6257271459469429
4,INTERMEDIATE,25,relu,16,0.2223671665033133,0.0001122439260156,58,0.6407585284289192,0.6373383820056915
4,INTERMEDIATE,26,relu,16,0.2223671665033133,0.0001122439260156,58,0.6155825327424442,0.6154490901873662
4,INTERMEDIATE,27,relu,16,0.2223671665033133,0.0001122439260156,58,0.6188553606762606,0.6025034890725063
4,INTERMEDIATE,28,relu,16,0.2223671665033133,0.0001122439260156,58,0.6166657489888808,0.587186507995312
4,INTERMEDIATE,29,relu,16,0.2223671665033133,0.0001122439260156,58,0.6092014803605921,0.6052079209914574
4,INTERMEDIATE,30,relu,16,0.2223671665033133,0.0001122439260156,58,0.6073092625421637,0.5813381694830381
4,INTERMEDIATE,31,relu,16,0.2223671665033133,0.0001122439260156,58,0.6170168238527635,0.575374227303725
4,INTERMEDIATE,32,relu,16,0.2223671665033133,0.0001122439260156,58,0.6129402483210844,0.5744827119203714
4,INTERMEDIATE,33,relu,16,0.2223671665033133,0.0001122439260156,58,0.6093727455419653,0.5620047404215887
4,INTERMEDIATE,34,relu,16,0.2223671665033133,0.0001122439260156,58,0.59579516509,0.5638568529715905
4,INTERMEDIATE,35,relu,16,0.2223671665033133,0.0001122439260156,58,0.6343584008076611,0.5548031421808096
4,INTERMEDIATE,36,relu,16,0.2223671665033133,0.0001122439260156,58,0.6064662617795608,0.5526777822237748
4,INTERMEDIATE,37,relu,16,0.2223671665033133,0.0001122439260156,58,0.6280141472816467,0.5411731068904583
4,INTERMEDIATE,38,relu,16,0.2223671665033133,0.0001122439260156,58,0.6043728993219488,0.5435500232072977
4,INTERMEDIATE,39,relu,16,0.2223671665033133,0.0001122439260156,58,0.6561392598292407,0.5416035111133869
4,INTERMEDIATE,40,relu,16,0.2223671665033133,0.0001122439260156,58,0.6744621027918423,0.5279420279539548
4,INTERMEDIATE,41,relu,16,0.2223671665033133,0.0001122439260156,58,0.6232911050319672,0.5350554457077613
4,INTERMEDIATE,42,relu,16,0.2223671665033133,0.0001122439260156,58,0.6242400653222028,0.5294625447346614
4,INTERMEDIATE,43,relu,16,0.2223671665033133,0.0001122439260156,58,0.6289994541336509,0.5290598066953512
4,INTERMEDIATE,44,relu,16,0.2223671665033133,0.0001122439260156,58,0.6111066376461702,0.5219207667387449
4,INTERMEDIATE,45,relu,16,0.2223671665033133,0.0001122439260156,58,0.6179056746118209,0.5180921407846304
4,INTERMEDIATE,46,relu,16,0.2223671665033133,0.0001122439260156,58,0.6515155785224017,0.5140747643434085
4,INTERMEDIATE,47,relu,16,0.2223671665033133,0.0001122439260156,58,0.6341112817035002,0.5297134193090293
4,INTERMEDIATE,48,relu,16,0.2223671665033133,0.0001122439260156,58,0.6262021240066079,0.5153545338373918
4,INTERMEDIATE,49,relu,16,0.2223671665033133,0.0001122439260156,58,0.5787256868446574,0.5127878821813143
4,INTERMEDIATE,50,relu,16,0.2223671665033133,0.0001122439260156,58,0.6083440202123979,0.5101791464365446
4,INTERMEDIATE,51,relu,16,0.2223671665033133,0.0001122439260156,58,0.6121842843644759,0.4976346644071432
4,INTERMEDIATE,52,relu,16,0.2223671665033133,0.0001122439260156,58,0.6223738333758186,0.4964892772527841
4,INTERMEDIATE,53,relu,16,0.2223671665033133,0.0001122439260156,58,0.5896050824838526,0.5119679643557622
4,INTERMEDIATE,54,relu,16,0.2223671665033133,0.0001122439260156,58,0.6116253067465389,0.492666297004773
4,INTERMEDIATE,55,relu,16,0.2223671665033133,0.0001122439260156,58,0.6100316240507013,0.4976291555624741
4,INTERMEDIATE,56,relu,16,0.2223671665033133,0.0001122439260156,58,0.5776407964089337,0.4973887287653409
4,INTERMEDIATE,57,relu,16,0.2223671665033133,0.0001122439260156,58,0.6114516071975231,0.4860632233894788
4,INTERMEDIATE,58,relu,16,0.2223671665033133,0.0001122439260156,58,0.5717545467264512,0.4975165917323186
4,INTERMEDIATE,59,relu,16,0.2223671665033133,0.0001122439260156,58,0.5767071422408608,0.5091946615622593
4,INTERMEDIATE,60,relu,16,0.2223671665033133,0.0001122439260156,58,0.5830927999580607,0.4914510236336635
4,INTERMEDIATE,61,relu,16,0.2223671665033133,0.0001122439260156,58,0.6360328723402584,0.4938899622513698
4,INTERMEDIATE,62,relu,16,0.2223671665033133,0.0001122439260156,58,0.5794214816654429,0.484512348816945
4,INTERMEDIATE,63,relu,16,0.2223671665033133,0.0001122439260156,58,0.5738010073409361,0.493416630075528
4,INTERMEDIATE,64,relu,16,0.2223671665033133,0.0001122439260156,58,0.6510996643234702,0.4986516301448528
4,INTERMEDIATE,65,relu,16,0.2223671665033133,0.0001122439260156,58,0.5792963723925983,0.4790810665258994
4,INTERMEDIATE,66,relu,16,0.2223671665033133,0.0001122439260156,58,0.5755215374862447,0.4911047188135294
4,INTERMEDIATE,67,relu,16,0.2223671665033133,0.0001122439260156,58,0.6379702792448156,0.4763850700396758
4,INTERMEDIATE,68,relu,16,0.2223671665033133,0.0001122439260156,58,0.6069571235600639,0.4732665983530191
4,INTERMEDIATE,69,relu,16,0.2223671665033133,0.0001122439260156,58,0.5785715001470902,0.4659684419631958
4,INTERMEDIATE,70,relu,16,0.2223671665033133,0.0001122439260156,58,0.5534517256652608,0.4793655196061501
4,INTERMEDIATE,71,relu,16,0.2223671665033133,0.0001122439260156,58,0.5671163981451708,0.4627411778156574
4,INTERMEDIATE,72,relu,16,0.2223671665033133,0.0001122439260156,58,0.6291194488020504,0.4646537899971008
4,INTERMEDIATE,73,relu,16,0.2223671665033133,0.0001122439260156,58,0.5880519625018624,0.4895588546991348
4,INTERMEDIATE,74,relu,16,0.2223671665033133,0.0001122439260156,58,0.6854127575369442,0.4660727500915527
4,INTERMEDIATE,75,relu,16,0.2223671665033133,0.0001122439260156,58,0.6029008907430312,0.4599162422693693
4,INTERMEDIATE,76,relu,16,0.2223671665033133,0.0001122439260156,58,0.6290951353662154,0.4607430370954367
4,INTERMEDIATE,77,relu,16,0.2223671665033133,0.0001122439260156,58,0.5625223771614187,0.4677477398743996
4,INTERMEDIATE,78,relu,16,0.2223671665033133,0.0001122439260156,58,0.5898327634615057,0.4562779545783996
4,INTERMEDIATE,79,relu,16,0.2223671665033133,0.0001122439260156,58,0.6221494394190171,0.4534487187862396
4,INTERMEDIATE,80,relu,16,0.2223671665033133,0.0001122439260156,58,0.6257418551865745,0.4598732368304179
4,INTERMEDIATE,81,relu,16,0.2223671665033133,0.0001122439260156,58,0.5753378990818473,0.4663993592445667
4,INTERMEDIATE,82,relu,16,0.2223671665033133,0.0001122439260156,58,0.6053008752710679,0.4566916860066927
4,INTERMEDIATE,83,relu,16,0.2223671665033133,0.0001122439260156,58,0.6447496396653792,0.4521757364273071
4,INTERMEDIATE,84,relu,16,0.2223671665033133,0.0001122439260156,58,0.5918933994629804,0.4526248803505531
4,INTERMEDIATE,85,relu,16,0.2223671665033133,0.0001122439260156,58,0.5705065744764665,0.4496074779675557
4,INTERMEDIATE,86,relu,16,0.2223671665033133,0.0001122439260156,58,0.63650841923321,0.4407475104698768
4,INTERMEDIATE,87,relu,16,0.2223671665033133,0.0001122439260156,58,0.603972044061212,0.4559361597666373
4,INTERMEDIATE,88,relu,16,0.2223671665033133,0.0001122439260156,58,0.6281388577292947,0.4478710699539918
4,INTERMEDIATE,89,relu,16,0.2223671665033133,0.0001122439260156,58,0.5918502877740299,0.4342910081148147
4,INTERMEDIATE,90,relu,16,0.2223671665033133,0.0001122439260156,58,0.585244580226786,0.4314717826934961
4,INTERMEDIATE,91,relu,16,0.2223671665033133,0.0001122439260156,58,0.550442705697873,0.4414958346348542
4,INTERMEDIATE,92,relu,16,0.2223671665033133,0.0001122439260156,58,0.5614668218528523,0.4463818527185
4,INTERMEDIATE,93,relu,16,0.2223671665033133,0.0001122439260156,58,0.6062661023700938,0.4388646426109167
4,INTERMEDIATE,94,relu,16,0.2223671665033133,0.0001122439260156,58,0.568902313709259,0.4656465979722829
4,INTERMEDIATE,95,relu,16,0.2223671665033133,0.0001122439260156,58,0.5867276226772982,0.4356915136942497
4,INTERMEDIATE,96,relu,16,0.2223671665033133,0.0001122439260156,58,0.6745638409081627,0.4321478233887599
4,INTERMEDIATE,97,relu,16,0.2223671665033133,0.0001122439260156,58,0.5869893642032847,0.44774955534018
4,INTERMEDIATE,98,relu,16,0.2223671665033133,0.0001122439260156,58,0.5728662092896069,0.4389966916579466
4,INTERMEDIATE,99,relu,16,0.2223671665033133,0.0001122439260156,58,0.6202593778862673,0.429756611585617
4,INTERMEDIATE,100,relu,16,0.2223671665033133,0.0001122439260156,58,0.640313083634657,0.4263422273672544
4,INTERMEDIATE,101,relu,16,0.2223671665033133,0.0001122439260156,58,0.6175122786970699,0.4216091582408318
4,INTERMEDIATE,102,relu,16,0.2223671665033133,0.0001122439260156,58,0.5828349397462957,0.4166358480086693
4,INTERMEDIATE,103,relu,16,0.2223671665033133,0.0001122439260156,58,0.5893703611458049,0.4259738332950152
4,INTERMEDIATE,104,relu,16,0.2223671665033133,0.0001122439260156,58,0.6077924028915518,0.4229719414160802
4,INTERMEDIATE,105,relu,16,0.2223671665033133,0.0001122439260156,58,0.5996741109034595,0.4255482928111003
4,INTERMEDIATE,106,relu,16,0.2223671665033133,0.0001122439260156,58,0.6010511903201833,0.4164728815738971
4,INTERMEDIATE,107,relu,16,0.2223671665033133,0.0001122439260156,58,0.5663415877258077,0.4389109572538963
4,INTERMEDIATE,108,relu,16,0.2223671665033133,0.0001122439260156,58,0.6263469738118789,0.4166108216230686
4,INTERMEDIATE,109,relu,16,0.2223671665033133,0.0001122439260156,58,0.5975152635399033,0.4142704601471241
4,INTERMEDIATE,110,relu,16,0.2223671665033133,0.0001122439260156,58,0.6211196324404549,0.421311930509714
4,INTERMEDIATE,111,relu,16,0.2223671665033133,0.0001122439260156,58,0.6514432430267334,0.4071660841886814
4,INTERMEDIATE,112,relu,16,0.2223671665033133,0.0001122439260156,58,0.5816386718960369,0.4514103910097709
4,INTERMEDIATE,113,relu,16,0.2223671665033133,0.0001122439260156,58,0.5791489534518298,0.4043995880163633
4,INTERMEDIATE,114,relu,16,0.2223671665033133,0.0001122439260156,58,0.6064360764096765,0.4052262877042477
4,INTERMEDIATE,115,relu,16,0.2223671665033133,0.0001122439260156,58,0.5724990885047352,0.4068114922596858
4,INTERMEDIATE,116,relu,16,0.2223671665033133,0.0001122439260156,58,0.6437453487340141,0.3992733249297509
4,INTERMEDIATE,117,relu,16,0.2223671665033133,0.0001122439260156,58,0.6164570696213666,0.4114783614873886
4,INTERMEDIATE,118,relu,16,0.2223671665033133,0.0001122439260156,58,0.6202694694785511,0.3948744760109828
4,INTERMEDIATE,119,relu,16,0.2223671665033133,0.0001122439260156,58,0.59172724275028,0.391428520817023
4,INTERMEDIATE,120,relu,16,0.2223671665033133,0.0001122439260156,58,0.6020425005870707,0.4000087258907465
4,INTERMEDIATE,121,relu,16,0.2223671665033133,0.0001122439260156,58,0.5962315394597895,0.4028677060053898
4,INTERMEDIATE,122,relu,16,0.2223671665033133,0.0001122439260156,58,0.6506767763810999,0.4022265278376066
4,INTERMEDIATE,123,relu,16,0.2223671665033133,0.0001122439260156,58,0.659045563024633,0.3888025680413613
4,INTERMEDIATE,124,relu,16,0.2223671665033133,0.0001122439260156,58,0.6319241628927343,0.3903644742873999
4,INTERMEDIATE,125,relu,16,0.2223671665033133,0.0001122439260156,58,0.5985513925552368,0.4126124255932294
4,INTERMEDIATE,126,relu,16,0.2223671665033133,0.0001122439260156,58,0.6230148673057556,0.4301228310053165
4,INTERMEDIATE,127,relu,16,0.2223671665033133,0.0001122439260156,58,0.6139300973976359,0.3883636978956369
4,INTERMEDIATE,128,relu,16,0.2223671665033133,0.0001122439260156,58,0.6600033658392289,0.3841557720532784
4,INTERMEDIATE,129,relu,16,0.2223671665033133,0.0001122439260156,58,0.6229745920966653,0.3836700463524231
4,INTERMEDIATE,130,relu,16,0.2223671665033133,0.0001122439260156,58,0.6100628551314858,0.3832696467638016
4,INTERMEDIATE,131,relu,16,0.2223671665033133,0.0001122439260156,58,0.623166899470722,0.3968282227332775
4,COMPLETED,131,relu,16,0.2223671665033133,0.0001122439260156,58,0.550442705697873,0.4414958346348542
5,INTERMEDIATE,0,elu,64,0.3759153178427417,0.0002615973679918,43,0.6915808320045471,0.6969389599912307
5,INTERMEDIATE,1,elu,64,0.3759153178427417,0.0002615973679918,43,0.6916038513183593,0.6946458080235649
5,INTERMEDIATE,2,elu,64,0.3759153178427417,0.0002615973679918,43,0.6944273948669434,0.692383794223561
5,INTERMEDIATE,3,elu,64,0.3759153178427417,0.0002615973679918,43,0.6945371389389038,0.6960714774973252
5,INTERMEDIATE,4,elu,64,0.3759153178427417,0.0002615973679918,43,0.6938391923904419,0.6941247301943162
5,INTERMEDIATE,5,elu,64,0.3759153178427417,0.0002615973679918,43,0.6915241122245789,0.6932844239122727
5,INTERMEDIATE,6,elu,64,0.3759153178427417,0.0002615973679918,43,0.694332218170166,0.6932912153356215
5,INTERMEDIATE,7,elu,64,0.3759153178427417,0.0002615973679918,43,0.6913806319236755,0.6923818658379948
5,INTERMEDIATE,8,elu,64,0.3759153178427417,0.0002615973679918,43,0.6894197583198547,0.6940254288561204
5,INTERMEDIATE,9,elu,64,0.3759153178427417,0.0002615973679918,43,0.6912238001823425,0.6931554184240454
5,INTERMEDIATE,10,elu,64,0.3759153178427417,0.0002615973679918,43,0.6925936102867126,0.6934996071983787
5,INTERMEDIATE,11,elu,64,0.3759153178427417,0.0002615973679918,43,0.6909728169441223,0.6926349366412443
5,INTERMEDIATE,12,elu,64,0.3759153178427417,0.0002615973679918,43,0.6933944225311279,0.6926218972486609
5,INTERMEDIATE,13,elu,64,0.3759153178427417,0.0002615973679918,43,0.6892631888389588,0.6906058192253113
5,INTERMEDIATE,14,elu,64,0.3759153178427417,0.0002615973679918,43,0.69202641248703,0.6914203833131229
5,INTERMEDIATE,15,elu,64,0.3759153178427417,0.0002615973679918,43,0.6895651459693909,0.690190918305341
5,INTERMEDIATE,16,elu,64,0.3759153178427417,0.0002615973679918,43,0.691223967075348,0.6901257493916679
5,INTERMEDIATE,17,elu,64,0.3759153178427417,0.0002615973679918,43,0.6893986463546753,0.6905357977923225
5,INTERMEDIATE,18,elu,64,0.3759153178427417,0.0002615973679918,43,0.6868118047714233,0.688025176525116
5,INTERMEDIATE,19,elu,64,0.3759153178427417,0.0002615973679918,43,0.6923242807388306,0.6857963940676521
5,INTERMEDIATE,20,elu,64,0.3759153178427417,0.0002615973679918,43,0.6813283801078797,0.6828308140530306
5,INTERMEDIATE,21,elu,64,0.3759153178427417,0.0002615973679918,43,0.6764823436737061,0.6757131850018221
5,INTERMEDIATE,22,elu,64,0.3759153178427417,0.0002615973679918,43,0.6660590291023254,0.6658876468153561
5,INTERMEDIATE,23,elu,64,0.3759153178427417,0.0002615973679918,43,0.6757738351821899,0.6577975259107702
5,INTERMEDIATE,24,elu,64,0.3759153178427417,0.0002615973679918,43,0.663328218460083,0.653026002294877
5,INTERMEDIATE,25,elu,64,0.3759153178427417,0.0002615973679918,43,0.6259502172470093,0.6391618742662317
5,INTERMEDIATE,26,elu,64,0.3759153178427417,0.0002615973679918,43,0.6322044134140015,0.615121396148906
5,INTERMEDIATE,27,elu,64,0.3759153178427417,0.0002615973679918,43,0.6814908981323242,0.5979094610494726
5,INTERMEDIATE,28,elu,64,0.3759153178427417,0.0002615973679918,43,0.6802842140197753,0.5864654113264645
5,INTERMEDIATE,29,elu,64,0.3759153178427417,0.0002615973679918,43,0.6732736587524414,0.5810380227425519
5,INTERMEDIATE,30,elu,64,0.3759153178427417,0.0002615973679918,43,0.6394734859466553,0.5840168384944692
5,INTERMEDIATE,31,elu,64,0.3759153178427417,0.0002615973679918,43,0.5685530245304108,0.5510111416087431
5,INTERMEDIATE,32,elu,64,0.3759153178427417,0.0002615973679918,43,0.7181296229362488,0.5456612215322607
5,INTERMEDIATE,33,elu,64,0.3759153178427417,0.0002615973679918,43,0.6082926869392395,0.5380273075664744
5,INTERMEDIATE,34,elu,64,0.3759153178427417,0.0002615973679918,43,0.6627590775489807,0.5540093709440792
5,INTERMEDIATE,35,elu,64,0.3759153178427417,0.0002615973679918,43,0.567214411497116,0.5345563555465025
5,INTERMEDIATE,36,elu,64,0.3759153178427417,0.0002615973679918,43,0.5698757827281952,0.5299248923273647
5,INTERMEDIATE,37,elu,64,0.3759153178427417,0.0002615973679918,43,0.5952851414680481,0.5289689319975236
5,INTERMEDIATE,38,elu,64,0.3759153178427417,0.0002615973679918,43,0.5717566907405853,0.5385650045731488
5,INTERMEDIATE,39,elu,64,0.3759153178427417,0.0002615973679918,43,0.5564193904399872,0.5100436280755436
5,INTERMEDIATE,40,elu,64,0.3759153178427417,0.0002615973679918,43,0.6005823612213135,0.5102160765844233
5,INTERMEDIATE,41,elu,64,0.3759153178427417,0.0002615973679918,43,0.5885827302932739,0.5065008612240062
5,INTERMEDIATE,42,elu,64,0.3759153178427417,0.0002615973679918,43,0.6180162191390991,0.5014245264670428
5,INTERMEDIATE,43,elu,64,0.3759153178427417,0.0002615973679918,43,0.6258185744285584,0.4975777303471285
5,INTERMEDIATE,44,elu,64,0.3759153178427417,0.0002615973679918,43,0.567215645313263,0.5055565360714408
5,INTERMEDIATE,45,elu,64,0.3759153178427417,0.0002615973679918,43,0.613774585723877,0.5010706966414171
5,INTERMEDIATE,46,elu,64,0.3759153178427417,0.0002615973679918,43,0.6485895395278931,0.5209277009262758
5,INTERMEDIATE,47,elu,64,0.3759153178427417,0.0002615973679918,43,0.6383748769760131,0.5033501807381126
5,INTERMEDIATE,48,elu,64,0.3759153178427417,0.0002615973679918,43,0.5542354881763458,0.5116682525943307
5,INTERMEDIATE,49,elu,64,0.3759153178427417,0.0002615973679918,43,0.6103864252567291,0.4871349615209243
5,INTERMEDIATE,50,elu,64,0.3759153178427417,0.0002615973679918,43,0.540149348974228,0.4987670638981987
5,INTERMEDIATE,51,elu,64,0.3759153178427417,0.0002615973679918,43,0.5189629316329956,0.4895543631385354
5,INTERMEDIATE,52,elu,64,0.3759153178427417,0.0002615973679918,43,0.6163361668586731,0.4830739200115204
5,INTERMEDIATE,53,elu,64,0.3759153178427417,0.0002615973679918,43,0.607753586769104,0.4877545938772313
5,INTERMEDIATE,54,elu,64,0.3759153178427417,0.0002615973679918,43,0.5964431762695312,0.4746648476404302
5,INTERMEDIATE,55,elu,64,0.3759153178427417,0.0002615973679918,43,0.5940765976905823,0.4870022079523872
5,INTERMEDIATE,56,elu,64,0.3759153178427417,0.0002615973679918,43,0.5249965727329254,0.499131292104721
5,INTERMEDIATE,57,elu,64,0.3759153178427417,0.0002615973679918,43,0.5910252332687378,0.4814282296334995
5,INTERMEDIATE,58,elu,64,0.3759153178427417,0.0002615973679918,43,0.5482688128948212,0.4817743757191826
5,INTERMEDIATE,59,elu,64,0.3759153178427417,0.0002615973679918,43,0.5893018960952758,0.4785299336209017
5,INTERMEDIATE,60,elu,64,0.3759153178427417,0.0002615973679918,43,0.6631802022457123,0.4664728729163899
5,INTERMEDIATE,61,elu,64,0.3759153178427417,0.0002615973679918,43,0.564306378364563,0.469942124450908
5,INTERMEDIATE,62,elu,64,0.3759153178427417,0.0002615973679918,43,0.5525917708873749,0.4727125798954683
5,INTERMEDIATE,63,elu,64,0.3759153178427417,0.0002615973679918,43,0.6480974078178405,0.4769028267439674
5,INTERMEDIATE,64,elu,64,0.3759153178427417,0.0002615973679918,43,0.5461157739162446,0.47489474976764
5,INTERMEDIATE,65,elu,64,0.3759153178427417,0.0002615973679918,43,0.5588720083236695,0.4658749524284811
5,INTERMEDIATE,66,elu,64,0.3759153178427417,0.0002615973679918,43,0.501559117436409,0.4855794713777654
5,INTERMEDIATE,67,elu,64,0.3759153178427417,0.0002615973679918,43,0.60146644115448,0.4794128011254703
5,INTERMEDIATE,68,elu,64,0.3759153178427417,0.0002615973679918,43,0.5694446802139282,0.4556305794154896
5,INTERMEDIATE,69,elu,64,0.3759153178427417,0.0002615973679918,43,0.6599935293197632,0.4550742296611561
5,INTERMEDIATE,70,elu,64,0.3759153178427417,0.0002615973679918,43,0.7559930801391601,0.4630386794314665
5,INTERMEDIATE,71,elu,64,0.3759153178427417,0.0002615973679918,43,0.5838637948036194,0.4599249064922333
5,INTERMEDIATE,72,elu,64,0.3759153178427417,0.0002615973679918,43,0.5790956497192383,0.4607135355472564
5,INTERMEDIATE,73,elu,64,0.3759153178427417,0.0002615973679918,43,0.6375685572624207,0.4555112000773935
5,INTERMEDIATE,74,elu,64,0.3759153178427417,0.0002615973679918,43,0.6725927352905273,0.4509471567238078
5,INTERMEDIATE,75,elu,64,0.3759153178427417,0.0002615973679918,43,0.6347818791866302,0.4489664172424989
5,INTERMEDIATE,76,elu,64,0.3759153178427417,0.0002615973679918,43,0.5702892899513244,0.4550552859025843
5,INTERMEDIATE,77,elu,64,0.3759153178427417,0.0002615973679918,43,0.6017819881439209,0.4545348532059613
5,INTERMEDIATE,78,elu,64,0.3759153178427417,0.0002615973679918,43,0.5100740849971771,0.4927577271180994
5,INTERMEDIATE,79,elu,64,0.3759153178427417,0.0002615973679918,43,0.5329136669635772,0.4762732123627382
5,INTERMEDIATE,80,elu,64,0.3759153178427417,0.0002615973679918,43,0.534008139371872,0.4645544132765601
5,INTERMEDIATE,81,elu,64,0.3759153178427417,0.0002615973679918,43,0.5904852390289307,0.4471064630676718
5,INTERMEDIATE,82,elu,64,0.3759153178427417,0.0002615973679918,43,0.5586858272552491,0.4347458385369357
5,INTERMEDIATE,83,elu,64,0.3759153178427417,0.0002615973679918,43,0.6656819164752961,0.4538657910683575
5,INTERMEDIATE,84,elu,64,0.3759153178427417,0.0002615973679918,43,0.571721225976944,0.4481247891398037
5,INTERMEDIATE,85,elu,64,0.3759153178427417,0.0002615973679918,43,0.5569768905639648,0.4530030401314006
5,INTERMEDIATE,86,elu,64,0.3759153178427417,0.0002615973679918,43,0.561494255065918,0.47376108695479
5,INTERMEDIATE,87,elu,64,0.3759153178427417,0.0002615973679918,43,0.5643826425075531,0.4707681764574611
5,INTERMEDIATE,88,elu,64,0.3759153178427417,0.0002615973679918,43,0.5210063934326172,0.46209536931094
5,INTERMEDIATE,89,elu,64,0.3759153178427417,0.0002615973679918,43,0.512207317352295,0.4556425581960117
5,INTERMEDIATE,90,elu,64,0.3759153178427417,0.0002615973679918,43,0.5231013238430023,0.448358895147548
5,INTERMEDIATE,91,elu,64,0.3759153178427417,0.0002615973679918,43,0.514836984872818,0.4451420762959648
5,INTERMEDIATE,92,elu,64,0.3759153178427417,0.0002615973679918,43,0.5260643184185028,0.4513081855633679
5,INTERMEDIATE,93,elu,64,0.3759153178427417,0.0002615973679918,43,0.4741465702652931,0.4536385606316959
5,INTERMEDIATE,94,elu,64,0.3759153178427417,0.0002615973679918,43,0.5433246254920959,0.4470988231546738
5,INTERMEDIATE,95,elu,64,0.3759153178427417,0.0002615973679918,43,0.5460944771766663,0.4306143171647015
5,INTERMEDIATE,96,elu,64,0.3759153178427417,0.0002615973679918,43,0.5764608681201935,0.4238335788249969
5,INTERMEDIATE,97,elu,64,0.3759153178427417,0.0002615973679918,43,0.6150397837162018,0.4616027141318601
5,INTERMEDIATE,98,elu,64,0.3759153178427417,0.0002615973679918,43,0.5889545321464539,0.4387875304502599
5,INTERMEDIATE,99,elu,64,0.3759153178427417,0.0002615973679918,43,0.6456737279891968,0.4132741479312672
5,INTERMEDIATE,100,elu,64,0.3759153178427417,0.0002615973679918,43,0.696411257982254,0.4344683219404781
5,INTERMEDIATE,101,elu,64,0.3759153178427417,0.0002615973679918,43,0.4844107180833816,0.4500817866886363
5,INTERMEDIATE,102,elu,64,0.3759153178427417,0.0002615973679918,43,0.6224233329296112,0.4280664920806885
5,INTERMEDIATE,103,elu,64,0.3759153178427417,0.0002615973679918,43,0.6630641102790833,0.4163085993598489
5,INTERMEDIATE,104,elu,64,0.3759153178427417,0.0002615973679918,43,0.5199426114559174,0.4639514526900123
5,INTERMEDIATE,105,elu,64,0.3759153178427417,0.0002615973679918,43,0.5668822407722474,0.4623061821741216
5,INTERMEDIATE,106,elu,64,0.3759153178427417,0.0002615973679918,43,0.5273229539394378,0.43845354458865
5,INTERMEDIATE,107,elu,64,0.3759153178427417,0.0002615973679918,43,0.5409629821777344,0.4407126763287712
5,INTERMEDIATE,108,elu,64,0.3759153178427417,0.0002615973679918,43,0.5909853458404541,0.43072630202069
5,INTERMEDIATE,109,elu,64,0.3759153178427417,0.0002615973679918,43,0.5011455684900283,0.429787641062456
5,INTERMEDIATE,110,elu,64,0.3759153178427417,0.0002615973679918,43,0.531382030248642,0.454102519680472
5,INTERMEDIATE,111,elu,64,0.3759153178427417,0.0002615973679918,43,0.5040886163711548,0.419309559990378
5,INTERMEDIATE,112,elu,64,0.3759153178427417,0.0002615973679918,43,0.6299926698207855,0.4400990745600532
5,INTERMEDIATE,113,elu,64,0.3759153178427417,0.0002615973679918,43,0.4927657514810562,0.4419970880536472
5,INTERMEDIATE,114,elu,64,0.3759153178427417,0.0002615973679918,43,0.6784782528877258,0.4244436674258288
5,INTERMEDIATE,115,elu,64,0.3759153178427417,0.0002615973679918,43,0.4920533686876297,0.4375664574258467
5,INTERMEDIATE,116,elu,64,0.3759153178427417,0.0002615973679918,43,0.4612410679459572,0.4141832958249485
5,INTERMEDIATE,117,elu,64,0.3759153178427417,0.0002615973679918,43,0.5338573038578034,0.4232630203751957
5,INTERMEDIATE,118,elu,64,0.3759153178427417,0.0002615973679918,43,0.6381721317768096,0.4080110025756499
5,INTERMEDIATE,119,elu,64,0.3759153178427417,0.0002615973679918,43,0.4857443183660507,0.4209533824640162
5,INTERMEDIATE,120,elu,64,0.3759153178427417,0.0002615973679918,43,0.5186728537082672,0.4138232522151049
5,INTERMEDIATE,121,elu,64,0.3759153178427417,0.0002615973679918,43,0.5015139937400818,0.4241948934162364
5,INTERMEDIATE,122,elu,64,0.3759153178427417,0.0002615973679918,43,0.6024663627147675,0.4154108491014032
5,INTERMEDIATE,123,elu,64,0.3759153178427417,0.0002615973679918,43,0.7189066410064697,0.4086793380625108
5,INTERMEDIATE,124,elu,64,0.3759153178427417,0.0002615973679918,43,0.6136576890945434,0.4094021863797131
5,INTERMEDIATE,125,elu,64,0.3759153178427417,0.0002615973679918,43,0.5836126565933227,0.4171208143234253
5,INTERMEDIATE,126,elu,64,0.3759153178427417,0.0002615973679918,43,0.5520707309246063,0.4064181867767782
5,INTERMEDIATE,127,elu,64,0.3759153178427417,0.0002615973679918,43,0.5737229943275451,0.4099447271403144
5,INTERMEDIATE,128,elu,64,0.3759153178427417,0.0002615973679918,43,0.5528992176055908,0.4226113768184886
5,INTERMEDIATE,129,elu,64,0.3759153178427417,0.0002615973679918,43,0.5020088434219361,0.3963492056902717
5,INTERMEDIATE,130,elu,64,0.3759153178427417,0.0002615973679918,43,0.5680226504802703,0.3947248336146859
5,INTERMEDIATE,131,elu,64,0.3759153178427417,0.0002615973679918,43,0.4773702383041381,0.4233189926427953
5,INTERMEDIATE,132,elu,64,0.3759153178427417,0.0002615973679918,43,0.5169347047805786,0.4218420140883502
5,INTERMEDIATE,133,elu,64,0.3759153178427417,0.0002615973679918,43,0.6024184942245483,0.3991474386523752
5,INTERMEDIATE,134,elu,64,0.3759153178427417,0.0002615973679918,43,0.6031856834888458,0.386496472008088
5,INTERMEDIATE,135,elu,64,0.3759153178427417,0.0002615973679918,43,0.5998853743076324,0.3928440178141874
5,INTERMEDIATE,136,elu,64,0.3759153178427417,0.0002615973679918,43,0.5100027918815613,0.4070057132664849
5,INTERMEDIATE,137,elu,64,0.3759153178427417,0.0002615973679918,43,0.5705534100532532,0.411298583535587
5,INTERMEDIATE,138,elu,64,0.3759153178427417,0.0002615973679918,43,0.4722284987568855,0.3925553288529901
5,INTERMEDIATE,139,elu,64,0.3759153178427417,0.0002615973679918,43,0.6632391095161438,0.4239668057245366
5,INTERMEDIATE,140,elu,64,0.3759153178427417,0.0002615973679918,43,0.6567969143390655,0.3829184595276327
5,INTERMEDIATE,141,elu,64,0.3759153178427417,0.0002615973679918,43,0.5955677330493927,0.3869148387628443
5,INTERMEDIATE,142,elu,64,0.3759153178427417,0.0002615973679918,43,0.7529916167259216,0.3916834277265212
5,INTERMEDIATE,143,elu,64,0.3759153178427417,0.0002615973679918,43,0.6616729974746705,0.4140450481106253
5,INTERMEDIATE,144,elu,64,0.3759153178427417,0.0002615973679918,43,0.6659371614456177,0.3764301871552187
5,INTERMEDIATE,145,elu,64,0.3759153178427417,0.0002615973679918,43,0.6526287317276,0.4062351119868895
5,INTERMEDIATE,146,elu,64,0.3759153178427417,0.0002615973679918,43,0.5024660617113114,0.3985833736026988
5,INTERMEDIATE,147,elu,64,0.3759153178427417,0.0002615973679918,43,0.5037504136562347,0.406291993225322
5,INTERMEDIATE,148,elu,64,0.3759153178427417,0.0002615973679918,43,0.465701375156641,0.3753827801522086
5,INTERMEDIATE,149,elu,64,0.3759153178427417,0.0002615973679918,43,0.5465916454792022,0.3939834964625975
5,COMPLETED,149,elu,64,0.3759153178427417,0.0002615973679918,43,0.4612410679459572,0.4141832958249485
6,INTERMEDIATE,0,elu,64,0.1896105719177931,0.0007902180581985,49,0.6929251313209533,0.6934686373261845
6,INTERMEDIATE,1,elu,64,0.1896105719177931,0.0007902180581985,49,0.6928076863288879,0.6923425443032208
6,INTERMEDIATE,2,elu,64,0.1896105719177931,0.0007902180581985,49,0.6925109267234802,0.6917977438253515
6,INTERMEDIATE,3,elu,64,0.1896105719177931,0.0007902180581985,49,0.696094524860382,0.6916281265370986
6,INTERMEDIATE,4,elu,64,0.1896105719177931,0.0007902180581985,49,0.6769634842872619,0.6880624434527229
6,INTERMEDIATE,5,elu,64,0.1896105719177931,0.0007902180581985,49,0.6764462947845459,0.6820291561238906
6,INTERMEDIATE,6,elu,64,0.1896105719177931,0.0007902180581985,49,0.6397602975368499,0.660149146528805
6,INTERMEDIATE,7,elu,64,0.1896105719177931,0.0007902180581985,49,0.6539174795150757,0.6331295896978939
6,INTERMEDIATE,8,elu,64,0.1896105719177931,0.0007902180581985,49,0.6461021780967713,0.5984204937429989
6,INTERMEDIATE,9,elu,64,0.1896105719177931,0.0007902180581985,49,0.6280847668647767,0.6220497418852413
6,INTERMEDIATE,10,elu,64,0.1896105719177931,0.0007902180581985,49,0.6178413152694702,0.5852956841973698
6,INTERMEDIATE,11,elu,64,0.1896105719177931,0.0007902180581985,49,0.584792697429657,0.5402865620220408
6,INTERMEDIATE,12,elu,64,0.1896105719177931,0.0007902180581985,49,0.5789718508720398,0.5292729910682229
6,INTERMEDIATE,13,elu,64,0.1896105719177931,0.0007902180581985,49,0.5865828990936279,0.519386515897863
6,INTERMEDIATE,14,elu,64,0.1896105719177931,0.0007902180581985,49,0.6205539107322693,0.5237813767264871
6,INTERMEDIATE,15,elu,64,0.1896105719177931,0.0007902180581985,49,0.6758039832115174,0.5364401919000289
6,INTERMEDIATE,16,elu,64,0.1896105719177931,0.0007902180581985,49,0.5354482650756835,0.5086217575213489
6,INTERMEDIATE,17,elu,64,0.1896105719177931,0.0007902180581985,49,0.5773689687252045,0.5082061991972082
6,INTERMEDIATE,18,elu,64,0.1896105719177931,0.0007902180581985,49,0.4838091567158699,0.4943475986228269
6,INTERMEDIATE,19,elu,64,0.1896105719177931,0.0007902180581985,49,0.5745805561542511,0.4987158827921923
6,INTERMEDIATE,20,elu,64,0.1896105719177931,0.0007902180581985,49,0.6489411115646362,0.4970843844554004
6,INTERMEDIATE,21,elu,64,0.1896105719177931,0.0007902180581985,49,0.5318248927593231,0.4839052102145026
6,INTERMEDIATE,22,elu,64,0.1896105719177931,0.0007902180581985,49,0.6171053290367127,0.5004954127704396
6,INTERMEDIATE,23,elu,64,0.1896105719177931,0.0007902180581985,49,0.5944664716720581,0.5266434813247007
6,INTERMEDIATE,24,elu,64,0.1896105719177931,0.0007902180581985,49,0.5483812510967254,0.4965101182460785
6,INTERMEDIATE,25,elu,64,0.1896105719177931,0.0007902180581985,49,0.5540574848651886,0.513053240144954
6,INTERMEDIATE,26,elu,64,0.1896105719177931,0.0007902180581985,49,0.7067915320396423,0.4868475759730619
6,INTERMEDIATE,27,elu,64,0.1896105719177931,0.0007902180581985,49,0.5302176773548126,0.4826292448184069
6,INTERMEDIATE,28,elu,64,0.1896105719177931,0.0007902180581985,49,0.6351877570152282,0.4967469467836268
6,INTERMEDIATE,29,elu,64,0.1896105719177931,0.0007902180581985,49,0.6206556916236877,0.493011499152464
6,INTERMEDIATE,30,elu,64,0.1896105719177931,0.0007902180581985,49,0.5768471598625183,0.4851048781591303
6,INTERMEDIATE,31,elu,64,0.1896105719177931,0.0007902180581985,49,0.6050394415855408,0.4793056652826421
6,INTERMEDIATE,32,elu,64,0.1896105719177931,0.0007902180581985,49,0.5188096046447754,0.4675440244814929
6,INTERMEDIATE,33,elu,64,0.1896105719177931,0.0007902180581985,49,0.5224641859531403,0.4553824540446786
6,INTERMEDIATE,34,elu,64,0.1896105719177931,0.0007902180581985,49,0.6458111524581909,0.4524652274215923
6,INTERMEDIATE,35,elu,64,0.1896105719177931,0.0007902180581985,49,0.6123358905315399,0.4598739094593945
6,INTERMEDIATE,36,elu,64,0.1896105719177931,0.0007902180581985,49,0.5867244660854339,0.4510206790531383
6,INTERMEDIATE,37,elu,64,0.1896105719177931,0.0007902180581985,49,0.5001762777566909,0.4648183356313144
6,INTERMEDIATE,38,elu,64,0.1896105719177931,0.0007902180581985,49,0.5628822803497314,0.443000514717663
6,INTERMEDIATE,39,elu,64,0.1896105719177931,0.0007902180581985,49,0.5986328840255737,0.4346305237096898
6,INTERMEDIATE,40,elu,64,0.1896105719177931,0.0007902180581985,49,0.5381068050861358,0.4428699349655824
6,INTERMEDIATE,41,elu,64,0.1896105719177931,0.0007902180581985,49,0.5019754201173783,0.4530545823714312
6,INTERMEDIATE,42,elu,64,0.1896105719177931,0.0007902180581985,49,0.6555348753929138,0.4399366221007179
6,INTERMEDIATE,43,elu,64,0.1896105719177931,0.0007902180581985,49,0.5144717276096344,0.4560926100786994
6,INTERMEDIATE,44,elu,64,0.1896105719177931,0.0007902180581985,49,0.549540662765503,0.4309334544574513
6,INTERMEDIATE,45,elu,64,0.1896105719177931,0.0007902180581985,49,0.6861389398574829,0.4309332686312058
6,INTERMEDIATE,46,elu,64,0.1896105719177931,0.0007902180581985,49,0.5540952742099762,0.4076805658200207
6,INTERMEDIATE,47,elu,64,0.1896105719177931,0.0007902180581985,49,0.6900948107242584,0.4255249719409382
6,INTERMEDIATE,48,elu,64,0.1896105719177931,0.0007902180581985,49,0.6134552508592606,0.3994790762662887
6,INTERMEDIATE,49,elu,64,0.1896105719177931,0.0007902180581985,49,0.5257517844438553,0.4055613226750317
6,INTERMEDIATE,50,elu,64,0.1896105719177931,0.0007902180581985,49,0.5748370349407196,0.4106111298589145
6,INTERMEDIATE,51,elu,64,0.1896105719177931,0.0007902180581985,49,0.6815843701362609,0.3748947329380933
6,INTERMEDIATE,52,elu,64,0.1896105719177931,0.0007902180581985,49,0.6223259329795837,0.4424574795891257
6,INTERMEDIATE,53,elu,64,0.1896105719177931,0.0007902180581985,49,0.5716327846050262,0.4485481118454653
6,INTERMEDIATE,54,elu,64,0.1896105719177931,0.0007902180581985,49,0.509477972984314,0.4259677564396578
6,INTERMEDIATE,55,elu,64,0.1896105719177931,0.0007902180581985,49,0.5936778664588929,0.4109966316643883
6,INTERMEDIATE,56,elu,64,0.1896105719177931,0.0007902180581985,49,0.6302480101585388,0.3785679112462436
6,INTERMEDIATE,57,elu,64,0.1896105719177931,0.0007902180581985,49,0.6566815853118897,0.3972141041475184
6,INTERMEDIATE,58,elu,64,0.1896105719177931,0.0007902180581985,49,0.535513162612915,0.3682207061963923
6,COMPLETED,58,elu,64,0.1896105719177931,0.0007902180581985,49,0.4838091567158699,0.4943475986228269
7,INTERMEDIATE,0,elu,64,0.0258064458162343,0.0007718922272251,35,0.6926263570785522,0.693857911755057
7,INTERMEDIATE,1,elu,64,0.0258064458162343,0.0007718922272251,35,0.694034194946289,0.6928475744584027
7,INTERMEDIATE,2,elu,64,0.0258064458162343,0.0007718922272251,35,0.6936643481254577,0.6920665502548218
7,INTERMEDIATE,3,elu,64,0.0258064458162343,0.0007718922272251,35,0.6900285601615905,0.6923060417175293
7,INTERMEDIATE,4,elu,64,0.0258064458162343,0.0007718922272251,35,0.6919641494750977,0.6915386073729571
7,INTERMEDIATE,5,elu,64,0.0258064458162343,0.0007718922272251,35,0.6889165639877319,0.6905517508001888
7,INTERMEDIATE,6,elu,64,0.0258064458162343,0.0007718922272251,35,0.6864413142204284,0.6867185655762168
7,INTERMEDIATE,7,elu,64,0.0258064458162343,0.0007718922272251,35,0.6717503070831299,0.6794608901528751
7,INTERMEDIATE,8,elu,64,0.0258064458162343,0.0007718922272251,35,0.6510131001472473,0.6591807884328506
7,INTERMEDIATE,9,elu,64,0.0258064458162343,0.0007718922272251,35,0.6081421613693238,0.6208937939475564
7,INTERMEDIATE,10,elu,64,0.0258064458162343,0.0007718922272251,35,0.5767316341400146,0.5719219358528361
7,INTERMEDIATE,11,elu,64,0.0258064458162343,0.0007718922272251,35,0.609027874469757,0.5582598921130685
7,INTERMEDIATE,12,elu,64,0.0258064458162343,0.0007718922272251,35,0.6100058615207672,0.5333148784497205
7,INTERMEDIATE,13,elu,64,0.0258064458162343,0.0007718922272251,35,0.6529294013977051,0.5355665105230668
7,INTERMEDIATE,14,elu,64,0.0258064458162343,0.0007718922272251,35,0.5666827082633972,0.536079524194493
7,INTERMEDIATE,15,elu,64,0.0258064458162343,0.0007718922272251,35,0.5888920933008194,0.5389507763526019
7,INTERMEDIATE,16,elu,64,0.0258064458162343,0.0007718922272251,35,0.651232898235321,0.5443012241054984
7,INTERMEDIATE,17,elu,64,0.0258064458162343,0.0007718922272251,35,0.730289900302887,0.5333924714256736
7,INTERMEDIATE,18,elu,64,0.0258064458162343,0.0007718922272251,35,0.5749569058418273,0.5064717706512002
7,INTERMEDIATE,19,elu,64,0.0258064458162343,0.0007718922272251,35,0.6217523515224457,0.4945469901842229
7,INTERMEDIATE,20,elu,64,0.0258064458162343,0.0007718922272251,35,0.6492759346961975,0.5027390911298639
7,INTERMEDIATE,21,elu,64,0.0258064458162343,0.0007718922272251,35,0.5654708504676819,0.5078070356565363
7,INTERMEDIATE,22,elu,64,0.0258064458162343,0.0007718922272251,35,0.5993617534637451,0.4898404584211461
7,INTERMEDIATE,23,elu,64,0.0258064458162343,0.0007718922272251,35,0.6221567153930664,0.4944413795190699
7,INTERMEDIATE,24,elu,64,0.0258064458162343,0.0007718922272251,35,0.6975123882293701,0.4785247112021726
7,INTERMEDIATE,25,elu,64,0.0258064458162343,0.0007718922272251,35,0.5290402948856354,0.4758869619930492
7,INTERMEDIATE,26,elu,64,0.0258064458162343,0.0007718922272251,35,0.6480475306510926,0.5132930138531853
7,INTERMEDIATE,27,elu,64,0.0258064458162343,0.0007718922272251,35,0.6216098546981812,0.4850698639364803
7,INTERMEDIATE,28,elu,64,0.0258064458162343,0.0007718922272251,35,0.7328739047050477,0.4725096225738525
7,INTERMEDIATE,29,elu,64,0.0258064458162343,0.0007718922272251,35,0.6188276648521424,0.4674462570863611
7,INTERMEDIATE,30,elu,64,0.0258064458162343,0.0007718922272251,35,0.5626514732837677,0.47230124298264
7,INTERMEDIATE,31,elu,64,0.0258064458162343,0.0007718922272251,35,0.5912744998931885,0.4513519599157221
7,INTERMEDIATE,32,elu,64,0.0258064458162343,0.0007718922272251,35,0.7199407577514648,0.4502447510466856
7,INTERMEDIATE,33,elu,64,0.0258064458162343,0.0007718922272251,35,0.6102022588253021,0.4921611705247093
7,INTERMEDIATE,34,elu,64,0.0258064458162343,0.0007718922272251,35,0.6184986293315887,0.467179033686133
7,INTERMEDIATE,35,elu,64,0.0258064458162343,0.0007718922272251,35,0.6738593339920044,0.4627264247221105
7,INTERMEDIATE,36,elu,64,0.0258064458162343,0.0007718922272251,35,0.6166077852249146,0.4403266293161055
7,INTERMEDIATE,37,elu,64,0.0258064458162343,0.0007718922272251,35,0.6588782072067261,0.4507553489769206
7,INTERMEDIATE,38,elu,64,0.0258064458162343,0.0007718922272251,35,0.5822719752788543,0.4851640392752254
7,INTERMEDIATE,39,elu,64,0.0258064458162343,0.0007718922272251,35,0.6002992868423462,0.4664771925000583
7,INTERMEDIATE,40,elu,64,0.0258064458162343,0.0007718922272251,35,0.5199344396591187,0.4551251355339499
7,INTERMEDIATE,41,elu,64,0.0258064458162343,0.0007718922272251,35,0.6172877013683319,0.443935339941698
7,INTERMEDIATE,42,elu,64,0.0258064458162343,0.0007718922272251,35,0.486511979624629,0.4520298014668857
7,INTERMEDIATE,43,elu,64,0.0258064458162343,0.0007718922272251,35,0.5629379570484161,0.4321598918998943
7,INTERMEDIATE,44,elu,64,0.0258064458162343,0.0007718922272251,35,0.6356417655944824,0.4064177967169705
7,INTERMEDIATE,45,elu,64,0.0258064458162343,0.0007718922272251,35,0.6359562993049621,0.4313268047921798
7,INTERMEDIATE,46,elu,64,0.0258064458162343,0.0007718922272251,35,0.5062453478574753,0.4713003687998828
7,INTERMEDIATE,47,elu,64,0.0258064458162343,0.0007718922272251,35,0.650592029094696,0.4199780366000007
7,INTERMEDIATE,48,elu,64,0.0258064458162343,0.0007718922272251,35,0.5148381039500236,0.3975586216239368
7,INTERMEDIATE,49,elu,64,0.0258064458162343,0.0007718922272251,35,0.5915016651153564,0.412426538327161
7,INTERMEDIATE,50,elu,64,0.0258064458162343,0.0007718922272251,35,0.5883201330900192,0.3794616837711895
7,INTERMEDIATE,51,elu,64,0.0258064458162343,0.0007718922272251,35,0.6440930128097534,0.4353336323710048
7,INTERMEDIATE,52,elu,64,0.0258064458162343,0.0007718922272251,35,0.5458863615989685,0.4586086606278139
7,INTERMEDIATE,53,elu,64,0.0258064458162343,0.0007718922272251,35,0.7368076264858245,0.4624911932384266
7,INTERMEDIATE,54,elu,64,0.0258064458162343,0.0007718922272251,35,0.5309092562645674,0.3803789747111937
7,INTERMEDIATE,55,elu,64,0.0258064458162343,0.0007718922272251,35,0.5601809948682785,0.398193780113669
7,INTERMEDIATE,56,elu,64,0.0258064458162343,0.0007718922272251,35,0.4913668796420097,0.4109832311377805
7,INTERMEDIATE,57,elu,64,0.0258064458162343,0.0007718922272251,35,0.5712794959545135,0.3668531968313105
7,INTERMEDIATE,58,elu,64,0.0258064458162343,0.0007718922272251,35,0.7345581650733948,0.3858208244337755
7,INTERMEDIATE,59,elu,64,0.0258064458162343,0.0007718922272251,35,0.6356810212135315,0.3735239540829378
7,INTERMEDIATE,60,elu,64,0.0258064458162343,0.0007718922272251,35,0.5423457056283951,0.3770842148977167
7,INTERMEDIATE,61,elu,64,0.0258064458162343,0.0007718922272251,35,0.6474120497703553,0.3631792787243338
7,INTERMEDIATE,62,elu,64,0.0258064458162343,0.0007718922272251,35,0.8551177024841309,0.3615145735880908
7,INTERMEDIATE,63,elu,64,0.0258064458162343,0.0007718922272251,35,0.5090019404888153,0.3717501058297999
7,INTERMEDIATE,64,elu,64,0.0258064458162343,0.0007718922272251,35,0.6607192873954773,0.3885613565935808
7,INTERMEDIATE,65,elu,64,0.0258064458162343,0.0007718922272251,35,0.5530600011348724,0.4033644900602453
7,INTERMEDIATE,66,elu,64,0.0258064458162343,0.0007718922272251,35,0.5581211686134339,0.3600238018176135
7,INTERMEDIATE,67,elu,64,0.0258064458162343,0.0007718922272251,35,0.538273298740387,0.3687291425817153
7,INTERMEDIATE,68,elu,64,0.0258064458162343,0.0007718922272251,35,0.5125584751367569,0.3553160586777855
7,INTERMEDIATE,69,elu,64,0.0258064458162343,0.0007718922272251,35,0.5835501223802566,0.333547022412805
7,INTERMEDIATE,70,elu,64,0.0258064458162343,0.0007718922272251,35,0.6459602832794189,0.3445240092628142
7,INTERMEDIATE,71,elu,64,0.0258064458162343,0.0007718922272251,35,0.7233840584754944,0.3186306059360504
7,INTERMEDIATE,72,elu,64,0.0258064458162343,0.0007718922272251,35,0.6694564580917358,0.3294755851521211
7,INTERMEDIATE,73,elu,64,0.0258064458162343,0.0007718922272251,35,0.548037326335907,0.3395932185299256
7,INTERMEDIATE,74,elu,64,0.0258064458162343,0.0007718922272251,35,0.8299922466278076,0.3227181075250401
7,INTERMEDIATE,75,elu,64,0.0258064458162343,0.0007718922272251,35,0.5851383179426193,0.3245965987443924
7,INTERMEDIATE,76,elu,64,0.0258064458162343,0.0007718922272251,35,0.5859618544578552,0.3177546508171979
7,INTERMEDIATE,77,elu,64,0.0258064458162343,0.0007718922272251,35,0.7789277017116547,0.3218905557604397
7,INTERMEDIATE,78,elu,64,0.0258064458162343,0.0007718922272251,35,0.5358741268515587,0.3076178747064927
7,INTERMEDIATE,79,elu,64,0.0258064458162343,0.0007718922272251,35,0.6823820531368255,0.2976613044738769
7,INTERMEDIATE,80,elu,64,0.0258064458162343,0.0007718922272251,35,0.54006776958704,0.3382577861056608
7,INTERMEDIATE,81,elu,64,0.0258064458162343,0.0007718922272251,35,0.571386095881462,0.3092380052103716
7,INTERMEDIATE,82,elu,64,0.0258064458162343,0.0007718922272251,35,0.9350227832794188,0.2804285314153222
7,COMPLETED,82,elu,64,0.0258064458162343,0.0007718922272251,35,0.486511979624629,0.4520298014668857
8,INTERMEDIATE,0,elu,32,0.1154267163584718,0.0001958342212286,43,0.6954925921228197,0.6945831017060713
8,INTERMEDIATE,1,elu,32,0.1154267163584718,0.0001958342212286,43,0.6918075680732727,0.6938271486397946
8,INTERMEDIATE,2,elu,32,0.1154267163584718,0.0001958342212286,43,0.6929470896720886,0.6917684060154539
8,INTERMEDIATE,3,elu,32,0.1154267163584718,0.0001958342212286,43,0.692886107497745,0.692603096817479
8,INTERMEDIATE,4,elu,32,0.1154267163584718,0.0001958342212286,43,0.6926108532481723,0.6927995808196791
8,INTERMEDIATE,5,elu,32,0.1154267163584718,0.0001958342212286,43,0.6920409732394748,0.6929738702196063
8,INTERMEDIATE,6,elu,32,0.1154267163584718,0.0001958342212286,43,0.6910228927930196,0.6924382213390234
8,INTERMEDIATE,7,elu,32,0.1154267163584718,0.0001958342212286,43,0.6904909412066141,0.6905872099327318
8,INTERMEDIATE,8,elu,32,0.1154267163584718,0.0001958342212286,43,0.689585546652476,0.689680480595791
8,INTERMEDIATE,9,elu,32,0.1154267163584718,0.0001958342212286,43,0.689112749364641,0.6878209673997128
8,INTERMEDIATE,10,elu,32,0.1154267163584718,0.0001958342212286,43,0.6836153268814087,0.6839816859274199
8,INTERMEDIATE,11,elu,32,0.1154267163584718,0.0001958342212286,43,0.6752986444367303,0.6781300143762068
8,INTERMEDIATE,12,elu,32,0.1154267163584718,0.0001958342212286,43,0.6516669988632202,0.6601038900288668
8,INTERMEDIATE,13,elu,32,0.1154267163584718,0.0001958342212286,43,0.6125163071685367,0.6330681370966362
8,INTERMEDIATE,14,elu,32,0.1154267163584718,0.0001958342212286,43,0.5976584586832259,0.6031745419357762
8,INTERMEDIATE,15,elu,32,0.1154267163584718,0.0001958342212286,43,0.5980246696207259,0.5867225554856387
8,INTERMEDIATE,16,elu,32,0.1154267163584718,0.0001958342212286,43,0.6042144265439775,0.595025158289707
8,INTERMEDIATE,17,elu,32,0.1154267163584718,0.0001958342212286,43,0.5950100322564443,0.5843728040203904
8,INTERMEDIATE,18,elu,32,0.1154267163584718,0.0001958342212286,43,0.6082003712654114,0.5733224352200826
8,INTERMEDIATE,19,elu,32,0.1154267163584718,0.0001958342212286,43,0.6908855040868124,0.5570632544430819
8,INTERMEDIATE,20,elu,32,0.1154267163584718,0.0001958342212286,43,0.6246411866611905,0.5601014711640098
8,INTERMEDIATE,21,elu,32,0.1154267163584718,0.0001958342212286,43,0.6192506319946713,0.5617686708768209
8,INTERMEDIATE,22,elu,32,0.1154267163584718,0.0001958342212286,43,0.6109643644756741,0.5565345449881121
8,INTERMEDIATE,23,elu,32,0.1154267163584718,0.0001958342212286,43,0.5680103566911485,0.5373533295862603
8,INTERMEDIATE,24,elu,32,0.1154267163584718,0.0001958342212286,43,0.5788242022196451,0.5474127476865595
8,INTERMEDIATE,25,elu,32,0.1154267163584718,0.0001958342212286,43,0.5664451850785149,0.5362784925735358
8,INTERMEDIATE,26,elu,32,0.1154267163584718,0.0001958342212286,43,0.6178404556380378,0.5501694299957969
8,INTERMEDIATE,27,elu,32,0.1154267163584718,0.0001958342212286,43,0.5504253953695297,0.5297731459140778
8,INTERMEDIATE,28,elu,32,0.1154267163584718,0.0001958342212286,43,0.6653488344616361,0.5353767230655208
8,INTERMEDIATE,29,elu,32,0.1154267163584718,0.0001958342212286,43,0.5806212657027774,0.5517749190330505
8,INTERMEDIATE,30,elu,32,0.1154267163584718,0.0001958342212286,43,0.5529379198948542,0.5366744606783895
8,INTERMEDIATE,31,elu,32,0.1154267163584718,0.0001958342212286,43,0.5610781593455209,0.5298007356398033
8,INTERMEDIATE,32,elu,32,0.1154267163584718,0.0001958342212286,43,0.6324010193347931,0.5345626979163198
8,INTERMEDIATE,33,elu,32,0.1154267163584718,0.0001958342212286,43,0.5741019215848711,0.5367568929990133
8,INTERMEDIATE,34,elu,32,0.1154267163584718,0.0001958342212286,43,0.5812400082747141,0.5337481570966316
8,INTERMEDIATE,35,elu,32,0.1154267163584718,0.0001958342212286,43,0.67512137360043,0.5256134343869758
8,INTERMEDIATE,36,elu,32,0.1154267163584718,0.0001958342212286,43,0.5664089421431223,0.5255541711142568
8,INTERMEDIATE,37,elu,32,0.1154267163584718,0.0001958342212286,43,0.5885437925656637,0.5210620977661826
8,INTERMEDIATE,38,elu,32,0.1154267163584718,0.0001958342212286,43,0.5982141395409902,0.5324848005265901
8,INTERMEDIATE,39,elu,32,0.1154267163584718,0.0001958342212286,43,0.5538255721330643,0.5225561893347538
8,INTERMEDIATE,40,elu,32,0.1154267163584718,0.0001958342212286,43,0.6241597665680779,0.5238540136452877
8,INTERMEDIATE,41,elu,32,0.1154267163584718,0.0001958342212286,43,0.5755069322056241,0.5264841977393988
8,INTERMEDIATE,42,elu,32,0.1154267163584718,0.0001958342212286,43,0.5539075815015368,0.5216141632108977
8,INTERMEDIATE,43,elu,32,0.1154267163584718,0.0001958342212286,43,0.6040394339296553,0.5110286112987634
8,INTERMEDIATE,44,elu,32,0.1154267163584718,0.0001958342212286,43,0.5659031172593435,0.5286630428198612
8,INTERMEDIATE,45,elu,32,0.1154267163584718,0.0001958342212286,43,0.6297241184446547,0.5172703808004205
8,INTERMEDIATE,46,elu,32,0.1154267163584718,0.0001958342212286,43,0.5696933236387041,0.5184549436424718
8,INTERMEDIATE,47,elu,32,0.1154267163584718,0.0001958342212286,43,0.6545247402456071,0.5085829252546484
8,INTERMEDIATE,48,elu,32,0.1154267163584718,0.0001958342212286,43,0.594495587878757,0.5046022687897538
8,INTERMEDIATE,49,elu,32,0.1154267163584718,0.0001958342212286,43,0.569826775126987,0.503471191182281
8,INTERMEDIATE,50,elu,32,0.1154267163584718,0.0001958342212286,43,0.5769321189986335,0.5307891928788387
8,INTERMEDIATE,51,elu,32,0.1154267163584718,0.0001958342212286,43,0.6052540176444583,0.506499216412053
8,INTERMEDIATE,52,elu,32,0.1154267163584718,0.0001958342212286,43,0.5872747302055359,0.5068452845920216
8,INTERMEDIATE,53,elu,32,0.1154267163584718,0.0001958342212286,43,0.6195024616188474,0.5072146419322852
8,INTERMEDIATE,54,elu,32,0.1154267163584718,0.0001958342212286,43,0.6236574815379249,0.4963947001731757
8,INTERMEDIATE,55,elu,32,0.1154267163584718,0.0001958342212286,43,0.6547062827481164,0.5045450085943396
8,INTERMEDIATE,56,elu,32,0.1154267163584718,0.0001958342212286,43,0.539837098783917,0.5026557553898204
8,INTERMEDIATE,57,elu,32,0.1154267163584718,0.0001958342212286,43,0.5678867565260993,0.5087075323769541
8,INTERMEDIATE,58,elu,32,0.1154267163584718,0.0001958342212286,43,0.5713264644145966,0.4961531695091363
8,INTERMEDIATE,59,elu,32,0.1154267163584718,0.0001958342212286,43,0.590871791044871,0.5038516702073993
8,INTERMEDIATE,60,elu,32,0.1154267163584718,0.0001958342212286,43,0.5893345442083147,0.495424410610488
8,INTERMEDIATE,61,elu,32,0.1154267163584718,0.0001958342212286,43,0.5602750711970859,0.5054491785439578
8,INTERMEDIATE,62,elu,32,0.1154267163584718,0.0001958342212286,43,0.6380545496940613,0.4994336854327809
8,INTERMEDIATE,63,elu,32,0.1154267163584718,0.0001958342212286,43,0.5762141876750522,0.4936601546677676
8,INTERMEDIATE,64,elu,32,0.1154267163584718,0.0001958342212286,43,0.6764524877071381,0.4923494693004723
8,INTERMEDIATE,65,elu,32,0.1154267163584718,0.0001958342212286,43,0.5902240210109286,0.4945702841787627
8,INTERMEDIATE,66,elu,32,0.1154267163584718,0.0001958342212286,43,0.6802826854917738,0.4913947519027825
8,INTERMEDIATE,67,elu,32,0.1154267163584718,0.0001958342212286,43,0.635192119412952,0.5025334276936271
8,INTERMEDIATE,68,elu,32,0.1154267163584718,0.0001958342212286,43,0.6300903889867995,0.4877263966834906
8,INTERMEDIATE,69,elu,32,0.1154267163584718,0.0001958342212286,43,0.6081657277213203,0.4861287167578032
8,INTERMEDIATE,70,elu,32,0.1154267163584718,0.0001958342212286,43,0.6309680607583787,0.4799346047820467
8,INTERMEDIATE,71,elu,32,0.1154267163584718,0.0001958342212286,43,0.56535228755739,0.5093443754947546
8,INTERMEDIATE,72,elu,32,0.1154267163584718,0.0001958342212286,43,0.6220644182629056,0.4935448928312821
8,INTERMEDIATE,73,elu,32,0.1154267163584718,0.0001958342212286,43,0.5669294877184762,0.4800079212044225
8,INTERMEDIATE,74,elu,32,0.1154267163584718,0.0001958342212286,43,0.6575913296805488,0.4943921267986297
8,INTERMEDIATE,75,elu,32,0.1154267163584718,0.0001958342212286,43,0.576324376795027,0.4863443979711244
8,INTERMEDIATE,76,elu,32,0.1154267163584718,0.0001958342212286,43,0.6183079845375485,0.4988071945580569
8,INTERMEDIATE,77,elu,32,0.1154267163584718,0.0001958342212286,43,0.6835378441545699,0.4820994680578058
8,INTERMEDIATE,78,elu,32,0.1154267163584718,0.0001958342212286,43,0.604934165875117,0.4813718199729919
8,INTERMEDIATE,79,elu,32,0.1154267163584718,0.0001958342212286,43,0.5813649429215325,0.4883648960879355
8,INTERMEDIATE,80,elu,32,0.1154267163584718,0.0001958342212286,43,0.5857411689228482,0.4811496526905984
8,INTERMEDIATE,81,elu,32,0.1154267163584718,0.0001958342212286,43,0.7084823151429495,0.4768631467313478
8,INTERMEDIATE,82,elu,32,0.1154267163584718,0.0001958342212286,43,0.6159486571947733,0.4742758806907769
8,INTERMEDIATE,83,elu,32,0.1154267163584718,0.0001958342212286,43,0.6510889066590203,0.4763101628332427
8,INTERMEDIATE,84,elu,32,0.1154267163584718,0.0001958342212286,43,0.5628680818610721,0.5279315922296408
8,INTERMEDIATE,85,elu,32,0.1154267163584718,0.0001958342212286,43,0.5605210661888123,0.5004309000390949
8,INTERMEDIATE,86,elu,32,0.1154267163584718,0.0001958342212286,43,0.6511383752028147,0.4829672918175206
8,INTERMEDIATE,87,elu,32,0.1154267163584718,0.0001958342212286,43,0.5481346315807767,0.4881088986541285
8,INTERMEDIATE,88,elu,32,0.1154267163584718,0.0001958342212286,43,0.5763855030139288,0.4785472579074628
8,INTERMEDIATE,89,elu,32,0.1154267163584718,0.0001958342212286,43,0.6671131948630015,0.4676314691702525
8,INTERMEDIATE,90,elu,32,0.1154267163584718,0.0001958342212286,43,0.6052302188343472,0.4789160092671712
8,INTERMEDIATE,91,elu,32,0.1154267163584718,0.0001958342212286,43,0.5836739308304257,0.4755159706780404
8,INTERMEDIATE,92,elu,32,0.1154267163584718,0.0001958342212286,43,0.6563160320123037,0.4618862917025884
8,INTERMEDIATE,93,elu,32,0.1154267163584718,0.0001958342212286,43,0.5708284510506524,0.4761047372312257
8,INTERMEDIATE,94,elu,32,0.1154267163584718,0.0001958342212286,43,0.7608819140328301,0.4616488037687359
8,INTERMEDIATE,95,elu,32,0.1154267163584718,0.0001958342212286,43,0.6059601373142667,0.4608078815720298
8,INTERMEDIATE,96,elu,32,0.1154267163584718,0.0001958342212286,43,0.5935681528515286,0.4801071123643355
8,COMPLETED,96,elu,32,0.1154267163584718,0.0001958342212286,43,0.539837098783917,0.5026557553898204
9,INTERMEDIATE,0,relu,16,0.158108723164732,0.0002127149065745,62,0.6938438801204457,0.694279002226316
9,INTERMEDIATE,1,relu,16,0.158108723164732,0.0002127149065745,62,0.6929032767520231,0.6927011819986196
9,INTERMEDIATE,2,relu,16,0.158108723164732,0.0002127149065745,62,0.6932348083047306,0.6937830283091618
9,INTERMEDIATE,3,relu,16,0.158108723164732,0.0002127149065745,62,0.6925903348361745,0.692955128963177
9,INTERMEDIATE,4,relu,16,0.158108723164732,0.0002127149065745,62,0.6922589400235344,0.6919172369516813
9,INTERMEDIATE,5,relu,16,0.158108723164732,0.0002127149065745,62,0.6909116541638094,0.692299209191249
9,INTERMEDIATE,6,relu,16,0.158108723164732,0.0002127149065745,62,0.6889683744486641,0.6896506337019114
9,INTERMEDIATE,7,relu,16,0.158108723164732,0.0002127149065745,62,0.6784862946061527,0.683738374710083
9,INTERMEDIATE,8,relu,16,0.158108723164732,0.0002127149065745,62,0.6463638368774863,0.655172430551969
9,INTERMEDIATE,9,relu,16,0.158108723164732,0.0002127149065745,62,0.615168199819677,0.6141062621886914
9,INTERMEDIATE,10,relu,16,0.158108723164732,0.0002127149065745,62,0.6131174459176905,0.5829609403243432
9,INTERMEDIATE,11,relu,16,0.158108723164732,0.0002127149065745,62,0.6031889792750863,0.573170923269712
9,INTERMEDIATE,12,relu,16,0.158108723164732,0.0002127149065745,62,0.5847177523023942,0.5502916606572958
9,INTERMEDIATE,13,relu,16,0.158108723164732,0.0002127149065745,62,0.6050830483436584,0.5621217741416051
9,INTERMEDIATE,14,relu,16,0.158108723164732,0.0002127149065745,62,0.5961362737066606,0.55587269617961
9,INTERMEDIATE,15,relu,16,0.158108723164732,0.0002127149065745,62,0.5955973495455349,0.5452563148278456
9,INTERMEDIATE,16,relu,16,0.158108723164732,0.0002127149065745,62,0.5895835722193998,0.5379897883305182
9,INTERMEDIATE,17,relu,16,0.158108723164732,0.0002127149065745,62,0.6219001640291775,0.5273874232402215
9,INTERMEDIATE,18,relu,16,0.158108723164732,0.0002127149065745,62,0.5776956221636604,0.5207988571662169
9,INTERMEDIATE,19,relu,16,0.158108723164732,0.0002127149065745,62,0.5838507764479693,0.5340417806918805
9,INTERMEDIATE,20,relu,16,0.158108723164732,0.0002127149065745,62,0.6010504855829126,0.520048423913809
9,INTERMEDIATE,21,relu,16,0.158108723164732,0.0002127149065745,62,0.556930694509955,0.5220512142548195
9,INTERMEDIATE,22,relu,16,0.158108723164732,0.0002127149065745,62,0.5627224278800628,0.5142331233391395
9,INTERMEDIATE,23,relu,16,0.158108723164732,0.0002127149065745,62,0.5705120528445524,0.5328791776528725
9,INTERMEDIATE,24,relu,16,0.158108723164732,0.0002127149065745,62,0.5627165910075692,0.5191135323964633
9,INTERMEDIATE,25,relu,16,0.158108723164732,0.0002127149065745,62,0.5481701975359636,0.5036269994882437
9,INTERMEDIATE,26,relu,16,0.158108723164732,0.0002127149065745,62,0.6037739287404453,0.5082480183014503
9,INTERMEDIATE,27,relu,16,0.158108723164732,0.0002127149065745,62,0.5634582445901983,0.5103754204053145
9,INTERMEDIATE,28,relu,16,0.158108723164732,0.0002127149065745,62,0.5567955181879156,0.4993534156909355
9,INTERMEDIATE,29,relu,16,0.158108723164732,0.0002127149065745,62,0.5883830645505119,0.4960570051119877
9,INTERMEDIATE,30,relu,16,0.158108723164732,0.0002127149065745,62,0.5762467033722821,0.489502465724945
9,INTERMEDIATE,31,relu,16,0.158108723164732,0.0002127149065745,62,0.5682842959375942,0.4967840887033022
9,INTERMEDIATE,32,relu,16,0.158108723164732,0.0002127149065745,62,0.5477014867698445,0.4988017921264355
9,INTERMEDIATE,33,relu,16,0.158108723164732,0.0002127149065745,62,0.6391604919643963,0.4965156541420863
9,INTERMEDIATE,34,relu,16,0.158108723164732,0.0002127149065745,62,0.5509527430814856,0.4878304605300609
9,INTERMEDIATE,35,relu,16,0.158108723164732,0.0002127149065745,62,0.5651680660598418,0.4814648013848525
9,INTERMEDIATE,36,relu,16,0.158108723164732,0.0002127149065745,62,0.6793302306357552,0.4815694336707775
9,INTERMEDIATE,37,relu,16,0.158108723164732,0.0002127149065745,62,0.5455266395035911,0.4774701191828801
9,INTERMEDIATE,38,relu,16,0.158108723164732,0.0002127149065745,62,0.5496122416327981,0.4871944791995562
9,INTERMEDIATE,39,relu,16,0.158108723164732,0.0002127149065745,62,0.5597653126015383,0.4838760999532846
9,INTERMEDIATE,40,relu,16,0.158108723164732,0.0002127149065745,62,0.6591745807844049,0.4761858807160304
9,INTERMEDIATE,41,relu,16,0.158108723164732,0.0002127149065745,62,0.5376389105530346,0.4823170882004958
9,INTERMEDIATE,42,relu,16,0.158108723164732,0.0002127149065745,62,0.560017482322805,0.4647198324020092
9,INTERMEDIATE,43,relu,16,0.158108723164732,0.0002127149065745,62,0.5499486300875159,0.4712016946994341
9,INTERMEDIATE,44,relu,16,0.158108723164732,0.0002127149065745,62,0.5907068743425257,0.4645405746423281
9,INTERMEDIATE,45,relu,16,0.158108723164732,0.0002127149065745,62,0.5470534563064575,0.4783737047360493
9,INTERMEDIATE,46,relu,16,0.158108723164732,0.0002127149065745,62,0.57805914738599,0.4693810364374747
9,INTERMEDIATE,47,relu,16,0.158108723164732,0.0002127149065745,62,0.5392664232674766,0.4547325984789775
9,INTERMEDIATE,48,relu,16,0.158108723164732,0.0002127149065745,62,0.5605069302460727,0.4563153574099907
9,INTERMEDIATE,49,relu,16,0.158108723164732,0.0002127149065745,62,0.564616999205421,0.4553877057937475
9,INTERMEDIATE,50,relu,16,0.158108723164732,0.0002127149065745,62,0.5804292717400719,0.4599420960132892
9,INTERMEDIATE,51,relu,16,0.158108723164732,0.0002127149065745,62,0.5739383259240318,0.4572379825206903
9,INTERMEDIATE,52,relu,16,0.158108723164732,0.0002127149065745,62,0.5703505786026225,0.4553413443840467
9,INTERMEDIATE,53,relu,16,0.158108723164732,0.0002127149065745,62,0.5866484677090364,0.4429348432100736
9,INTERMEDIATE,54,relu,16,0.158108723164732,0.0002127149065745,62,0.5962815056828892,0.44019244152766
9,INTERMEDIATE,55,relu,16,0.158108723164732,0.0002127149065745,62,0.5733760604087044,0.4560473274726134
9,INTERMEDIATE,56,relu,16,0.158108723164732,0.0002127149065745,62,0.5716118619722479,0.4467064768075943
9,INTERMEDIATE,57,relu,16,0.158108723164732,0.0002127149065745,62,0.5682468729860642,0.4386358212966185
9,INTERMEDIATE,58,relu,16,0.158108723164732,0.0002127149065745,62,0.5705859240363625,0.4488823661437401
9,INTERMEDIATE,59,relu,16,0.158108723164732,0.0002127149065745,62,0.5808946472757003,0.4397767566717588
9,INTERMEDIATE,60,relu,16,0.158108723164732,0.0002127149065745,62,0.5923684151733623,0.4343376975793105
9,INTERMEDIATE,61,relu,16,0.158108723164732,0.0002127149065745,62,0.5475254269207225,0.430824631681809
9,INTERMEDIATE,62,relu,16,0.158108723164732,0.0002127149065745,62,0.6401595157735488,0.4422948899177404
9,INTERMEDIATE,63,relu,16,0.158108723164732,0.0002127149065745,62,0.5780293398043689,0.4292892618821217
9,INTERMEDIATE,64,relu,16,0.158108723164732,0.0002127149065745,62,0.6784561416682076,0.4207347097305151
9,INTERMEDIATE,65,relu,16,0.158108723164732,0.0002127149065745,62,0.5952923175166634,0.4186876119329379
9,INTERMEDIATE,66,relu,16,0.158108723164732,0.0002127149065745,62,0.7536584489485797,0.4063106000423431
9,INTERMEDIATE,67,relu,16,0.158108723164732,0.0002127149065745,62,0.5703081734040204,0.412713040296848
9,INTERMEDIATE,68,relu,16,0.158108723164732,0.0002127149065745,62,0.5506879424347597,0.4167949435802606
9,INTERMEDIATE,69,relu,16,0.158108723164732,0.0002127149065745,62,0.5931304272483376,0.4259365638861289
9,INTERMEDIATE,70,relu,16,0.158108723164732,0.0002127149065745,62,0.5794551381293465,0.4014143716830474
9,INTERMEDIATE,71,relu,16,0.158108723164732,0.0002127149065745,62,0.61453577876091,0.3938845412089274
9,INTERMEDIATE,72,relu,16,0.158108723164732,0.0002127149065745,62,0.6098623871803284,0.3972126518304531
9,INTERMEDIATE,73,relu,16,0.158108723164732,0.0002127149065745,62,0.5533974100561703,0.4240242437674449
9,INTERMEDIATE,74,relu,16,0.158108723164732,0.0002127149065745,62,0.6252587542814367,0.3947800620244099
9,INTERMEDIATE,75,relu,16,0.158108723164732,0.0002127149065745,62,0.5840357471914852,0.3894946300066434
9,INTERMEDIATE,76,relu,16,0.158108723164732,0.0002127149065745,62,0.6313295855241663,0.3922012725701699
9,INTERMEDIATE,77,relu,16,0.158108723164732,0.0002127149065745,62,0.6450188650804407,0.3888962429303389
9,INTERMEDIATE,78,relu,16,0.158108723164732,0.0002127149065745,62,0.5807383218232323,0.3754527055300199
9,INTERMEDIATE,79,relu,16,0.158108723164732,0.0002127149065745,62,0.5983218813643736,0.3780528870912699
9,INTERMEDIATE,80,relu,16,0.158108723164732,0.0002127149065745,62,0.7988780684330884,0.3901082462989367
9,INTERMEDIATE,81,relu,16,0.158108723164732,0.0002127149065745,62,0.5993644191938288,0.3950815544678615
9,COMPLETED,81,relu,16,0.158108723164732,0.0002127149065745,62,0.5376389105530346,0.4823170882004958
10,INTERMEDIATE,0,elu,64,0.3179562579893061,0.0004007521293137,59,0.6991811513900756,0.6946532515918508
10,INTERMEDIATE,1,elu,64,0.3179562579893061,0.0004007521293137,59,0.6932042479515076,0.6934784826110391
10,INTERMEDIATE,2,elu,64,0.3179562579893061,0.0004007521293137,59,0.6929211378097534,0.6941395962939543
10,INTERMEDIATE,3,elu,64,0.3179562579893061,0.0004007521293137,59,0.6946584343910217,0.693691982942469
10,INTERMEDIATE,4,elu,64,0.3179562579893061,0.0004007521293137,59,0.6937807440757752,0.6917846097665674
10,INTERMEDIATE,5,elu,64,0.3179562579893061,0.0004007521293137,59,0.6871122002601624,0.6922462512465084
10,INTERMEDIATE,6,elu,64,0.3179562579893061,0.0004007521293137,59,0.6910919904708862,0.6903421142522026
10,INTERMEDIATE,7,elu,64,0.3179562579893061,0.0004007521293137,59,0.6887480020523071,0.6900388072518742
10,INTERMEDIATE,8,elu,64,0.3179562579893061,0.0004007521293137,59,0.6847631216049195,0.6889280221041512
10,INTERMEDIATE,9,elu,64,0.3179562579893061,0.0004007521293137,59,0.6802700877189636,0.6833643737961265
10,INTERMEDIATE,10,elu,64,0.3179562579893061,0.0004007521293137,59,0.6796804904937744,0.6772076732972089
10,INTERMEDIATE,11,elu,64,0.3179562579893061,0.0004007521293137,59,0.6448158860206604,0.6628435113850761
10,INTERMEDIATE,12,elu,64,0.3179562579893061,0.0004007521293137,59,0.646302092075348,0.6481426778961631
10,INTERMEDIATE,13,elu,64,0.3179562579893061,0.0004007521293137,59,0.6387278079986572,0.6233188965741325
10,INTERMEDIATE,14,elu,64,0.3179562579893061,0.0004007521293137,59,0.6747135758399964,0.6325399384779089
10,INTERMEDIATE,15,elu,64,0.3179562579893061,0.0004007521293137,59,0.6369366884231568,0.6137844674727496
10,INTERMEDIATE,16,elu,64,0.3179562579893061,0.0004007521293137,59,0.6554742813110351,0.6095653632107902
10,INTERMEDIATE,17,elu,64,0.3179562579893061,0.0004007521293137,59,0.6078086853027344,0.5822291409268099
10,INTERMEDIATE,18,elu,64,0.3179562579893061,0.0004007521293137,59,0.6768079042434693,0.5852983891963959
10,INTERMEDIATE,19,elu,64,0.3179562579893061,0.0004007521293137,59,0.5945689618587494,0.5635418225737179
10,INTERMEDIATE,20,elu,64,0.3179562579893061,0.0004007521293137,59,0.6967875480651855,0.559393526876674
10,INTERMEDIATE,21,elu,64,0.3179562579893061,0.0004007521293137,59,0.6727609753608703,0.545486636021558
10,INTERMEDIATE,22,elu,64,0.3179562579893061,0.0004007521293137,59,0.5632938086986542,0.5321262058089761
10,INTERMEDIATE,23,elu,64,0.3179562579893061,0.0004007521293137,59,0.6278617858886719,0.5278941533144783
10,INTERMEDIATE,24,elu,64,0.3179562579893061,0.0004007521293137,59,0.607461440563202,0.5321603943319881
10,INTERMEDIATE,25,elu,64,0.3179562579893061,0.0004007521293137,59,0.6399986267089843,0.5628144688466016
10,INTERMEDIATE,26,elu,64,0.3179562579893061,0.0004007521293137,59,0.5379583656787872,0.5321758915396297
10,INTERMEDIATE,27,elu,64,0.3179562579893061,0.0004007521293137,59,0.5860512912273407,0.5297230797655442
10,INTERMEDIATE,28,elu,64,0.3179562579893061,0.0004007521293137,59,0.5683919310569763,0.5074951350688934
10,INTERMEDIATE,29,elu,64,0.3179562579893061,0.0004007521293137,59,0.6326525092124939,0.508279537453371
10,INTERMEDIATE,30,elu,64,0.3179562579893061,0.0004007521293137,59,0.5562045574188232,0.5030119033420787
10,INTERMEDIATE,31,elu,64,0.3179562579893061,0.0004007521293137,59,0.5810708642005921,0.4981783120071186
10,INTERMEDIATE,32,elu,64,0.3179562579893061,0.0004007521293137,59,0.55692737698555,0.5235805721843944
10,INTERMEDIATE,33,elu,64,0.3179562579893061,0.0004007521293137,59,0.7380032539367676,0.5019898642511929
10,INTERMEDIATE,34,elu,64,0.3179562579893061,0.0004007521293137,59,0.6416790306568145,0.4901915210134843
10,INTERMEDIATE,35,elu,64,0.3179562579893061,0.0004007521293137,59,0.5095701485872268,0.4947067008298986
10,INTERMEDIATE,36,elu,64,0.3179562579893061,0.0004007521293137,59,0.5338653564453125,0.4793034686761744
10,INTERMEDIATE,37,elu,64,0.3179562579893061,0.0004007521293137,59,0.5958382189273834,0.490428279427921
10,INTERMEDIATE,38,elu,64,0.3179562579893061,0.0004007521293137,59,0.7374592185020447,0.4694960134870866
10,INTERMEDIATE,39,elu,64,0.3179562579893061,0.0004007521293137,59,0.5627285242080688,0.5095681407872368
10,INTERMEDIATE,40,elu,64,0.3179562579893061,0.0004007521293137,59,0.5338392734527588,0.4973892324111041
10,INTERMEDIATE,41,elu,64,0.3179562579893061,0.0004007521293137,59,0.5767477929592133,0.4894861000425675
10,INTERMEDIATE,42,elu,64,0.3179562579893061,0.0004007521293137,59,0.5303881227970123,0.480051543782739
10,INTERMEDIATE,43,elu,64,0.3179562579893061,0.0004007521293137,59,0.526691934466362,0.4756914219435523
10,INTERMEDIATE,44,elu,64,0.3179562579893061,0.0004007521293137,59,0.5461950182914734,0.4660694599151611
10,INTERMEDIATE,45,elu,64,0.3179562579893061,0.0004007521293137,59,0.614536064863205,0.4892036932356217
10,INTERMEDIATE,46,elu,64,0.3179562579893061,0.0004007521293137,59,0.5425570368766784,0.4627189285614911
10,INTERMEDIATE,47,elu,64,0.3179562579893061,0.0004007521293137,59,0.5971527338027954,0.4618794357075411
10,INTERMEDIATE,48,elu,64,0.3179562579893061,0.0004007521293137,59,0.7381012320518494,0.4681270385489744
10,INTERMEDIATE,49,elu,64,0.3179562579893061,0.0004007521293137,59,0.7070937156677246,0.4779539476422703
10,INTERMEDIATE,50,elu,64,0.3179562579893061,0.0004007521293137,59,0.5537715911865234,0.4842370538150563
10,INTERMEDIATE,51,elu,64,0.3179562579893061,0.0004007521293137,59,0.5609431743621827,0.4596884022740757
10,INTERMEDIATE,52,elu,64,0.3179562579893061,0.0004007521293137,59,0.626471483707428,0.4594773509923149
10,INTERMEDIATE,53,elu,64,0.3179562579893061,0.0004007521293137,59,0.5268133878707886,0.4503209345480975
10,INTERMEDIATE,54,elu,64,0.3179562579893061,0.0004007521293137,59,0.682452255487442,0.4651756111313315
10,INTERMEDIATE,55,elu,64,0.3179562579893061,0.0004007521293137,59,0.5863690555095673,0.463528573513031
10,INTERMEDIATE,56,elu,64,0.3179562579893061,0.0004007521293137,59,0.7476590156555176,0.4494607886847327
10,INTERMEDIATE,57,elu,64,0.3179562579893061,0.0004007521293137,59,0.5648842334747315,0.4812504245954401
10,INTERMEDIATE,58,elu,64,0.3179562579893061,0.0004007521293137,59,0.5184536814689636,0.4529876726515153
10,INTERMEDIATE,59,elu,64,0.3179562579893061,0.0004007521293137,59,0.547881257534027,0.4672931467785555
10,INTERMEDIATE,60,elu,64,0.3179562579893061,0.0004007521293137,59,0.5411035895347596,0.4796382066081552
10,INTERMEDIATE,61,elu,64,0.3179562579893061,0.0004007521293137,59,0.5756543159484864,0.437337899032761
10,INTERMEDIATE,62,elu,64,0.3179562579893061,0.0004007521293137,59,0.6520506262779235,0.4390823560602525
10,INTERMEDIATE,63,elu,64,0.3179562579893061,0.0004007521293137,59,0.9908290386199952,0.4261000103810254
10,INTERMEDIATE,64,elu,64,0.3179562579893061,0.0004007521293137,59,0.6860720992088318,0.4944397193544051
10,INTERMEDIATE,65,elu,64,0.3179562579893061,0.0004007521293137,59,0.5574444651603698,0.4862061668844784
10,INTERMEDIATE,66,elu,64,0.3179562579893061,0.0004007521293137,59,0.6961033940315247,0.4606710549663095
10,INTERMEDIATE,67,elu,64,0.3179562579893061,0.0004007521293137,59,0.5724779903888703,0.4488266092889449
10,INTERMEDIATE,68,elu,64,0.3179562579893061,0.0004007521293137,59,0.6300240397453308,0.4154914424699895
10,INTERMEDIATE,69,elu,64,0.3179562579893061,0.0004007521293137,59,0.5711372077465058,0.4157765683005838
10,INTERMEDIATE,70,elu,64,0.3179562579893061,0.0004007521293137,59,0.6316621661186218,0.4144153402132146
10,INTERMEDIATE,71,elu,64,0.3179562579893061,0.0004007521293137,59,0.532691091299057,0.4026142446433796
10,INTERMEDIATE,72,elu,64,0.3179562579893061,0.0004007521293137,59,0.5817421078681946,0.4109428367194007
10,INTERMEDIATE,73,elu,64,0.3179562579893061,0.0004007521293137,59,0.5087299749255181,0.3965766938293681
10,INTERMEDIATE,74,elu,64,0.3179562579893061,0.0004007521293137,59,0.6653762102127075,0.4205709643223706
10,INTERMEDIATE,75,elu,64,0.3179562579893061,0.0004007521293137,59,0.6038767158985138,0.4226090399657978
10,INTERMEDIATE,76,elu,64,0.3179562579893061,0.0004007521293137,59,0.6408468842506408,0.4122126943924847
10,INTERMEDIATE,77,elu,64,0.3179562579893061,0.0004007521293137,59,0.6022764503955841,0.421513755531872
10,INTERMEDIATE,78,elu,64,0.3179562579893061,0.0004007521293137,59,0.5328845143318176,0.4415726644151351
10,INTERMEDIATE,79,elu,64,0.3179562579893061,0.0004007521293137,59,0.5743103444576263,0.4371093862196978
10,INTERMEDIATE,80,elu,64,0.3179562579893061,0.0004007521293137,59,0.8424516439437866,0.4036764379809884
10,INTERMEDIATE,81,elu,64,0.3179562579893061,0.0004007521293137,59,0.508833535015583,0.3945486957536024
10,INTERMEDIATE,82,elu,64,0.3179562579893061,0.0004007521293137,59,0.5392181634902954,0.3892364098745234
10,INTERMEDIATE,83,elu,64,0.3179562579893061,0.0004007521293137,59,0.5430747091770172,0.4022060317151686
10,INTERMEDIATE,84,elu,64,0.3179562579893061,0.0004007521293137,59,0.5543644666671753,0.3846406656153062
10,INTERMEDIATE,85,elu,64,0.3179562579893061,0.0004007521293137,59,0.5618124008178711,0.3984014321775997
10,INTERMEDIATE,86,elu,64,0.3179562579893061,0.0004007521293137,59,0.5212843656539917,0.4012112722677343
10,INTERMEDIATE,87,elu,64,0.3179562579893061,0.0004007521293137,59,0.4953148603439331,0.3936965202583986
10,INTERMEDIATE,88,elu,64,0.3179562579893061,0.0004007521293137,59,0.5067403644323349,0.3719305623980129
10,INTERMEDIATE,89,elu,64,0.3179562579893061,0.0004007521293137,59,0.5814058840274811,0.3844582473530489
10,INTERMEDIATE,90,elu,64,0.3179562579893061,0.0004007521293137,59,0.9144301235675812,0.3888045479269588
10,INTERMEDIATE,91,elu,64,0.3179562579893061,0.0004007521293137,59,0.5280244171619415,0.3689023571855881
10,INTERMEDIATE,92,elu,64,0.3179562579893061,0.0004007521293137,59,0.5796199530363083,0.3533771634101867
10,INTERMEDIATE,93,elu,64,0.3179562579893061,0.0004007521293137,59,0.7275808572769165,0.4222272722160115
10,INTERMEDIATE,94,elu,64,0.3179562579893061,0.0004007521293137,59,0.5180878460407257,0.3559510295881944
10,INTERMEDIATE,95,elu,64,0.3179562579893061,0.0004007521293137,59,0.592820155620575,0.356684618136462
10,INTERMEDIATE,96,elu,64,0.3179562579893061,0.0004007521293137,59,0.7271110713481903,0.3678355427349315
10,INTERMEDIATE,97,elu,64,0.3179562579893061,0.0004007521293137,59,0.6321876883506775,0.3694291535545798
10,INTERMEDIATE,98,elu,64,0.3179562579893061,0.0004007521293137,59,0.5012056961655617,0.3523503182565464
10,INTERMEDIATE,99,elu,64,0.3179562579893061,0.0004007521293137,59,0.62862988114357,0.3421043981524074
10,INTERMEDIATE,100,elu,64,0.3179562579893061,0.0004007521293137,59,0.5498948991298676,0.3314636936959098
10,INTERMEDIATE,101,elu,64,0.3179562579893061,0.0004007521293137,59,0.5305269002914429,0.3252053313395556
10,INTERMEDIATE,102,elu,64,0.3179562579893061,0.0004007521293137,59,0.6256479978561401,0.3400484104366863
10,INTERMEDIATE,103,elu,64,0.3179562579893061,0.0004007521293137,59,0.5082777708768844,0.3600762661765603
10,INTERMEDIATE,104,elu,64,0.3179562579893061,0.0004007521293137,59,0.8128605484962463,0.3194935567238751
10,INTERMEDIATE,105,elu,64,0.3179562579893061,0.0004007521293137,59,0.5353996157646179,0.3240063207990983
10,INTERMEDIATE,106,elu,64,0.3179562579893061,0.0004007521293137,59,0.5665143668651581,0.4053102556396933
10,INTERMEDIATE,107,elu,64,0.3179562579893061,0.0004007521293137,59,0.5391785740852356,0.4162726402282715
10,INTERMEDIATE,108,elu,64,0.3179562579893061,0.0004007521293137,59,0.6664567351341247,0.3202336553265066
10,INTERMEDIATE,109,elu,64,0.3179562579893061,0.0004007521293137,59,0.556560292840004,0.2889733375871883
10,INTERMEDIATE,110,elu,64,0.3179562579893061,0.0004007521293137,59,0.5402151331305504,0.3029844594352385
10,INTERMEDIATE,111,elu,64,0.3179562579893061,0.0004007521293137,59,0.5430494017899037,0.3052045588984209
10,INTERMEDIATE,112,elu,64,0.3179562579893061,0.0004007521293137,59,0.5909078657627106,0.3068651890053469
10,INTERMEDIATE,113,elu,64,0.3179562579893061,0.0004007521293137,59,0.59615638256073,0.3494572429095997
10,INTERMEDIATE,114,elu,64,0.3179562579893061,0.0004007521293137,59,0.5259837456047535,0.3238692800788318
10,INTERMEDIATE,115,elu,64,0.3179562579893061,0.0004007521293137,59,0.7768567204475403,0.3005765834275414
10,INTERMEDIATE,116,elu,64,0.3179562579893061,0.0004007521293137,59,0.6003368496894836,0.280212335726794
10,INTERMEDIATE,117,elu,64,0.3179562579893061,0.0004007521293137,59,0.8198017716407776,0.2609140233081929
10,INTERMEDIATE,118,elu,64,0.3179562579893061,0.0004007521293137,59,0.633354189991951,0.2496600633158403
10,INTERMEDIATE,119,elu,64,0.3179562579893061,0.0004007521293137,59,0.6276089154183865,0.2333878686322885
10,INTERMEDIATE,120,elu,64,0.3179562579893061,0.0004007521293137,59,0.7510623097419739,0.2592437521499746
10,INTERMEDIATE,121,elu,64,0.3179562579893061,0.0004007521293137,59,0.7618738174438476,0.2255505634581341
10,INTERMEDIATE,122,elu,64,0.3179562579893061,0.0004007521293137,59,0.6237386256456375,0.2239531673052731
10,INTERMEDIATE,123,elu,64,0.3179562579893061,0.0004007521293137,59,0.8217562556266784,0.2300304985221694
10,INTERMEDIATE,124,elu,64,0.3179562579893061,0.0004007521293137,59,0.8053886234760285,0.257257911212304
10,INTERMEDIATE,125,elu,64,0.3179562579893061,0.0004007521293137,59,0.8112672567367554,0.2984415336566813
10,INTERMEDIATE,126,elu,64,0.3179562579893061,0.0004007521293137,59,0.6019108206033706,0.3421530635917888
10,INTERMEDIATE,127,elu,64,0.3179562579893061,0.0004007521293137,59,0.914721429347992,0.2475177444079343
