pos_R [rad],pos_L [rad],tau_R [.],tau_L [.],cur_R [mA.], cur_L [mA.],time [s]
0.000000,0.000000,-0.000000,-0.000000,0.000000,0.000000,0.000003
0.007672,-0.007672,-0.000219,0.000219,0.000000,0.000000,0.038859
0.007672,-0.007672,-0.000219,0.000219,0.000000,0.000000,0.086601
0.007672,-0.007672,-0.000219,0.000219,0.000000,0.000000,0.134616
0.007672,-0.007672,-0.000219,0.000219,0.000000,0.000000,0.182579
0.007672,-0.007672,-0.000219,0.000219,0.000000,0.000000,0.230636
0.007672,-0.007672,-0.000219,0.000219,0.000000,0.000000,0.278626
0.007672,-0.007672,-0.000219,0.000219,0.000000,0.000000,0.326717
0.007672,-0.007672,-0.000219,0.000219,0.000000,0.000000,0.374784
0.007672,-0.007672,-0.000219,0.000219,0.000000,0.000000,0.422704
0.007672,-0.007672,-0.000219,0.000219,0.000000,0.000000,0.470759
0.007672,-0.007672,-0.000219,0.000219,0.000000,0.000000,0.518673
0.007672,-0.007672,-0.000219,0.000219,0.000000,0.000000,0.566795
0.007672,-0.007672,-0.000219,0.000219,0.000000,0.000000,0.614655
0.007672,-0.007672,-0.000219,0.000219,0.000000,0.000000,0.662609
0.007672,-0.007672,-0.000219,0.000219,0.000000,0.000000,0.710620
0.007672,-0.007672,-0.000219,0.000219,0.000000,0.000000,0.758815
0.007672,-0.007672,-0.000219,0.000219,0.000000,0.000000,0.806680
0.007672,-0.007672,-0.000219,0.000219,0.000000,0.000000,0.854716
0.007672,-0.007672,-0.000219,0.000219,0.000000,0.000000,0.902701
0.007672,-0.007672,-0.000219,0.000219,0.000000,0.000000,0.950820
0.007672,-0.007672,-0.000219,0.000219,0.000000,0.000000,0.998779
0.007672,-0.007672,-0.000219,0.000219,0.000000,0.000000,1.046655
0.007672,-0.007672,-0.000219,0.000219,0.000000,0.000000,1.094664
0.007672,-0.007672,-0.000219,0.000219,0.000000,0.000000,1.142682
0.009206,-0.007672,-0.000263,0.000219,0.000000,0.000000,1.190767
0.009206,-0.007672,-0.000263,0.000219,0.000000,0.000000,1.238676
0.009206,-0.007672,-0.000263,0.000219,0.000000,0.000000,1.286754
0.009206,-0.007672,-0.000263,0.000219,0.000000,0.000000,1.334715
0.009206,-0.007672,-0.000263,0.000219,0.000000,0.000000,1.382802
0.010740,-0.007672,-0.000307,0.000219,0.000000,0.000000,1.431064
0.010740,-0.007672,-0.000307,0.000219,0.000000,0.000000,1.478716
0.010740,-0.007672,-0.000307,0.000219,0.000000,0.000000,1.526683
0.010740,-0.007672,-0.000307,0.000219,0.000000,0.000000,1.574865
0.010740,-0.007672,-0.000307,0.000219,0.000000,0.000000,1.622846
0.010740,-0.009206,-0.000307,0.000263,0.000000,0.000000,1.670717
0.010740,-0.009206,-0.000307,0.000263,0.000000,0.000000,1.718833
0.012275,-0.009206,-0.000351,0.000263,0.000000,0.000000,1.766614
0.010740,-0.009206,-0.000307,0.000263,0.000000,0.000000,1.814665
0.012275,-0.009206,-0.000351,0.000263,0.000000,0.000000,1.862650
0.012275,-0.009206,-0.000351,0.000263,0.000000,0.000000,1.910702
0.012275,-0.009206,-0.000351,0.000263,0.000000,0.000000,1.958628
0.012275,-0.009206,-0.000351,0.000263,0.000000,0.000000,2.006705
0.010740,-0.009206,-0.000307,0.000263,0.000000,0.000000,2.054756
0.012275,-0.009206,-0.000351,0.000263,0.000000,0.000000,2.102958
0.012275,-0.009206,-0.000351,0.000263,0.000000,0.000000,2.150684
0.012275,-0.009206,-0.000351,0.000263,0.000000,0.000000,2.198849
0.012275,-0.009206,-0.000351,0.000263,0.000000,0.000000,2.246665
0.012275,-0.009206,-0.000351,0.000263,0.000000,0.000000,2.294695
0.010740,-0.009206,-0.000307,0.000263,0.000000,0.000000,2.342852
0.012275,-0.009206,-0.000351,0.000263,0.000000,0.000000,2.390645
0.012275,-0.009206,-0.000351,0.000263,0.000000,0.000000,2.438673
0.012275,-0.009206,-0.000351,0.000263,0.000000,0.000000,2.486795
0.012275,-0.009206,-0.000351,0.000263,0.000000,0.000000,2.534698
0.012275,-0.009206,-0.000351,0.000263,0.000000,0.000000,2.582600
0.012275,-0.009206,-0.000351,0.000263,0.000000,0.000000,2.630626
0.012275,-0.010740,-0.000351,0.000307,0.000000,0.000000,2.678766
0.012275,-0.009206,-0.000351,0.000263,0.000000,0.000000,2.726670
0.012275,-0.009206,-0.000351,0.000263,0.000000,0.000000,2.774847
0.012275,-0.009206,-0.000351,0.000263,0.000000,0.000000,2.822644
0.012275,-0.009206,-0.000351,0.000263,0.000000,0.000000,2.870636
0.012275,-0.009206,-0.000351,0.000263,0.000000,0.000000,2.918870
0.012275,-0.009206,-0.000351,0.000263,0.000000,0.000000,2.966749
0.012275,-0.009206,-0.000351,0.000263,0.000000,0.000000,3.014640
0.012275,-0.009206,-0.000351,0.000263,0.000000,0.000000,3.062797
0.012275,-0.009206,-0.000351,0.000263,0.000000,0.000000,3.110642
0.012275,-0.009206,-0.000351,0.000263,0.000000,0.000000,3.158728
0.012275,-0.009206,-0.000351,0.000263,0.000000,0.000000,3.206676
0.012275,-0.009206,-0.000351,0.000263,0.000000,0.000000,3.254657
0.013809,-0.009206,-0.000395,0.000263,0.000000,0.000000,3.302720
0.013809,-0.009206,-0.000395,0.000263,0.000000,0.000000,3.350800
0.013809,-0.010740,-0.000395,0.000307,0.000000,0.000000,3.398730
0.018412,-0.012275,-0.000527,0.000351,0.000000,0.000000,3.446699
0.018412,-0.012275,-0.000527,0.000351,0.000000,0.000000,3.494666
0.019947,-0.012275,-0.000571,0.000351,0.000000,0.000000,3.542600
0.019947,-0.013809,-0.000571,0.000395,0.000000,0.000000,3.590757
0.021481,-0.015344,-0.000615,0.000439,0.000000,0.000000,3.638635
0.023015,-0.015344,-0.000660,0.000474,0.000000,0.000000,3.686640
0.024550,-0.018412,-0.000739,0.000562,0.000000,0.000000,3.734602
0.026084,-0.019947,-0.000783,0.000606,0.000000,0.000000,3.782644
0.030687,-0.021481,-0.000991,0.000650,0.000000,0.000000,3.830679
0.041428,-0.027618,-0.001534,0.000940,0.000000,0.000000,3.878660
0.058306,-0.038359,-0.002387,0.001439,0.000000,0.000000,3.926693
0.082855,-0.053702,-0.003870,0.002096,-1.000000,0.000000,3.974823
0.116611,-0.069046,-0.006568,0.002760,-1.000000,0.000000,4.022728
0.153436,-0.085924,-0.010462,0.003460,-2.000000,1.000000,4.070804
0.194863,-0.099733,-0.015097,0.003795,-3.000000,1.000000,4.118710
0.233222,-0.110474,-0.018510,0.004024,-3.000000,1.000000,4.166577
0.268512,-0.119680,-0.020820,0.004207,-4.000000,1.000000,4.214672
0.300734,-0.128886,-0.022340,0.004484,-4.000000,1.000000,4.262736
0.326818,-0.138092,-0.023260,0.004853,-4.000000,1.000000,4.310727
0.349833,-0.148832,-0.024536,0.005395,-4.000000,1.000000,4.358711
0.366711,-0.156504,-0.024653,0.005731,-4.000000,1.000000,4.406663
0.382054,-0.165710,-0.025290,0.006150,-4.000000,1.000000,4.455129
0.394329,-0.177985,-0.026108,0.006734,-4.000000,1.000000,4.503228
0.406604,-0.187191,-0.027438,0.007193,-5.000000,1.000000,4.550542
0.421948,-0.197932,-0.029741,0.007754,-5.000000,1.000000,4.598706
0.434223,-0.208672,-0.032180,0.008482,-6.000000,1.000000,4.646678
0.448032,-0.220947,-0.034545,0.009200,-6.000000,2.000000,4.694868
0.461841,-0.231688,-0.037057,0.009863,-6.000000,2.000000,4.742652
0.475650,-0.242428,-0.040335,0.010561,-7.000000,2.000000,4.790578
0.490994,-0.254703,-0.043529,0.011402,-7.000000,2.000000,4.838634
0.503269,-0.266978,-0.046238,0.012498,-8.000000,2.000000,4.886489
0.517078,-0.277718,-0.048733,0.013333,-8.000000,2.000000,4.934768
0.530887,-0.289993,-0.052102,0.014341,-9.000000,2.000000,4.982557
0.543162,-0.302268,-0.055262,0.015409,-9.000000,3.000000,5.030676
0.555437,-0.314543,-0.058585,0.016541,-10.000000,3.000000,5.078576
0.567711,-0.326818,-0.061254,0.017740,-10.000000,3.000000,5.126790
0.579986,-0.339093,-0.064885,0.019010,-11.000000,3.000000,5.174717
0.590727,-0.351367,-0.067374,0.020354,-12.000000,3.000000,5.222613
0.601467,-0.365177,-0.070004,0.022313,-12.000000,4.000000,5.270641
0.609139,-0.378986,-0.071761,0.024048,-12.000000,4.000000,5.318587
0.618345,-0.394329,-0.074138,0.026998,-13.000000,5.000000,5.366534
0.624483,-0.415810,-0.076254,0.032565,-13.000000,6.000000,5.414685
0.632154,-0.443429,-0.078973,0.041648,-14.000000,7.000000,5.462723
0.638292,-0.472581,-0.080495,0.051426,-14.000000,9.000000,5.510565
0.642895,-0.501734,-0.081540,0.060446,-14.000000,10.000000,5.558630
0.647498,-0.533956,-0.082665,0.071803,-14.000000,12.000000,5.606585
0.650567,-0.564643,-0.083291,0.080665,-14.000000,14.000000,5.654608
0.650567,-0.589192,-0.082437,0.086219,-14.000000,15.000000,5.702690
0.650567,-0.610673,-0.082437,0.085997,-14.000000,15.000000,5.750713
0.650567,-0.626017,-0.082437,0.083483,-14.000000,14.000000,5.798667
0.650567,-0.635223,-0.082437,0.083602,-14.000000,14.000000,5.846667
0.650567,-0.644429,-0.082437,0.085167,-14.000000,15.000000,5.894672
0.650567,-0.655170,-0.082437,0.089370,-14.000000,15.000000,5.942663
0.650567,-0.665910,-0.082437,0.094769,-14.000000,16.000000,5.990639
0.650567,-0.678185,-0.082437,0.101191,-14.000000,17.000000,6.038516
0.650567,-0.690460,-0.082437,0.106762,-14.000000,18.000000,6.086562
0.650567,-0.701200,-0.082437,0.110608,-14.000000,19.000000,6.134660
0.650567,-0.708872,-0.082437,0.112060,-14.000000,19.000000,6.182446
0.650567,-0.715010,-0.082437,0.113117,-14.000000,19.000000,6.230746
0.650567,-0.716544,-0.082437,0.111600,-14.000000,19.000000,6.278568
0.650567,-0.716544,-0.082437,0.110526,-14.000000,19.000000,6.326597
0.650567,-0.716544,-0.082437,0.110526,-14.000000,19.000000,6.374527
0.650567,-0.716544,-0.082437,0.110526,-14.000000,19.000000,6.422506
0.650567,-0.716544,-0.082437,0.110526,-14.000000,19.000000,6.470785
0.650567,-0.716544,-0.082437,0.110526,-14.000000,19.000000,6.518635
0.650567,-0.716544,-0.082437,0.110526,-14.000000,19.000000,6.566575
0.650567,-0.716544,-0.082437,0.110526,-14.000000,19.000000,6.614694
0.650567,-0.716544,-0.082437,0.110526,-14.000000,19.000000,6.662491
0.650567,-0.716544,-0.082437,0.110526,-14.000000,19.000000,6.710440
0.650567,-0.716544,-0.082437,0.110526,-14.000000,19.000000,6.758812
0.650567,-0.716544,-0.082437,0.110526,-14.000000,19.000000,6.806578
0.650567,-0.716544,-0.082437,0.110526,-14.000000,19.000000,6.854507
0.650567,-0.716544,-0.082437,0.110526,-14.000000,19.000000,6.902514
0.652101,-0.716544,-0.083013,0.110526,-14.000000,19.000000,6.950451
0.652101,-0.716544,-0.083013,0.110526,-14.000000,19.000000,6.998650
0.650567,-0.716544,-0.082437,0.110526,-14.000000,19.000000,7.046746
0.650567,-0.716544,-0.082437,0.110526,-14.000000,19.000000,7.094555
0.650567,-0.716544,-0.082437,0.110526,-14.000000,19.000000,7.142586
0.650567,-0.716544,-0.082437,0.110526,-14.000000,19.000000,7.190506
0.650567,-0.716544,-0.082437,0.110526,-14.000000,19.000000,7.238579
0.650567,-0.716544,-0.082437,0.110526,-14.000000,19.000000,7.286601
0.650567,-0.716544,-0.082437,0.110526,-14.000000,19.000000,7.334462
0.650567,-0.716544,-0.082437,0.110526,-14.000000,19.000000,7.382591
0.650567,-0.716544,-0.082437,0.110526,-14.000000,19.000000,7.430565
0.650567,-0.716544,-0.082437,0.110526,-14.000000,19.000000,7.478432
0.650567,-0.716544,-0.082437,0.110526,-14.000000,19.000000,7.526527
0.650567,-0.716544,-0.082437,0.110526,-14.000000,19.000000,7.575145
0.650567,-0.716544,-0.082437,0.110526,-14.000000,19.000000,7.622510
0.650567,-0.716544,-0.082437,0.110526,-14.000000,19.000000,7.670646
0.650567,-0.716544,-0.082437,0.110526,-14.000000,19.000000,7.718613
0.650567,-0.715010,-0.082437,0.109790,-14.000000,19.000000,7.766468
0.650567,-0.707338,-0.082437,0.105001,-14.000000,18.000000,7.814576
0.642895,-0.693529,-0.078733,0.099894,-13.000000,17.000000,7.862473
0.626017,-0.667445,-0.073973,0.094575,-13.000000,16.000000,7.910648
0.601467,-0.632154,-0.070058,0.088344,-12.000000,15.000000,7.958511
0.572315,-0.589192,-0.063077,0.080106,-11.000000,14.000000,8.006609
0.540093,-0.540093,-0.056809,0.070964,-10.000000,12.000000,8.054516
0.506337,-0.487925,-0.048832,0.056918,-8.000000,10.000000,8.102454
0.474116,-0.435757,-0.041558,0.044403,-7.000000,8.000000,8.150436
0.444963,-0.385123,-0.034819,0.033340,-6.000000,6.000000,8.198448
0.418879,-0.342161,-0.028861,0.024145,-5.000000,4.000000,8.246517
0.397398,-0.303802,-0.024627,0.017504,-4.000000,3.000000,8.294583
0.380520,-0.274650,-0.022046,0.013383,-4.000000,2.000000,8.342671
0.363642,-0.251634,-0.019759,0.010592,-3.000000,2.000000,8.390589
0.345230,-0.237825,-0.017796,0.009188,-3.000000,2.000000,8.438501
0.325283,-0.227085,-0.016092,0.008374,-3.000000,1.000000,8.486491
0.305337,-0.219413,-0.014417,0.007934,-2.000000,1.000000,8.534609
0.283856,-0.214810,-0.012759,0.007729,-2.000000,1.000000,8.582462
0.260840,-0.211741,-0.011135,0.007597,-2.000000,1.000000,8.630576
0.237825,-0.208672,-0.009563,0.007475,-2.000000,1.000000,8.678459
0.214810,-0.207138,-0.008147,0.007396,-1.000000,1.000000,8.726616
0.193329,-0.204069,-0.006949,0.007238,-1.000000,1.000000,8.774508
0.174917,-0.201001,-0.005915,0.007084,-1.000000,1.000000,8.822505
0.156504,-0.197932,-0.004983,0.006931,-1.000000,1.000000,8.871036
0.142695,-0.196397,-0.004377,0.006900,-1.000000,1.000000,8.918494
0.131955,-0.196397,-0.003949,0.006952,-1.000000,1.000000,8.966920
0.122748,-0.196397,-0.003631,0.006952,-1.000000,1.000000,9.014677
0.118145,-0.196397,-0.003502,0.006952,-1.000000,1.000000,9.062544
0.113542,-0.196397,-0.003391,0.006952,-1.000000,1.000000,9.110647
0.113542,-0.196397,-0.003498,0.006952,-1.000000,1.000000,9.158557
0.113542,-0.196397,-0.003498,0.006952,-1.000000,1.000000,9.206561
0.113542,-0.196397,-0.003498,0.006952,-1.000000,1.000000,9.254484
0.115077,-0.196397,-0.003552,0.006952,-1.000000,1.000000,9.302512
0.115077,-0.196397,-0.003552,0.006952,-1.000000,1.000000,9.350557
0.113542,-0.196397,-0.003498,0.006952,-1.000000,1.000000,9.398418
0.113542,-0.196397,-0.003498,0.006952,-1.000000,1.000000,9.446548
0.115077,-0.196397,-0.003552,0.006952,-1.000000,1.000000,9.494489
0.113542,-0.196397,-0.003498,0.006952,-1.000000,1.000000,9.542593
0.113542,-0.196397,-0.003498,0.006952,-1.000000,1.000000,9.590621
0.113542,-0.196397,-0.003498,0.006952,-1.000000,1.000000,9.638638
0.113542,-0.196397,-0.003498,0.006952,-1.000000,1.000000,9.686553
0.113542,-0.196397,-0.003498,0.006952,-1.000000,1.000000,9.734598
0.113542,-0.196397,-0.003498,0.006952,-1.000000,1.000000,9.782548
0.113542,-0.196397,-0.003498,0.006952,-1.000000,1.000000,9.830514
0.113542,-0.196397,-0.003498,0.006952,-1.000000,1.000000,9.878458
0.113542,-0.196397,-0.003498,0.006952,-1.000000,1.000000,9.926538
0.113542,-0.196397,-0.003498,0.006952,-1.000000,1.000000,9.974550
0.113542,-0.196397,-0.003498,0.006952,-1.000000,1.000000,10.022597
0.115077,-0.196397,-0.003552,0.006952,-1.000000,1.000000,10.070521
0.115077,-0.196397,-0.003552,0.006952,-1.000000,1.000000,10.118432
0.113542,-0.196397,-0.003498,0.006952,-1.000000,1.000000,10.166483
0.113542,-0.196397,-0.003498,0.006952,-1.000000,1.000000,10.214570
0.115077,-0.196397,-0.003552,0.006952,-1.000000,1.000000,10.262696
0.113542,-0.196397,-0.003498,0.006952,-1.000000,1.000000,10.310484
0.113542,-0.196397,-0.003498,0.006952,-1.000000,1.000000,10.358576
0.113542,-0.196397,-0.003498,0.006952,-1.000000,1.000000,10.406451
0.113542,-0.196397,-0.003498,0.006952,-1.000000,1.000000,10.454570
0.113542,-0.196397,-0.003498,0.006952,-1.000000,1.000000,10.502605
0.113542,-0.196397,-0.003498,0.006952,-1.000000,1.000000,10.550495
0.113542,-0.196397,-0.003498,0.006952,-1.000000,1.000000,10.598362
0.113542,-0.196397,-0.003498,0.006952,-1.000000,1.000000,10.646384
0.113542,-0.196397,-0.003498,0.006952,-1.000000,1.000000,10.694418
0.113542,-0.196397,-0.003498,0.006952,-1.000000,1.000000,10.742441
0.113542,-0.196397,-0.003498,0.006952,-1.000000,1.000000,10.790511
0.115077,-0.196397,-0.003552,0.006952,-1.000000,1.000000,10.838423
0.113542,-0.196397,-0.003498,0.006952,-1.000000,1.000000,10.886565
0.113542,-0.196397,-0.003498,0.006952,-1.000000,1.000000,10.934510
0.113542,-0.196397,-0.003498,0.006952,-1.000000,1.000000,10.982412
0.113542,-0.196397,-0.003498,0.006952,-1.000000,1.000000,11.030577
0.115077,-0.196397,-0.003552,0.006952,-1.000000,1.000000,11.078494
0.113542,-0.196397,-0.003498,0.006952,-1.000000,1.000000,11.126494
0.113542,-0.196397,-0.003498,0.006952,-1.000000,1.000000,11.174412
0.113542,-0.196397,-0.003498,0.006952,-1.000000,1.000000,11.222427
0.113542,-0.196397,-0.003498,0.006952,-1.000000,1.000000,11.270365
0.113542,-0.196397,-0.003498,0.006952,-1.000000,1.000000,11.318588
0.113542,-0.196397,-0.003498,0.006952,-1.000000,1.000000,11.366411
0.113542,-0.196397,-0.003498,0.006952,-1.000000,1.000000,11.414540
0.113542,-0.196397,-0.003498,0.006952,-1.000000,1.000000,11.462528
0.115077,-0.196397,-0.003552,0.006952,-1.000000,1.000000,11.510388
0.115077,-0.196397,-0.003552,0.006952,-1.000000,1.000000,11.558438
0.113542,-0.196397,-0.003498,0.006952,-1.000000,1.000000,11.606505
0.113542,-0.196397,-0.003498,0.006952,-1.000000,1.000000,11.654334
0.113542,-0.196397,-0.003498,0.006952,-1.000000,1.000000,11.702457
0.115077,-0.196397,-0.003552,0.006952,-1.000000,1.000000,11.750388
0.115077,-0.196397,-0.003552,0.006952,-1.000000,1.000000,11.798599
0.116611,-0.197932,-0.003607,0.007028,-1.000000,1.000000,11.846598
0.118145,-0.199466,-0.003706,0.007166,-1.000000,1.000000,11.894420
0.121214,-0.202535,-0.003817,0.007321,-1.000000,1.000000,11.942656
0.125817,-0.208672,-0.004152,0.007884,-1.000000,1.000000,11.990412
0.138092,-0.220947,-0.005035,0.009200,-1.000000,2.000000,12.038424
0.156504,-0.237825,-0.006476,0.011036,-1.000000,2.000000,12.086514
0.179520,-0.260840,-0.008417,0.014158,-1.000000,2.000000,12.134384
0.205604,-0.286924,-0.010820,0.018158,-2.000000,3.000000,12.182553
0.230153,-0.313008,-0.012639,0.021559,-2.000000,4.000000,12.230585
0.254703,-0.337558,-0.014673,0.023498,-3.000000,4.000000,12.278431
0.277718,-0.359039,-0.016396,0.025208,-3.000000,4.000000,12.326403
0.299199,-0.377451,-0.017710,0.026112,-3.000000,4.000000,12.374385
0.319146,-0.395864,-0.019820,0.028230,-3.000000,5.000000,12.422307
0.340627,-0.411207,-0.022319,0.030031,-4.000000,5.000000,12.470400
0.362108,-0.426551,-0.025074,0.031424,-4.000000,5.000000,12.518526
0.385123,-0.438826,-0.028949,0.032464,-5.000000,6.000000,12.566445
0.408139,-0.448032,-0.033342,0.033563,-6.000000,6.000000,12.614407
0.432688,-0.458772,-0.037774,0.034998,-6.000000,6.000000,12.662267
0.457238,-0.469513,-0.042696,0.037443,-7.000000,6.000000,12.710411
0.478719,-0.480253,-0.046475,0.039021,-8.000000,7.000000,12.758409
0.498666,-0.489459,-0.050196,0.040862,-9.000000,7.000000,12.806368
0.515543,-0.500200,-0.051537,0.043105,-9.000000,7.000000,12.854468
0.530887,-0.509406,-0.052866,0.045111,-9.000000,8.000000,12.902351
0.543162,-0.518612,-0.055262,0.047196,-9.000000,8.000000,12.950439
0.555437,-0.529353,-0.058585,0.049733,-10.000000,9.000000,12.998341
0.569246,-0.541627,-0.062527,0.054113,-11.000000,9.000000,13.047000
0.581521,-0.552368,-0.066220,0.056961,-11.000000,10.000000,13.094330
0.593796,-0.564643,-0.070099,0.060374,-12.000000,10.000000,13.142496
0.604536,-0.575383,-0.071822,0.063502,-12.000000,11.000000,13.190426
0.615277,-0.586124,-0.074602,0.065945,-13.000000,11.000000,13.238450
0.624483,-0.595330,-0.077810,0.068040,-13.000000,12.000000,13.286371
0.633689,-0.606070,-0.080296,0.071509,-14.000000,12.000000,13.334431
0.641361,-0.615277,-0.082344,0.074602,-14.000000,13.000000,13.382315
0.647498,-0.624483,-0.083924,0.076998,-14.000000,13.000000,13.430524
0.653635,-0.630620,-0.085599,0.079183,-15.000000,14.000000,13.478444
0.656704,-0.639826,-0.086176,0.081774,-15.000000,14.000000,13.526474
0.661307,-0.644429,-0.087979,0.082767,-15.000000,14.000000,13.574486
0.665910,-0.650567,-0.089814,0.084422,-15.000000,14.000000,13.622386
0.668979,-0.653635,-0.091056,0.084992,-16.000000,15.000000,13.670732
0.673582,-0.658238,-0.093598,0.086773,-16.000000,15.000000,13.718464
0.679719,-0.662842,-0.096929,0.088587,-17.000000,15.000000,13.766372
0.687391,-0.668979,-0.100268,0.091697,-17.000000,16.000000,13.814671
0.695063,-0.675116,-0.104575,0.094239,-18.000000,16.000000,13.863141
0.699666,-0.678185,-0.105815,0.095532,-18.000000,16.000000,13.910471
0.704269,-0.682788,-0.106426,0.097500,-18.000000,17.000000,13.958334
0.704269,-0.684323,-0.105229,0.096370,-18.000000,17.000000,14.006466
0.704269,-0.684323,-0.104756,0.095928,-18.000000,16.000000,14.054316
0.704269,-0.684323,-0.104756,0.095928,-18.000000,16.000000,14.102274
0.704269,-0.684323,-0.104756,0.095928,-18.000000,16.000000,14.150429
0.704269,-0.684323,-0.104756,0.095928,-18.000000,16.000000,14.198330
0.704269,-0.684323,-0.104756,0.095928,-18.000000,16.000000,14.246399
0.704269,-0.684323,-0.104756,0.095928,-18.000000,16.000000,14.294420
0.702735,-0.684323,-0.104053,0.095928,-18.000000,16.000000,14.342280
0.704269,-0.684323,-0.104756,0.095928,-18.000000,16.000000,14.390403
0.704269,-0.684323,-0.104756,0.095928,-18.000000,16.000000,14.438428
0.704269,-0.684323,-0.104756,0.095928,-18.000000,16.000000,14.486435
0.704269,-0.684323,-0.104756,0.095928,-18.000000,16.000000,14.534556
0.704269,-0.684323,-0.104756,0.095928,-18.000000,16.000000,14.582351
0.704269,-0.684323,-0.104756,0.095928,-18.000000,16.000000,14.630362
0.704269,-0.684323,-0.104756,0.095928,-18.000000,16.000000,14.678442
0.704269,-0.684323,-0.104756,0.095928,-18.000000,16.000000,14.726314
0.704269,-0.684323,-0.104756,0.095928,-18.000000,16.000000,14.774282
0.704269,-0.684323,-0.104756,0.095928,-18.000000,16.000000,14.822965
0.704269,-0.684323,-0.104756,0.095928,-18.000000,16.000000,14.870410
0.704269,-0.684323,-0.104756,0.095928,-18.000000,16.000000,14.918455
0.704269,-0.684323,-0.104756,0.095928,-18.000000,16.000000,14.966421
0.704269,-0.684323,-0.104756,0.095928,-18.000000,16.000000,15.014363
0.704269,-0.684323,-0.104756,0.095928,-18.000000,16.000000,15.062451
0.704269,-0.684323,-0.104756,0.095928,-18.000000,16.000000,15.110362
0.704269,-0.684323,-0.104756,0.095928,-18.000000,16.000000,15.159005
0.704269,-0.684323,-0.104756,0.095928,-18.000000,16.000000,15.206282
0.704269,-0.684323,-0.104756,0.095928,-18.000000,16.000000,15.254894
0.704269,-0.685857,-0.104756,0.096584,-18.000000,17.000000,15.302445
0.704269,-0.684323,-0.104756,0.095928,-18.000000,16.000000,15.350898
0.704269,-0.684323,-0.104756,0.095928,-18.000000,16.000000,15.398417
0.704269,-0.684323,-0.104756,0.095928,-18.000000,16.000000,15.446252
0.704269,-0.684323,-0.104756,0.095928,-18.000000,16.000000,15.494263
0.704269,-0.684323,-0.104756,0.095928,-18.000000,16.000000,15.542434
0.704269,-0.685857,-0.104756,0.096584,-18.000000,17.000000,15.590871
0.704269,-0.684323,-0.104756,0.095928,-18.000000,16.000000,15.638957
0.704269,-0.684323,-0.104756,0.095928,-18.000000,16.000000,15.686995
0.704269,-0.684323,-0.104756,0.095928,-18.000000,16.000000,15.734377
0.704269,-0.684323,-0.104756,0.095928,-18.000000,16.000000,15.782218
0.704269,-0.684323,-0.104756,0.095928,-18.000000,16.000000,15.830441
0.704269,-0.684323,-0.104756,0.095928,-18.000000,16.000000,15.878477
0.704269,-0.684323,-0.104756,0.095928,-18.000000,16.000000,15.926443
0.704269,-0.684323,-0.104756,0.095928,-18.000000,16.000000,15.974933
0.704269,-0.684323,-0.104756,0.095928,-18.000000,16.000000,16.022339
0.702735,-0.684323,-0.104053,0.095928,-18.000000,16.000000,16.070239
0.704269,-0.684323,-0.104756,0.095928,-18.000000,16.000000,16.118258
0.704269,-0.684323,-0.104756,0.095928,-18.000000,16.000000,16.166246
0.704269,-0.684323,-0.104756,0.095928,-18.000000,16.000000,16.214573
0.704269,-0.685857,-0.104756,0.096584,-18.000000,17.000000,16.262919
0.704269,-0.684323,-0.104756,0.095928,-18.000000,16.000000,16.310291
0.704269,-0.684323,-0.104756,0.095928,-18.000000,16.000000,16.358850
0.704269,-0.684323,-0.104756,0.095928,-18.000000,16.000000,16.406320
0.704269,-0.684323,-0.104756,0.095928,-18.000000,16.000000,16.454342
0.704269,-0.684323,-0.104756,0.095928,-18.000000,16.000000,16.502328
0.704269,-0.684323,-0.104756,0.095928,-18.000000,16.000000,16.551041
0.704269,-0.684323,-0.104756,0.095928,-18.000000,16.000000,16.598919
0.702735,-0.684323,-0.104053,0.095928,-18.000000,16.000000,16.646391
0.698132,-0.684323,-0.101054,0.095928,-17.000000,16.000000,16.694359
0.685857,-0.682788,-0.095927,0.095276,-16.000000,16.000000,16.742226
0.665910,-0.678185,-0.090858,0.092352,-16.000000,16.000000,16.790239
0.638292,-0.664376,-0.083786,0.087134,-14.000000,15.000000,16.838271
0.607605,-0.647498,-0.076122,0.082516,-13.000000,14.000000,16.886377
0.576918,-0.624483,-0.066820,0.077182,-11.000000,13.000000,16.934352
0.547765,-0.595330,-0.058186,0.070269,-10.000000,12.000000,16.982398
0.518612,-0.564643,-0.049263,0.063061,-8.000000,11.000000,17.030221
0.494062,-0.532421,-0.043089,0.055476,-7.000000,10.000000,17.078384
0.469513,-0.498666,-0.037187,0.047665,-6.000000,8.000000,17.126982
0.444963,-0.461841,-0.032397,0.039589,-6.000000,7.000000,17.174463
0.421948,-0.428085,-0.028689,0.033704,-5.000000,6.000000,17.222256
0.397398,-0.395864,-0.025133,0.027561,-4.000000,5.000000,17.270263
0.371314,-0.365177,-0.022260,0.022627,-4.000000,4.000000,17.319104
0.345230,-0.337558,-0.018982,0.018594,-3.000000,3.000000,17.366402
0.320680,-0.314543,-0.016452,0.015690,-3.000000,3.000000,17.414531
0.296131,-0.296131,-0.014195,0.013634,-2.000000,2.000000,17.462279
0.273115,-0.280787,-0.012301,0.012044,-2.000000,2.000000,17.510297
0.247031,-0.270047,-0.010384,0.011110,-2.000000,2.000000,17.558365
0.222482,-0.259306,-0.008776,0.010333,-2.000000,2.000000,17.606339
0.197932,-0.250100,-0.007333,0.009733,-1.000000,2.000000,17.654336
0.173382,-0.243963,-0.006032,0.009356,-1.000000,2.000000,17.702224
0.150367,-0.237825,-0.004885,0.008986,-1.000000,2.000000,17.750345
0.128886,-0.230153,-0.003920,0.008540,-1.000000,1.000000,17.798256
0.105871,-0.222482,-0.002993,0.008108,-1.000000,1.000000,17.846431
0.084390,-0.214810,-0.002184,0.007692,0.000000,1.000000,17.894276
0.064443,-0.207138,-0.001471,0.007291,0.000000,1.000000,17.942380
0.052168,-0.199466,-0.001180,0.006918,0.000000,1.000000,17.990225
0.049099,-0.194863,-0.001293,0.006692,0.000000,1.000000,18.038929
0.047565,-0.188726,-0.001377,0.006397,0.000000,1.000000,18.086222
0.047565,-0.182588,-0.001377,0.006133,0.000000,1.000000,18.134290
0.047565,-0.174917,-0.001377,0.005763,0.000000,1.000000,18.182274
0.049099,-0.170313,-0.001423,0.005582,0.000000,1.000000,18.230147
0.047565,-0.165710,-0.001377,0.005383,0.000000,1.000000,18.278418
0.047565,-0.161107,-0.001377,0.005216,0.000000,1.000000,18.326159
0.049099,-0.159573,-0.001423,0.005185,0.000000,1.000000,18.374368
0.049099,-0.158039,-0.001423,0.005161,0.000000,1.000000,18.422316
0.047565,-0.156504,-0.001377,0.005142,0.000000,1.000000,18.470155
0.049099,-0.156504,-0.001423,0.005142,0.000000,1.000000,18.518150
0.049099,-0.156504,-0.001423,0.005142,0.000000,1.000000,18.566310
0.047565,-0.156504,-0.001377,0.005142,0.000000,1.000000,18.614206
0.049099,-0.156504,-0.001423,0.005142,0.000000,1.000000,18.662495
0.049099,-0.156504,-0.001423,0.005142,0.000000,1.000000,18.710287
0.049099,-0.154970,-0.001423,0.005034,0.000000,1.000000,18.758258
0.049099,-0.151901,-0.001423,0.004869,0.000000,1.000000,18.806278
0.049099,-0.150367,-0.001423,0.004807,0.000000,1.000000,18.854281
0.049099,-0.147298,-0.001423,0.004723,0.000000,1.000000,18.902324
0.049099,-0.145764,-0.001423,0.004623,0.000000,1.000000,18.950168
0.049099,-0.142695,-0.001423,0.004503,0.000000,1.000000,18.998174
0.049099,-0.139626,-0.001423,0.004383,0.000000,1.000000,19.046354
0.050634,-0.136558,-0.001469,0.004266,0.000000,1.000000,19.094262
0.050634,-0.133489,-0.001469,0.004149,0.000000,1.000000,19.142250
0.050634,-0.130420,-0.001469,0.004034,0.000000,1.000000,19.190188
0.050634,-0.127351,-0.001469,0.003920,0.000000,1.000000,19.238368
0.050634,-0.124283,-0.001469,0.003807,0.000000,1.000000,19.286275
0.050634,-0.121214,-0.001469,0.003696,0.000000,1.000000,19.334844
0.049099,-0.118145,-0.001423,0.003586,0.000000,1.000000,19.382191
0.049099,-0.116611,-0.001423,0.003531,0.000000,1.000000,19.430582
0.049099,-0.113542,-0.001423,0.003423,0.000000,1.000000,19.478292
0.049099,-0.112008,-0.001423,0.003369,0.000000,1.000000,19.526222
0.049099,-0.108939,-0.001423,0.003262,0.000000,1.000000,19.574413
0.049099,-0.107405,-0.001423,0.003244,0.000000,1.000000,19.622151
0.049099,-0.105871,-0.001423,0.003192,0.000000,1.000000,19.670263
0.049099,-0.102802,-0.001423,0.003087,0.000000,1.000000,19.718345
0.049099,-0.101267,-0.001423,0.003035,0.000000,1.000000,19.766219
0.049099,-0.098199,-0.001423,0.002931,0.000000,1.000000,19.814326
0.049099,-0.096664,-0.001423,0.002880,0.000000,0.000000,19.862234
0.050634,-0.095130,-0.001469,0.002829,0.000000,0.000000,19.910776
0.050634,-0.093596,-0.001469,0.002778,0.000000,0.000000,19.958527
0.052168,-0.092061,-0.001515,0.002728,0.000000,0.000000,20.006163
0.052168,-0.092061,-0.001515,0.002728,0.000000,0.000000,20.054130
0.050634,-0.090527,-0.001469,0.002677,0.000000,0.000000,20.102106
0.052168,-0.088993,-0.001515,0.002627,0.000000,0.000000,20.150748
0.052168,-0.087458,-0.001515,0.002577,0.000000,0.000000,20.198220
0.052168,-0.085924,-0.001515,0.002528,0.000000,0.000000,20.246353
0.052168,-0.082855,-0.001515,0.002429,0.000000,0.000000,20.294217
0.052168,-0.081321,-0.001515,0.002380,0.000000,0.000000,20.342216
0.052168,-0.079786,-0.001515,0.002331,0.000000,0.000000,20.390123
0.052168,-0.078252,-0.001515,0.002282,0.000000,0.000000,20.438258
0.053702,-0.076718,-0.001561,0.002234,0.000000,0.000000,20.486311
0.053702,-0.075183,-0.001561,0.002185,0.000000,0.000000,20.534328
0.052168,-0.072115,-0.001515,0.002089,0.000000,0.000000,20.582280
0.053702,-0.070580,-0.001561,0.002041,0.000000,0.000000,20.630048
0.053702,-0.069046,-0.001561,0.001994,0.000000,0.000000,20.678998
0.053702,-0.069046,-0.001561,0.002029,0.000000,0.000000,20.726201
0.053702,-0.069046,-0.001561,0.002029,0.000000,0.000000,20.774206
0.053702,-0.069046,-0.001561,0.002029,0.000000,0.000000,20.822164
0.053702,-0.069046,-0.001561,0.002029,0.000000,0.000000,20.870086
0.055237,-0.070580,-0.001607,0.002077,0.000000,0.000000,20.918130
0.056771,-0.072115,-0.001691,0.002163,0.000000,0.000000,20.966117
0.058306,-0.073649,-0.001737,0.002212,0.000000,0.000000,21.014201
0.064443,-0.079786,-0.002008,0.002494,0.000000,0.000000,21.062161
0.075183,-0.090527,-0.002616,0.003139,0.000000,1.000000,21.110210
0.090527,-0.107405,-0.003450,0.004191,-1.000000,1.000000,21.158321
0.110474,-0.131955,-0.004656,0.006064,-1.000000,1.000000,21.206078
0.135023,-0.158039,-0.006388,0.008035,-1.000000,1.000000,21.254087
0.158039,-0.185657,-0.007817,0.009741,-1.000000,2.000000,21.302120
0.182588,-0.208672,-0.009289,0.010757,-2.000000,2.000000,21.350195
0.205604,-0.233222,-0.010283,0.012561,-2.000000,2.000000,21.398225
0.227085,-0.254703,-0.011514,0.014314,-2.000000,2.000000,21.446126
0.248566,-0.279253,-0.013149,0.016542,-2.000000,3.000000,21.494211
0.270047,-0.303802,-0.015307,0.019037,-3.000000,3.000000,21.542266
0.294596,-0.326818,-0.018068,0.021643,-3.000000,4.000000,21.590147
0.319146,-0.348299,-0.020744,0.023272,-4.000000,4.000000,21.638359
0.340627,-0.368245,-0.022819,0.025371,-4.000000,4.000000,21.686285
0.362108,-0.385123,-0.025074,0.026672,-4.000000,5.000000,21.734129
0.378986,-0.400467,-0.025815,0.027887,-4.000000,5.000000,21.782158
0.394329,-0.412742,-0.026998,0.028777,-5.000000,5.000000,21.830191
0.406604,-0.423482,-0.027863,0.029980,-5.000000,5.000000,21.878233
0.420413,-0.435757,-0.029504,0.031504,-5.000000,5.000000,21.926173
0.434223,-0.446497,-0.031701,0.033299,-5.000000,6.000000,21.974261
0.446497,-0.457238,-0.034275,0.035181,-6.000000,6.000000,22.022255
0.460307,-0.469513,-0.036770,0.037961,-6.000000,7.000000,22.070261
0.475650,-0.483322,-0.040335,0.040685,-7.000000,7.000000,22.118244
0.490994,-0.495597,-0.044223,0.043244,-8.000000,7.000000,22.166184
0.506337,-0.507872,-0.047676,0.045941,-8.000000,8.000000,22.214096
0.520146,-0.520146,-0.050198,0.048780,-9.000000,8.000000,22.262060
0.535490,-0.532421,-0.054047,0.051769,-9.000000,9.000000,22.310168
0.547765,-0.544696,-0.056489,0.054914,-10.000000,9.000000,22.358113
0.561574,-0.556971,-0.060310,0.058221,-10.000000,10.000000,22.406137
0.573849,-0.569246,-0.063891,0.061698,-11.000000,11.000000,22.454063
0.587658,-0.581521,-0.068136,0.066220,-12.000000,11.000000,22.502023
0.599933,-0.592261,-0.071179,0.068699,-12.000000,12.000000,22.550378
0.612208,-0.603002,-0.074400,0.071315,-13.000000,12.000000,22.598070
0.621414,-0.613742,-0.077598,0.074925,-13.000000,13.000000,22.646047
0.632154,-0.622948,-0.081477,0.077267,-14.000000,13.000000,22.694041
0.642895,-0.632154,-0.085521,0.080572,-15.000000,14.000000,22.741989
0.653635,-0.639826,-0.088759,0.082561,-15.000000,14.000000,22.790133
0.659773,-0.649032,-0.089459,0.086060,-15.000000,15.000000,22.838132
0.664376,-0.656704,-0.090536,0.088238,-16.000000,15.000000,22.886093
0.668979,-0.661307,-0.091056,0.089302,-16.000000,15.000000,22.934070
0.672048,-0.668979,-0.092312,0.092415,-16.000000,16.000000,22.982146
0.676651,-0.673582,-0.094225,0.093598,-16.000000,16.000000,23.030328
0.678185,-0.678185,-0.094285,0.094870,-16.000000,16.000000,23.078191
0.679719,-0.682788,-0.094419,0.097500,-16.000000,17.000000,23.126034
0.679719,-0.690460,-0.093984,0.101631,-16.000000,17.000000,23.174178
0.679719,-0.695063,-0.093984,0.102920,-16.000000,18.000000,23.222036
0.679719,-0.695063,-0.093984,0.100599,-16.000000,17.000000,23.270150
0.681254,-0.695063,-0.094628,0.100599,-16.000000,17.000000,23.318312
0.679719,-0.693529,-0.093984,0.099920,-16.000000,17.000000,23.366185
0.679719,-0.695063,-0.093984,0.100599,-16.000000,17.000000,23.414039
0.679719,-0.693529,-0.093984,0.099920,-16.000000,17.000000,23.462048
0.679719,-0.695063,-0.093984,0.100599,-16.000000,17.000000,23.510036
0.679719,-0.693529,-0.093984,0.099920,-16.000000,17.000000,23.558213
0.679719,-0.695063,-0.093984,0.100599,-16.000000,17.000000,23.606107
0.679719,-0.695063,-0.093984,0.100599,-16.000000,17.000000,23.654114
0.679719,-0.695063,-0.093984,0.100599,-16.000000,17.000000,23.702104
0.679719,-0.695063,-0.093984,0.100599,-16.000000,17.000000,23.750141
0.679719,-0.695063,-0.093984,0.100599,-16.000000,17.000000,23.798084
0.679719,-0.693529,-0.093984,0.099920,-16.000000,17.000000,23.846232
0.679719,-0.695063,-0.093984,0.100599,-16.000000,17.000000,23.893982
0.679719,-0.695063,-0.093984,0.100599,-16.000000,17.000000,23.942176
0.679719,-0.693529,-0.093984,0.099920,-16.000000,17.000000,23.990210
0.679719,-0.695063,-0.093984,0.100599,-16.000000,17.000000,24.038080
0.679719,-0.695063,-0.093984,0.100599,-16.000000,17.000000,24.086106
0.679719,-0.695063,-0.093984,0.100599,-16.000000,17.000000,24.134149
0.679719,-0.693529,-0.093984,0.099920,-16.000000,17.000000,24.182184
0.679719,-0.695063,-0.093984,0.100599,-16.000000,17.000000,24.230028
0.679719,-0.693529,-0.093984,0.099920,-16.000000,17.000000,24.278136
0.681254,-0.693529,-0.094628,0.099920,-16.000000,17.000000,24.326087
0.681254,-0.695063,-0.094628,0.100599,-16.000000,17.000000,24.374196
0.681254,-0.695063,-0.094628,0.100599,-16.000000,17.000000,24.422035
0.679719,-0.695063,-0.093984,0.100599,-16.000000,17.000000,24.470133
0.679719,-0.695063,-0.093984,0.100599,-16.000000,17.000000,24.518042
0.679719,-0.695063,-0.093984,0.100599,-16.000000,17.000000,24.566090
0.679719,-0.695063,-0.093984,0.100599,-16.000000,17.000000,24.614002
0.679719,-0.695063,-0.093984,0.100599,-16.000000,17.000000,24.662043
0.679719,-0.695063,-0.093984,0.100599,-16.000000,17.000000,24.710026
0.679719,-0.693529,-0.093984,0.099920,-16.000000,17.000000,24.758110
0.679719,-0.695063,-0.093984,0.100599,-16.000000,17.000000,24.806042
0.679719,-0.695063,-0.093984,0.100599,-16.000000,17.000000,24.854125
0.679719,-0.695063,-0.093984,0.100599,-16.000000,17.000000,24.902172
0.681254,-0.695063,-0.094628,0.100599,-16.000000,17.000000,24.950260
0.679719,-0.695063,-0.093984,0.100599,-16.000000,17.000000,24.998142
0.679719,-0.695063,-0.093984,0.100599,-16.000000,17.000000,25.046155
0.679719,-0.693529,-0.093984,0.099920,-16.000000,17.000000,25.094267
0.679719,-0.693529,-0.093984,0.099920,-16.000000,17.000000,25.142011
0.679719,-0.695063,-0.093984,0.100599,-16.000000,17.000000,25.190120
0.679719,-0.693529,-0.093984,0.099920,-16.000000,17.000000,25.238111
0.681254,-0.693529,-0.094628,0.099920,-16.000000,17.000000,25.286102
0.679719,-0.693529,-0.093984,0.099920,-16.000000,17.000000,25.333981
0.679719,-0.693529,-0.093984,0.099920,-16.000000,17.000000,25.382143
0.679719,-0.695063,-0.093984,0.100599,-16.000000,17.000000,25.430076
0.679719,-0.695063,-0.093984,0.100599,-16.000000,17.000000,25.478004
0.679719,-0.693529,-0.093984,0.099920,-16.000000,17.000000,25.526005
0.679719,-0.695063,-0.093984,0.100599,-16.000000,17.000000,25.574034
0.679719,-0.695063,-0.093984,0.100599,-16.000000,17.000000,25.621977
0.679719,-0.695063,-0.093984,0.100599,-16.000000,17.000000,25.670033
0.679719,-0.693529,-0.093984,0.099920,-16.000000,17.000000,25.717972
0.679719,-0.693529,-0.093984,0.099920,-16.000000,17.000000,25.766120
0.679719,-0.695063,-0.093984,0.100599,-16.000000,17.000000,25.814016
0.679719,-0.693529,-0.093984,0.099920,-16.000000,17.000000,25.862013
0.679719,-0.691994,-0.093984,0.098869,-16.000000,17.000000,25.910103
0.675116,-0.685857,-0.091230,0.095565,-16.000000,16.000000,25.957987
0.665910,-0.675116,-0.087339,0.091236,-15.000000,16.000000,26.006071
0.652101,-0.659773,-0.082674,0.086292,-14.000000,15.000000,26.054111
0.635223,-0.638292,-0.078024,0.080202,-13.000000,14.000000,26.102014
0.616811,-0.615277,-0.072149,0.073982,-12.000000,13.000000,26.150095
0.599933,-0.589192,-0.066694,0.066825,-11.000000,11.000000,26.198075
0.584589,-0.564643,-0.061262,0.060145,-10.000000,10.000000,26.245999
0.572315,-0.541627,-0.057206,0.053268,-10.000000,9.000000,26.293993
0.561574,-0.520146,-0.053941,0.046545,-9.000000,8.000000,26.341882
0.549299,-0.501734,-0.050988,0.041744,-9.000000,7.000000,26.390046
0.535490,-0.484856,-0.047848,0.037770,-8.000000,6.000000,26.438014
0.520146,-0.469513,-0.044568,0.034499,-8.000000,6.000000,26.486092
0.503269,-0.458772,-0.041454,0.032341,-7.000000,6.000000,26.534024
0.484856,-0.448032,-0.038037,0.030477,-7.000000,5.000000,26.581969
0.463375,-0.438826,-0.034628,0.028966,-6.000000,5.000000,26.630735
0.438826,-0.428085,-0.031048,0.027363,-5.000000,5.000000,26.678068
0.414276,-0.417345,-0.027838,0.025836,-5.000000,4.000000,26.726104
0.386658,-0.406604,-0.024237,0.024441,-4.000000,4.000000,26.773974
0.362108,-0.395864,-0.021139,0.023054,-4.000000,4.000000,26.821920
0.339093,-0.382054,-0.018121,0.021438,-3.000000,4.000000,26.870008
0.316077,-0.369780,-0.015669,0.020104,-3.000000,3.000000,26.917935
0.293062,-0.355970,-0.013637,0.018599,-2.000000,3.000000,26.966019
0.271581,-0.340627,-0.011813,0.017121,-2.000000,3.000000,27.014021
0.253169,-0.322215,-0.010400,0.015568,-2.000000,3.000000,27.062611
0.234756,-0.303802,-0.009126,0.014052,-2.000000,2.000000,27.110026
0.214810,-0.285390,-0.007946,0.012558,-1.000000,2.000000,27.158031
0.197932,-0.265443,-0.006981,0.011259,-1.000000,2.000000,27.205985
0.181054,-0.243963,-0.006102,0.009873,-1.000000,2.000000,27.254026
0.167245,-0.220947,-0.005418,0.008510,-1.000000,1.000000,27.301909
0.154970,-0.197932,-0.004875,0.007262,-1.000000,1.000000,27.350153
0.141161,-0.173382,-0.004310,0.005979,-1.000000,1.000000,27.400469
0.128886,-0.148832,-0.003833,0.004781,-1.000000,1.000000,27.445896
0.119680,-0.127351,-0.003496,0.003856,-1.000000,1.000000,27.493929
0.110474,-0.105871,-0.003192,0.002993,-1.000000,1.000000,27.541945
0.104336,-0.082855,-0.002998,0.002122,-1.000000,0.000000,27.590053
0.096664,-0.059840,-0.002761,0.001291,0.000000,0.000000,27.637967
0.090527,-0.046031,-0.002558,0.000961,0.000000,0.000000,27.685960
0.088993,-0.042962,-0.002593,0.001111,0.000000,0.000000,27.733963
0.087458,-0.042962,-0.002577,0.001241,0.000000,0.000000,27.781963
0.085924,-0.042962,-0.002564,0.001241,0.000000,0.000000,27.829975
0.085924,-0.041428,-0.002564,0.001196,0.000000,0.000000,27.877934
0.085924,-0.042962,-0.002564,0.001241,0.000000,0.000000,27.925973
0.085924,-0.042962,-0.002564,0.001241,0.000000,0.000000,27.974432
0.085924,-0.042962,-0.002564,0.001241,0.000000,0.000000,28.021901
0.085924,-0.042962,-0.002564,0.001241,0.000000,0.000000,28.069830
0.085924,-0.041428,-0.002564,0.001196,0.000000,0.000000,28.117902
0.085924,-0.041428,-0.002564,0.001196,0.000000,0.000000,28.165882
0.085924,-0.041428,-0.002564,0.001196,0.000000,0.000000,28.213907
0.085924,-0.042962,-0.002564,0.001241,0.000000,0.000000,28.262004
0.087458,-0.041428,-0.002614,0.001196,0.000000,0.000000,28.310061
0.088993,-0.041428,-0.002664,0.001196,0.000000,0.000000,28.358004
0.088993,-0.042962,-0.002664,0.001241,0.000000,0.000000,28.405892
0.088993,-0.041428,-0.002664,0.001196,0.000000,0.000000,28.453968
0.087458,-0.042962,-0.002614,0.001241,0.000000,0.000000,28.501871
0.088993,-0.042962,-0.002664,0.001241,0.000000,0.000000,28.550161
0.088993,-0.041428,-0.002664,0.001196,0.000000,0.000000,28.598016
0.087458,-0.041428,-0.002614,0.001196,0.000000,0.000000,28.646045
0.088993,-0.042962,-0.002664,0.001241,0.000000,0.000000,28.694065
0.088993,-0.041428,-0.002664,0.001196,0.000000,0.000000,28.741866
0.088993,-0.041428,-0.002664,0.001196,0.000000,0.000000,28.789845
0.088993,-0.041428,-0.002664,0.001196,0.000000,0.000000,28.837899
0.088993,-0.041428,-0.002664,0.001196,0.000000,0.000000,28.885918
0.088993,-0.042962,-0.002664,0.001241,0.000000,0.000000,28.933991
0.088993,-0.042962,-0.002664,0.001241,0.000000,0.000000,28.981902
0.088993,-0.042962,-0.002664,0.001241,0.000000,0.000000,29.030069
0.088993,-0.042962,-0.002664,0.001241,0.000000,0.000000,29.077988
0.088993,-0.042962,-0.002664,0.001241,0.000000,0.000000,29.126000
0.088993,-0.042962,-0.002664,0.001241,0.000000,0.000000,29.173837
0.088993,-0.042962,-0.002664,0.001241,0.000000,0.000000,29.221937
0.088993,-0.042962,-0.002664,0.001241,0.000000,0.000000,29.270068
0.088993,-0.042962,-0.002664,0.001241,0.000000,0.000000,29.317906
0.088993,-0.041428,-0.002664,0.001196,0.000000,0.000000,29.365989
0.088993,-0.042962,-0.002664,0.001241,0.000000,0.000000,29.414021
0.087458,-0.042962,-0.002614,0.001241,0.000000,0.000000,29.461781
0.088993,-0.042962,-0.002664,0.001241,0.000000,0.000000,29.509858
0.088993,-0.042962,-0.002664,0.001241,0.000000,0.000000,29.557888
0.088993,-0.042962,-0.002664,0.001241,0.000000,0.000000,29.605887
0.088993,-0.042962,-0.002664,0.001241,0.000000,0.000000,29.654730
0.088993,-0.044496,-0.002664,0.001286,0.000000,0.000000,29.701823
0.088993,-0.046031,-0.002664,0.001368,0.000000,0.000000,29.749852
0.088993,-0.047565,-0.002664,0.001414,0.000000,0.000000,29.797881
0.090527,-0.049099,-0.002715,0.001460,0.000000,0.000000,29.845980
0.090527,-0.050634,-0.002715,0.001506,0.000000,0.000000,29.893960
0.093596,-0.052168,-0.002857,0.001552,0.000000,0.000000,29.942015
0.095130,-0.053702,-0.002908,0.001598,0.000000,0.000000,29.990238
0.098199,-0.055237,-0.003011,0.001644,-1.000000,0.000000,30.037955
0.101267,-0.056771,-0.003160,0.001691,-1.000000,0.000000,30.085998
0.112008,-0.059840,-0.003840,0.001823,-1.000000,0.000000,30.134038
0.127351,-0.067512,-0.004898,0.002198,-1.000000,0.000000,30.182054
0.148832,-0.079786,-0.006568,0.002837,-1.000000,0.000000,30.230103
0.176451,-0.092061,-0.009150,0.003341,-2.000000,1.000000,30.277884
0.205604,-0.104336,-0.011724,0.003879,-2.000000,1.000000,30.325876
0.234756,-0.116611,-0.014448,0.004261,-2.000000,1.000000,30.373872
0.263909,-0.128886,-0.017181,0.004752,-3.000000,1.000000,30.422042
0.293062,-0.141161,-0.019780,0.005267,-3.000000,1.000000,30.469949
0.317612,-0.154970,-0.021575,0.005997,-4.000000,1.000000,30.517984
0.340627,-0.167245,-0.023343,0.006579,-4.000000,1.000000,30.565771
0.362108,-0.184123,-0.025074,0.007582,-4.000000,1.000000,30.613817
0.382054,-0.201001,-0.027305,0.008691,-5.000000,1.000000,30.661853
0.398932,-0.217878,-0.028689,0.010137,-5.000000,2.000000,30.709803
0.414276,-0.237825,-0.029981,0.011759,-5.000000,2.000000,30.757882
0.428085,-0.260840,-0.030708,0.014158,-5.000000,2.000000,30.805970
0.438826,-0.282321,-0.032008,0.016069,-5.000000,3.000000,30.853872
0.448032,-0.303802,-0.033563,0.018180,-6.000000,3.000000,30.901842
0.458772,-0.322215,-0.034998,0.019315,-6.000000,3.000000,30.949976
0.467978,-0.339093,-0.036676,0.020789,-6.000000,4.000000,30.997807
0.478719,-0.355970,-0.038721,0.022371,-7.000000,4.000000,31.045927
0.487925,-0.371314,-0.040550,0.023871,-7.000000,4.000000,31.093929
0.500200,-0.386658,-0.043650,0.025919,-7.000000,4.000000,31.141878
0.510940,-0.403535,-0.046637,0.028342,-8.000000,5.000000,31.189962
0.523215,-0.420413,-0.049513,0.031501,-8.000000,5.000000,31.237943
0.535490,-0.435757,-0.052540,0.034089,-9.000000,6.000000,31.285833
0.546231,-0.449566,-0.054611,0.034817,-9.000000,6.000000,31.333924
0.555437,-0.461841,-0.056387,0.036517,-10.000000,6.000000,31.381848
0.564643,-0.474116,-0.058911,0.038851,-10.000000,7.000000,31.429717
0.573849,-0.486391,-0.060860,0.041312,-10.000000,7.000000,31.477869
0.583055,-0.500200,-0.063557,0.044871,-11.000000,8.000000,31.525847
0.590727,-0.512475,-0.065881,0.047653,-11.000000,8.000000,31.573849
0.598399,-0.526284,-0.067603,0.050957,-12.000000,9.000000,31.621857
0.604536,-0.540093,-0.068929,0.055250,-12.000000,9.000000,31.670235
0.610673,-0.553902,-0.070337,0.058161,-12.000000,10.000000,31.717957
0.615277,-0.567711,-0.071852,0.062078,-12.000000,11.000000,31.765834
0.619880,-0.579986,-0.073394,0.066673,-13.000000,11.000000,31.813933
0.624483,-0.592261,-0.074418,0.069604,-13.000000,12.000000,31.861889
0.627551,-0.604536,-0.075475,0.073651,-13.000000,13.000000,31.909860
0.632154,-0.618345,-0.077085,0.077447,-13.000000,13.000000,31.957942
0.635223,-0.629086,-0.078174,0.081317,-13.000000,14.000000,32.005849
0.638292,-0.639826,-0.078769,0.085351,-13.000000,15.000000,32.053904
0.641361,-0.652101,-0.080392,0.090171,-14.000000,15.000000,32.102112
0.645964,-0.662842,-0.082091,0.093489,-14.000000,16.000000,32.149816
0.649032,-0.673582,-0.082714,0.098036,-14.000000,17.000000,32.197940
0.652101,-0.682788,-0.083871,0.101001,-14.000000,17.000000,32.245975
0.655170,-0.693529,-0.085043,0.104826,-15.000000,18.000000,32.293841
0.656704,-0.699666,-0.085634,0.106699,-15.000000,18.000000,32.341971
0.661307,-0.705803,-0.087428,0.108686,-15.000000,19.000000,32.389927
0.661307,-0.707338,-0.086949,0.107214,-15.000000,18.000000,32.437819
0.661307,-0.707338,-0.086541,0.106173,-15.000000,18.000000,32.485803
0.661307,-0.705803,-0.086541,0.105462,-15.000000,18.000000,32.533761
0.661307,-0.707338,-0.086541,0.106173,-15.000000,18.000000,32.582501
0.661307,-0.707338,-0.086541,0.106173,-15.000000,18.000000,32.629819
0.661307,-0.707338,-0.086541,0.106173,-15.000000,18.000000,32.677746
0.661307,-0.705803,-0.086541,0.105462,-15.000000,18.000000,32.725832
0.661307,-0.705803,-0.086541,0.105462,-15.000000,18.000000,32.773879
0.661307,-0.707338,-0.086541,0.106173,-15.000000,18.000000,32.821809
0.661307,-0.707338,-0.086541,0.106173,-15.000000,18.000000,32.869864
0.661307,-0.707338,-0.086541,0.106173,-15.000000,18.000000,32.917904
0.661307,-0.707338,-0.086541,0.106173,-15.000000,18.000000,32.965969
0.661307,-0.707338,-0.086541,0.106173,-15.000000,18.000000,33.013847
0.661307,-0.705803,-0.086541,0.105462,-15.000000,18.000000,33.061877
0.661307,-0.707338,-0.086541,0.106173,-15.000000,18.000000,33.109881
0.661307,-0.705803,-0.086541,0.105462,-15.000000,18.000000,33.157863
0.661307,-0.707338,-0.086541,0.106173,-15.000000,18.000000,33.206553
0.661307,-0.707338,-0.086541,0.106173,-15.000000,18.000000,33.253840
0.661307,-0.705803,-0.086541,0.105462,-15.000000,18.000000,33.301762
0.661307,-0.707338,-0.086541,0.106173,-15.000000,18.000000,33.349893
0.661307,-0.707338,-0.086541,0.106173,-15.000000,18.000000,33.397744
0.661307,-0.707338,-0.086541,0.106173,-15.000000,18.000000,33.445908
0.661307,-0.707338,-0.086541,0.106173,-15.000000,18.000000,33.493843
0.661307,-0.707338,-0.086541,0.106173,-15.000000,18.000000,33.541779
0.661307,-0.707338,-0.086541,0.106173,-15.000000,18.000000,33.589828
0.661307,-0.705803,-0.086541,0.105462,-15.000000,18.000000,33.637815
0.661307,-0.705803,-0.086541,0.105462,-15.000000,18.000000,33.685807
0.661307,-0.707338,-0.086541,0.106173,-15.000000,18.000000,33.733788
0.661307,-0.707338,-0.086541,0.106173,-15.000000,18.000000,33.781732
0.661307,-0.707338,-0.086541,0.106173,-15.000000,18.000000,33.829859
0.661307,-0.707338,-0.086541,0.106173,-15.000000,18.000000,33.877889
0.661307,-0.705803,-0.086541,0.105462,-15.000000,18.000000,33.925957
0.661307,-0.707338,-0.086541,0.106173,-15.000000,18.000000,33.973821
0.661307,-0.707338,-0.086541,0.106173,-15.000000,18.000000,34.021873
0.661307,-0.705803,-0.086541,0.105462,-15.000000,18.000000,34.069847
0.659773,-0.707338,-0.085944,0.106173,-15.000000,18.000000,34.117833
0.661307,-0.707338,-0.086541,0.106173,-15.000000,18.000000,34.165885
0.661307,-0.707338,-0.086541,0.106173,-15.000000,18.000000,34.213898
0.661307,-0.707338,-0.086541,0.106173,-15.000000,18.000000,34.261880
0.661307,-0.707338,-0.086541,0.106173,-15.000000,18.000000,34.309738
0.661307,-0.707338,-0.086541,0.106173,-15.000000,18.000000,34.357668
0.661307,-0.707338,-0.086541,0.106173,-15.000000,18.000000,34.405840
0.661307,-0.707338,-0.086541,0.106173,-15.000000,18.000000,34.453775
0.661307,-0.707338,-0.086541,0.106173,-15.000000,18.000000,34.501784
0.661307,-0.707338,-0.086541,0.106173,-15.000000,18.000000,34.550032
0.661307,-0.705803,-0.086541,0.105462,-15.000000,18.000000,34.597816
0.661307,-0.705803,-0.086541,0.105462,-15.000000,18.000000,34.645854
0.658238,-0.702735,-0.085018,0.103663,-15.000000,18.000000,34.693790
0.652101,-0.693529,-0.082108,0.098804,-14.000000,17.000000,34.741927
0.641361,-0.678185,-0.078306,0.093721,-13.000000,16.000000,34.789858
0.624483,-0.656704,-0.073833,0.088556,-13.000000,15.000000,34.837748
0.604536,-0.627551,-0.069179,0.081498,-12.000000,14.000000,34.886423
0.581521,-0.592261,-0.063196,0.073641,-11.000000,13.000000,34.933872
0.560040,-0.555437,-0.057053,0.065502,-10.000000,11.000000,34.982150
0.538559,-0.515543,-0.050948,0.055704,-9.000000,10.000000,35.029790
0.520146,-0.478719,-0.046135,0.045729,-8.000000,8.000000,35.077681
0.501734,-0.440360,-0.041425,0.037021,-7.000000,6.000000,35.125893
0.484856,-0.406604,-0.038037,0.030061,-7.000000,5.000000,35.173807
0.466444,-0.377451,-0.034614,0.024232,-6.000000,4.000000,35.221684
0.444963,-0.352902,-0.031465,0.020065,-5.000000,3.000000,35.269791
0.420413,-0.332955,-0.028455,0.017134,-5.000000,3.000000,35.317709
0.394329,-0.316077,-0.025278,0.015121,-4.000000,3.000000,35.365872
0.366711,-0.302268,-0.021957,0.013660,-4.000000,2.000000,35.413793
0.339093,-0.291528,-0.018760,0.012653,-3.000000,2.000000,35.461724
0.309940,-0.283856,-0.015998,0.012037,-3.000000,2.000000,35.509700
0.283856,-0.280787,-0.013470,0.011847,-2.000000,2.000000,35.557670
0.257772,-0.277718,-0.011271,0.011709,-2.000000,2.000000,35.605827
0.233222,-0.279253,-0.009457,0.011954,-2.000000,2.000000,35.653733
0.211741,-0.277718,-0.007969,0.011843,-1.000000,2.000000,35.701818
0.190260,-0.277718,-0.006730,0.011843,-1.000000,2.000000,35.749690
0.168779,-0.277718,-0.005623,0.011843,-1.000000,2.000000,35.797802
0.150367,-0.276184,-0.004788,0.011659,-1.000000,2.000000,35.845683
0.131955,-0.271581,-0.003991,0.011227,-1.000000,2.000000,35.893724
0.113542,-0.265443,-0.003261,0.010771,-1.000000,2.000000,35.941742
0.096664,-0.259306,-0.002639,0.010327,0.000000,2.000000,35.989749
0.079786,-0.248566,-0.002054,0.009643,0.000000,2.000000,36.037774
0.070580,-0.234756,-0.001828,0.008839,0.000000,2.000000,36.085753
0.070580,-0.219413,-0.002008,0.008055,0.000000,1.000000,36.133705
0.069046,-0.201001,-0.002029,0.007141,0.000000,1.000000,36.181789
0.069046,-0.181054,-0.002029,0.006172,0.000000,1.000000,36.229741
0.069046,-0.161107,-0.002029,0.005236,0.000000,1.000000,36.277823
0.070580,-0.142695,-0.002077,0.004435,0.000000,1.000000,36.325894
0.070580,-0.122748,-0.002077,0.003624,0.000000,1.000000,36.373765
0.072115,-0.104336,-0.002163,0.002920,0.000000,1.000000,36.421877
0.072115,-0.087458,-0.002125,0.002311,0.000000,0.000000,36.469668
0.072115,-0.072115,-0.002125,0.001794,0.000000,0.000000,36.517844
0.072115,-0.064443,-0.002125,0.001656,0.000000,0.000000,36.565768
0.073649,-0.064443,-0.002173,0.001852,0.000000,0.000000,36.613782
0.073649,-0.062909,-0.002173,0.001840,0.000000,0.000000,36.661594
0.073649,-0.062909,-0.002173,0.001840,0.000000,0.000000,36.709660
0.073649,-0.062909,-0.002173,0.001840,0.000000,0.000000,36.758384
0.073649,-0.064443,-0.002173,0.001887,0.000000,0.000000,36.805664
0.073649,-0.064443,-0.002173,0.001887,0.000000,0.000000,36.853603
0.073649,-0.064443,-0.002173,0.001887,0.000000,0.000000,36.901778
0.073649,-0.064443,-0.002173,0.001887,0.000000,0.000000,36.949661
0.073649,-0.064443,-0.002173,0.001887,0.000000,0.000000,36.997902
0.075183,-0.064443,-0.002221,0.001887,0.000000,0.000000,37.045707
0.073649,-0.064443,-0.002173,0.001887,0.000000,0.000000,37.093762
0.075183,-0.064443,-0.002221,0.001887,0.000000,0.000000,37.141677
0.075183,-0.064443,-0.002221,0.001887,0.000000,0.000000,37.189718
0.075183,-0.064443,-0.002221,0.001887,0.000000,0.000000,37.237805
0.075183,-0.064443,-0.002221,0.001887,0.000000,0.000000,37.285748
0.075183,-0.064443,-0.002221,0.001887,0.000000,0.000000,37.333782
0.076718,-0.064443,-0.002270,0.001887,0.000000,0.000000,37.381800
0.076718,-0.064443,-0.002270,0.001887,0.000000,0.000000,37.429660
0.076718,-0.064443,-0.002270,0.001887,0.000000,0.000000,37.477832
0.075183,-0.064443,-0.002221,0.001887,0.000000,0.000000,37.525764
0.076718,-0.064443,-0.002270,0.001887,0.000000,0.000000,37.573661
0.075183,-0.064443,-0.002221,0.001887,0.000000,0.000000,37.621619
0.076718,-0.064443,-0.002270,0.001887,0.000000,0.000000,37.669802
0.076718,-0.064443,-0.002270,0.001887,0.000000,0.000000,37.717714
0.076718,-0.064443,-0.002270,0.001887,0.000000,0.000000,37.765580
0.075183,-0.064443,-0.002221,0.001887,0.000000,0.000000,37.813781
0.076718,-0.064443,-0.002270,0.001887,0.000000,0.000000,37.861696
0.076718,-0.064443,-0.002270,0.001887,0.000000,0.000000,37.909617
0.076718,-0.064443,-0.002270,0.001887,0.000000,0.000000,37.957633
0.076718,-0.064443,-0.002270,0.001887,0.000000,0.000000,38.005723
0.076718,-0.064443,-0.002270,0.001887,0.000000,0.000000,38.053759
0.075183,-0.064443,-0.002221,0.001887,0.000000,0.000000,38.101645
0.076718,-0.064443,-0.002270,0.001887,0.000000,0.000000,38.149714
0.076718,-0.064443,-0.002270,0.001887,0.000000,0.000000,38.197656
0.075183,-0.064443,-0.002221,0.001887,0.000000,0.000000,38.245687
0.075183,-0.064443,-0.002221,0.001887,0.000000,0.000000,38.293822
0.076718,-0.064443,-0.002270,0.001887,0.000000,0.000000,38.341673
0.076718,-0.064443,-0.002270,0.001887,0.000000,0.000000,38.389711
0.076718,-0.064443,-0.002270,0.001887,0.000000,0.000000,38.437647
0.076718,-0.064443,-0.002270,0.001887,0.000000,0.000000,38.485719
0.076718,-0.064443,-0.002270,0.001887,0.000000,0.000000,38.533700
0.076718,-0.064443,-0.002270,0.001887,0.000000,0.000000,38.581736
0.076718,-0.064443,-0.002270,0.001887,0.000000,0.000000,38.629540
0.076718,-0.064443,-0.002270,0.001887,0.000000,0.000000,38.677619
0.078252,-0.065977,-0.002318,0.001934,0.000000,0.000000,38.725704
0.078252,-0.067512,-0.002318,0.001982,0.000000,0.000000,38.773855
0.079786,-0.070580,-0.002367,0.002115,0.000000,0.000000,38.821798
0.082855,-0.073649,-0.002505,0.002253,0.000000,0.000000,38.869533
0.090527,-0.081321,-0.002951,0.002700,-1.000000,0.000000,38.917691
0.102802,-0.093596,-0.003734,0.003396,-1.000000,1.000000,38.965727
0.119680,-0.110474,-0.004689,0.004313,-1.000000,1.000000,39.013761
0.139626,-0.130420,-0.005816,0.005533,-1.000000,1.000000,39.061709
0.158039,-0.150367,-0.006868,0.006645,-1.000000,1.000000,39.109532
0.173382,-0.170313,-0.007332,0.007696,-1.000000,1.000000,39.157710
0.187191,-0.191794,-0.007746,0.008726,-1.000000,1.000000,39.205707
0.199466,-0.210207,-0.008112,0.009863,-1.000000,2.000000,39.253672
0.211741,-0.230153,-0.008810,0.011466,-2.000000,2.000000,39.301648
0.224016,-0.251634,-0.009549,0.013396,-2.000000,2.000000,39.349589
0.237825,-0.277718,-0.010621,0.016800,-2.000000,3.000000,39.397620
0.251634,-0.305337,-0.011578,0.020658,-2.000000,4.000000,39.445700
0.263909,-0.331421,-0.012482,0.023851,-2.000000,4.000000,39.493573
0.277718,-0.355970,-0.013564,0.025950,-2.000000,4.000000,39.541631
0.289993,-0.380520,-0.014587,0.029549,-2.000000,5.000000,39.589671
0.303802,-0.403535,-0.015810,0.033295,-3.000000,6.000000,39.637637
0.316077,-0.428085,-0.016966,0.037723,-3.000000,6.000000,39.685631
0.329886,-0.451100,-0.018349,0.040558,-3.000000,7.000000,39.733623
0.342161,-0.471047,-0.019655,0.043024,-3.000000,7.000000,39.781555
0.355970,-0.489459,-0.021216,0.045402,-4.000000,8.000000,39.829564
0.369780,-0.503269,-0.023264,0.047744,-4.000000,8.000000,39.877629
0.383589,-0.518612,-0.025061,0.049826,-4.000000,9.000000,39.925756
0.400467,-0.530887,-0.027887,0.052102,-5.000000,9.000000,39.973726
0.418879,-0.543162,-0.031252,0.055262,-5.000000,9.000000,40.021637
0.435757,-0.555437,-0.034089,0.057799,-6.000000,10.000000,40.069647
0.451100,-0.567711,-0.036855,0.061254,-6.000000,10.000000,40.117638
0.466444,-0.579986,-0.039144,0.064885,-7.000000,11.000000,40.165517
0.481788,-0.590727,-0.041587,0.068212,-7.000000,12.000000,40.213624
0.495597,-0.601467,-0.044528,0.070812,-8.000000,12.000000,40.262062
0.507872,-0.612208,-0.046593,0.074400,-8.000000,13.000000,40.309640
0.521681,-0.622948,-0.049835,0.078142,-9.000000,13.000000,40.357534
0.535490,-0.632154,-0.053268,0.080572,-9.000000,14.000000,40.405565
0.549299,-0.641361,-0.056903,0.083998,-10.000000,14.000000,40.453776
0.560040,-0.649032,-0.059875,0.086060,-10.000000,15.000000,40.501606
0.573849,-0.656704,-0.063047,0.088238,-11.000000,15.000000,40.549491
0.584589,-0.661307,-0.066293,0.089302,-11.000000,15.000000,40.597671
0.596864,-0.667445,-0.069321,0.091785,-12.000000,16.000000,40.645760
0.606070,-0.673582,-0.072331,0.094327,-12.000000,16.000000,40.693592
0.615277,-0.679719,-0.074602,0.096184,-13.000000,16.000000,40.741609
0.626017,-0.684323,-0.078356,0.098164,-13.000000,17.000000,40.789622
0.633689,-0.688926,-0.080296,0.100179,-14.000000,17.000000,40.837672
0.641361,-0.695063,-0.082344,0.103705,-14.000000,18.000000,40.885674
0.647498,-0.704269,-0.083259,0.109846,-14.000000,19.000000,40.933525
0.650567,-0.715010,-0.083821,0.116185,-14.000000,20.000000,40.981630
0.653635,-0.721147,-0.083989,0.117106,-14.000000,20.000000,41.029569
0.652101,-0.721147,-0.083013,0.113260,-14.000000,19.000000,41.077632
0.652101,-0.719613,-0.083013,0.112010,-14.000000,19.000000,41.125694
0.652101,-0.721147,-0.083013,0.112758,-14.000000,19.000000,41.173632
0.652101,-0.721147,-0.083013,0.112758,-14.000000,19.000000,41.221676
0.652101,-0.721147,-0.083013,0.112758,-14.000000,19.000000,41.269624
0.652101,-0.719613,-0.083013,0.112010,-14.000000,19.000000,41.317695
0.652101,-0.719613,-0.083013,0.112010,-14.000000,19.000000,41.365719
0.652101,-0.721147,-0.083013,0.112758,-14.000000,19.000000,41.413701
0.652101,-0.721147,-0.083013,0.112758,-14.000000,19.000000,41.461508
0.652101,-0.719613,-0.083013,0.112010,-14.000000,19.000000,41.509795
0.652101,-0.721147,-0.083013,0.112758,-14.000000,19.000000,41.557693
0.652101,-0.719613,-0.083013,0.112010,-14.000000,19.000000,41.605573
0.652101,-0.719613,-0.083013,0.112010,-14.000000,19.000000,41.653517
0.652101,-0.721147,-0.083013,0.112758,-14.000000,19.000000,41.701553
0.652101,-0.719613,-0.083013,0.112010,-14.000000,19.000000,41.749521
0.652101,-0.719613,-0.083013,0.112010,-14.000000,19.000000,41.797413
0.652101,-0.721147,-0.083013,0.112758,-14.000000,19.000000,41.845606
0.652101,-0.721147,-0.083013,0.112758,-14.000000,19.000000,41.893647
0.652101,-0.721147,-0.083013,0.112758,-14.000000,19.000000,41.941611
0.652101,-0.721147,-0.083013,0.112758,-14.000000,19.000000,41.989558
0.652101,-0.721147,-0.083013,0.112758,-14.000000,19.000000,42.037608
0.652101,-0.719613,-0.083013,0.112010,-14.000000,19.000000,42.085529
0.652101,-0.719613,-0.083013,0.112010,-14.000000,19.000000,42.133705
0.652101,-0.721147,-0.083013,0.112758,-14.000000,19.000000,42.181646
0.652101,-0.719613,-0.083013,0.112010,-14.000000,19.000000,42.229642
0.652101,-0.721147,-0.083013,0.112758,-14.000000,19.000000,42.277673
0.652101,-0.719613,-0.083013,0.112010,-14.000000,19.000000,42.325560
0.652101,-0.719613,-0.083013,0.112010,-14.000000,19.000000,42.373613
0.652101,-0.721147,-0.083013,0.112758,-14.000000,19.000000,42.421821
0.652101,-0.721147,-0.083013,0.112758,-14.000000,19.000000,42.469531
0.652101,-0.719613,-0.083013,0.112010,-14.000000,19.000000,42.517570
0.652101,-0.719613,-0.083013,0.112010,-14.000000,19.000000,42.565499
0.652101,-0.719613,-0.083013,0.112010,-14.000000,19.000000,42.613548
0.652101,-0.721147,-0.083013,0.112758,-14.000000,19.000000,42.661560
0.652101,-0.719613,-0.083013,0.112010,-14.000000,19.000000,42.709581
0.652101,-0.721147,-0.083013,0.112758,-14.000000,19.000000,42.757528
0.652101,-0.721147,-0.083013,0.112758,-14.000000,19.000000,42.805604
0.652101,-0.719613,-0.083013,0.112010,-14.000000,19.000000,42.853703
0.652101,-0.719613,-0.083013,0.112010,-14.000000,19.000000,42.903706
0.652101,-0.719613,-0.083013,0.112010,-14.000000,19.000000,42.949651
0.652101,-0.719613,-0.083013,0.112010,-14.000000,19.000000,42.997616
0.652101,-0.719613,-0.083013,0.112010,-14.000000,19.000000,43.045654
0.652101,-0.719613,-0.083013,0.112010,-14.000000,19.000000,43.093756
0.652101,-0.719613,-0.083013,0.112010,-14.000000,19.000000,43.142121
0.652101,-0.721147,-0.083013,0.112758,-14.000000,19.000000,43.189704
0.652101,-0.721147,-0.083013,0.112758,-14.000000,19.000000,43.237565
0.652101,-0.719613,-0.083013,0.112010,-14.000000,19.000000,43.285508
0.652101,-0.719613,-0.083013,0.112010,-14.000000,19.000000,43.333561
0.652101,-0.719613,-0.083013,0.112010,-14.000000,19.000000,43.381613
0.652101,-0.719613,-0.083013,0.112010,-14.000000,19.000000,43.431983
0.652101,-0.719613,-0.083013,0.112010,-14.000000,19.000000,43.477499
0.652101,-0.719613,-0.083013,0.112010,-14.000000,19.000000,43.525522
0.652101,-0.719613,-0.083013,0.112010,-14.000000,19.000000,43.573590
0.652101,-0.719613,-0.083013,0.112010,-14.000000,19.000000,43.621529
0.652101,-0.716544,-0.083013,0.110117,-14.000000,19.000000,43.669434
0.647498,-0.708872,-0.080720,0.105712,-14.000000,18.000000,43.717643
0.639826,-0.693529,-0.077576,0.099894,-13.000000,17.000000,43.768693
0.626017,-0.670513,-0.073363,0.094195,-13.000000,16.000000,43.813656
0.609139,-0.639826,-0.069168,0.087122,-12.000000,15.000000,43.862741
0.590727,-0.606070,-0.063870,0.079518,-11.000000,14.000000,43.909464
0.572315,-0.569246,-0.058527,0.070919,-10.000000,12.000000,43.957493
0.556971,-0.529353,-0.053673,0.059559,-9.000000,10.000000,44.005431
0.543162,-0.489459,-0.049917,0.048255,-9.000000,8.000000,44.053498
0.529353,-0.454169,-0.046424,0.039762,-8.000000,7.000000,44.101499
0.517078,-0.420413,-0.043683,0.031899,-7.000000,5.000000,44.149533
0.501734,-0.391261,-0.040650,0.026147,-7.000000,4.000000,44.197482
0.486391,-0.366711,-0.037825,0.021445,-6.000000,4.000000,44.245630
0.466444,-0.348299,-0.034884,0.018548,-6.000000,3.000000,44.293653
0.443429,-0.331421,-0.031808,0.016324,-5.000000,3.000000,44.341427
0.418879,-0.320680,-0.028223,0.015170,-5.000000,3.000000,44.389447
0.391261,-0.311474,-0.024857,0.014236,-4.000000,2.000000,44.437511
0.365177,-0.303802,-0.021508,0.013581,-4.000000,2.000000,44.485598
0.340627,-0.297665,-0.018701,0.013101,-3.000000,2.000000,44.533552
0.316077,-0.291528,-0.016009,0.012625,-3.000000,2.000000,44.581486
0.291528,-0.283856,-0.013650,0.012048,-2.000000,2.000000,44.629572
0.270047,-0.274650,-0.011699,0.011371,-2.000000,2.000000,44.677810
0.250100,-0.265443,-0.010193,0.010734,-2.000000,2.000000,44.725872
0.231688,-0.253169,-0.008938,0.009977,-2.000000,2.000000,44.773410
0.214810,-0.239359,-0.007891,0.009183,-1.000000,2.000000,44.821492
0.197932,-0.222482,-0.006940,0.008229,-1.000000,1.000000,44.869506
0.184123,-0.205604,-0.006196,0.007342,-1.000000,1.000000,44.917438
0.171848,-0.187191,-0.005609,0.006435,-1.000000,1.000000,44.965517
0.159573,-0.167245,-0.005064,0.005516,-1.000000,1.000000,45.013510
0.148832,-0.147298,-0.004617,0.004630,-1.000000,1.000000,45.061666
0.138092,-0.128886,-0.004190,0.003867,-1.000000,1.000000,45.109540
0.128886,-0.108939,-0.003846,0.003092,-1.000000,1.000000,45.157535
0.119680,-0.090527,-0.003520,0.002415,-1.000000,0.000000,45.205557
0.113542,-0.072115,-0.003318,0.001767,-1.000000,0.000000,45.253505
0.108939,-0.061374,-0.003203,0.001495,-1.000000,0.000000,45.301512
0.107405,-0.059840,-0.003209,0.001647,-1.000000,0.000000,45.349521
0.105871,-0.059840,-0.003230,0.001747,-1.000000,0.000000,45.397413
0.105871,-0.059840,-0.003230,0.001747,-1.000000,0.000000,45.445457
0.107405,-0.059840,-0.003283,0.001747,-1.000000,0.000000,45.493550
0.107405,-0.059840,-0.003283,0.001747,-1.000000,0.000000,45.541486
0.107405,-0.059840,-0.003283,0.001747,-1.000000,0.000000,45.589414
0.105871,-0.059840,-0.003230,0.001747,-1.000000,0.000000,45.637421
0.107405,-0.059840,-0.003283,0.001747,-1.000000,0.000000,45.685477
0.107405,-0.059840,-0.003283,0.001747,-1.000000,0.000000,45.733591
0.107405,-0.059840,-0.003283,0.001747,-1.000000,0.000000,45.781482
0.105871,-0.059840,-0.003230,0.001747,-1.000000,0.000000,45.829467
0.105871,-0.059840,-0.003230,0.001747,-1.000000,0.000000,45.877577
0.107405,-0.061374,-0.003283,0.001793,-1.000000,0.000000,45.925528
0.107405,-0.061374,-0.003283,0.001793,-1.000000,0.000000,45.973621
0.105871,-0.061374,-0.003230,0.001793,-1.000000,0.000000,46.021730
0.107405,-0.061374,-0.003283,0.001793,-1.000000,0.000000,46.069453
0.107405,-0.061374,-0.003283,0.001793,-1.000000,0.000000,46.117448
0.105871,-0.062909,-0.003230,0.001840,-1.000000,0.000000,46.168644
0.107405,-0.062909,-0.003283,0.001840,-1.000000,0.000000,46.213451
0.107405,-0.064443,-0.003283,0.001887,-1.000000,0.000000,46.261454
0.107405,-0.064443,-0.003283,0.001887,-1.000000,0.000000,46.309377
0.107405,-0.064443,-0.003283,0.001887,-1.000000,0.000000,46.357425
0.107405,-0.064443,-0.003283,0.001887,-1.000000,0.000000,46.405454
0.107405,-0.064443,-0.003283,0.001887,-1.000000,0.000000,46.453457
0.107405,-0.064443,-0.003283,0.001887,-1.000000,0.000000,46.501554
0.107405,-0.064443,-0.003283,0.001887,-1.000000,0.000000,46.549356
0.105871,-0.064443,-0.003230,0.001887,-1.000000,0.000000,46.597400
0.105871,-0.064443,-0.003230,0.001887,-1.000000,0.000000,46.645452
0.107405,-0.064443,-0.003283,0.001887,-1.000000,0.000000,46.693462
0.107405,-0.064443,-0.003283,0.001887,-1.000000,0.000000,46.741395
0.107405,-0.064443,-0.003283,0.001887,-1.000000,0.000000,46.789357
0.107405,-0.064443,-0.003283,0.001887,-1.000000,0.000000,46.837324
0.107405,-0.064443,-0.003283,0.001887,-1.000000,0.000000,46.885432
0.107405,-0.064443,-0.003283,0.001887,-1.000000,0.000000,46.933324
0.107405,-0.064443,-0.003283,0.001887,-1.000000,0.000000,46.981510
0.107405,-0.065977,-0.003283,0.001934,-1.000000,0.000000,47.029423
0.107405,-0.065977,-0.003283,0.001934,-1.000000,0.000000,47.077531
0.107405,-0.065977,-0.003283,0.001934,-1.000000,0.000000,47.125548
0.105871,-0.064443,-0.003230,0.001887,-1.000000,0.000000,47.173452
0.107405,-0.064443,-0.003283,0.001887,-1.000000,0.000000,47.221576
0.107405,-0.065977,-0.003283,0.001934,-1.000000,0.000000,47.269608
0.105871,-0.065977,-0.003230,0.001934,-1.000000,0.000000,47.317449
0.107405,-0.065977,-0.003283,0.001934,-1.000000,0.000000,47.365555
0.107405,-0.065977,-0.003283,0.001934,-1.000000,0.000000,47.413424
0.105871,-0.065977,-0.003230,0.001934,-1.000000,0.000000,47.461386
0.107405,-0.065977,-0.003283,0.001934,-1.000000,0.000000,47.509303
0.105871,-0.065977,-0.003230,0.001934,-1.000000,0.000000,47.557664
0.107405,-0.065977,-0.003283,0.001934,-1.000000,0.000000,47.605399
0.107405,-0.065977,-0.003283,0.001934,-1.000000,0.000000,47.653435
0.108939,-0.065977,-0.003336,0.001934,-1.000000,0.000000,47.701379
0.108939,-0.067512,-0.003336,0.002020,-1.000000,0.000000,47.749350
0.110474,-0.070580,-0.003433,0.002115,-1.000000,0.000000,47.797339
0.116611,-0.072115,-0.003809,0.002204,-1.000000,0.000000,47.845381
0.130420,-0.081321,-0.004719,0.002644,-1.000000,0.000000,47.893430
0.147298,-0.092061,-0.005898,0.003264,-1.000000,1.000000,47.942180
0.167245,-0.105871,-0.007348,0.003849,-1.000000,1.000000,47.989367
0.188726,-0.119680,-0.008750,0.004478,-1.000000,1.000000,48.037423
0.208672,-0.130420,-0.009994,0.004918,-2.000000,1.000000,48.085302
0.227085,-0.144229,-0.011247,0.005512,-2.000000,1.000000,48.133544
0.247031,-0.156504,-0.012447,0.006068,-2.000000,1.000000,48.181395
0.266978,-0.171848,-0.014355,0.006806,-2.000000,1.000000,48.229410
0.288459,-0.190260,-0.016651,0.008253,-3.000000,1.000000,48.277349
0.309940,-0.208672,-0.018822,0.009547,-3.000000,2.000000,48.325697
0.329886,-0.230153,-0.020588,0.011738,-4.000000,2.000000,48.373396
0.348299,-0.253169,-0.021869,0.013844,-4.000000,2.000000,48.421364
0.362108,-0.277718,-0.022313,0.016396,-4.000000,3.000000,48.469347
0.372848,-0.302268,-0.022899,0.019329,-4.000000,3.000000,48.517371
0.385123,-0.326818,-0.024469,0.022158,-4.000000,4.000000,48.565542
0.397398,-0.348299,-0.026130,0.024334,-4.000000,4.000000,48.613402
0.411207,-0.369780,-0.028112,0.026124,-5.000000,4.000000,48.661429
0.423482,-0.389726,-0.029980,0.029029,-5.000000,5.000000,48.709471
0.437291,-0.411207,-0.032693,0.031801,-6.000000,5.000000,48.757358
0.451100,-0.429620,-0.035090,0.034277,-6.000000,6.000000,48.805262
0.464910,-0.444963,-0.038220,0.035726,-7.000000,6.000000,48.853370
0.480253,-0.457238,-0.041271,0.036203,-7.000000,6.000000,48.901420
0.494062,-0.469513,-0.044193,0.037961,-8.000000,7.000000,48.949320
0.507872,-0.480253,-0.046593,0.039523,-8.000000,7.000000,48.997360
0.521681,-0.490994,-0.049835,0.041702,-9.000000,7.000000,49.045492
0.535490,-0.503269,-0.053268,0.044913,-9.000000,8.000000,49.093482
0.547765,-0.515543,-0.056489,0.047698,-10.000000,8.000000,49.141408
0.560040,-0.527818,-0.059074,0.050630,-10.000000,9.000000,49.189740
0.572315,-0.540093,-0.062594,0.054457,-11.000000,9.000000,49.237499
0.583055,-0.552368,-0.065821,0.056961,-11.000000,10.000000,49.285436
0.593796,-0.564643,-0.068342,0.060374,-12.000000,10.000000,49.333372
0.603002,-0.575383,-0.070503,0.063502,-12.000000,11.000000,49.381365
0.612208,-0.586124,-0.072783,0.065945,-12.000000,11.000000,49.429380
0.619880,-0.596864,-0.074662,0.069321,-13.000000,12.000000,49.477326
0.626017,-0.607605,-0.076110,0.072844,-13.000000,12.000000,49.525407
0.632154,-0.618345,-0.078276,0.076519,-13.000000,13.000000,49.573508
0.638292,-0.629086,-0.079852,0.079457,-14.000000,14.000000,49.621443
0.642895,-0.638292,-0.081540,0.082842,-14.000000,14.000000,49.669387
0.645964,-0.647498,-0.082091,0.085468,-14.000000,15.000000,49.717276
0.649032,-0.655170,-0.083241,0.088464,-14.000000,15.000000,49.765361
0.653635,-0.662842,-0.084455,0.090695,-14.000000,16.000000,49.813441
0.655170,-0.672048,-0.085043,0.095371,-15.000000,16.000000,49.861376
0.659773,-0.679719,-0.087374,0.097754,-15.000000,17.000000,49.909404
0.664376,-0.687391,-0.089830,0.101116,-15.000000,17.000000,49.957328
0.670513,-0.693529,-0.093049,0.103010,-16.000000,18.000000,50.005279
0.675116,-0.696597,-0.093583,0.102908,-16.000000,18.000000,50.053301
0.675116,-0.698132,-0.092502,0.102432,-16.000000,18.000000,50.101311
0.675116,-0.698132,-0.092074,0.101968,-16.000000,17.000000,50.149295
0.675116,-0.698132,-0.092074,0.101968,-16.000000,17.000000,50.197324
0.675116,-0.698132,-0.092074,0.101968,-16.000000,17.000000,50.245284
0.675116,-0.698132,-0.092074,0.101968,-16.000000,17.000000,50.293552
0.675116,-0.698132,-0.092074,0.101968,-16.000000,17.000000,50.341338
0.675116,-0.698132,-0.092074,0.101968,-16.000000,17.000000,50.389339
0.675116,-0.698132,-0.092074,0.101968,-16.000000,17.000000,50.437408
0.675116,-0.698132,-0.092074,0.101968,-16.000000,17.000000,50.485454
0.675116,-0.698132,-0.092074,0.101968,-16.000000,17.000000,50.533373
0.675116,-0.698132,-0.092074,0.101968,-16.000000,17.000000,50.581654
0.675116,-0.698132,-0.092074,0.101968,-16.000000,17.000000,50.629417
0.675116,-0.698132,-0.092074,0.101968,-16.000000,17.000000,50.677412
0.675116,-0.698132,-0.092074,0.101968,-16.000000,17.000000,50.725411
0.675116,-0.698132,-0.092074,0.101968,-16.000000,17.000000,50.773348
0.675116,-0.698132,-0.092074,0.101968,-16.000000,17.000000,50.821449
0.676651,-0.698132,-0.092707,0.101968,-16.000000,17.000000,50.869386
0.675116,-0.696597,-0.092074,0.101282,-16.000000,17.000000,50.917498
0.675116,-0.698132,-0.092074,0.101968,-16.000000,17.000000,50.965218
0.675116,-0.698132,-0.092074,0.101968,-16.000000,17.000000,51.013406
0.675116,-0.698132,-0.092074,0.101968,-16.000000,17.000000,51.061266
0.675116,-0.698132,-0.092074,0.101968,-16.000000,17.000000,51.109286
0.675116,-0.698132,-0.092074,0.101968,-16.000000,17.000000,51.157374
0.675116,-0.698132,-0.092074,0.101968,-16.000000,17.000000,51.205377
0.676651,-0.696597,-0.092707,0.101282,-16.000000,17.000000,51.253407
0.675116,-0.698132,-0.092074,0.101968,-16.000000,17.000000,51.301310
0.675116,-0.698132,-0.092074,0.101968,-16.000000,17.000000,51.349218
0.675116,-0.698132,-0.092074,0.101968,-16.000000,17.000000,51.397985
0.675116,-0.696597,-0.092074,0.101282,-16.000000,17.000000,51.445518
0.675116,-0.698132,-0.092074,0.101968,-16.000000,17.000000,51.493345
0.675116,-0.698132,-0.092074,0.101968,-16.000000,17.000000,51.541420
0.675116,-0.698132,-0.092074,0.101968,-16.000000,17.000000,51.589849
0.676651,-0.698132,-0.092707,0.101968,-16.000000,17.000000,51.637433
0.675116,-0.698132,-0.092074,0.101968,-16.000000,17.000000,51.685472
0.675116,-0.698132,-0.092074,0.101968,-16.000000,17.000000,51.733458
0.675116,-0.698132,-0.092074,0.101968,-16.000000,17.000000,51.781301
0.676651,-0.698132,-0.092707,0.101968,-16.000000,17.000000,51.829295
0.675116,-0.698132,-0.092074,0.101968,-16.000000,17.000000,51.877287
0.676651,-0.698132,-0.092707,0.101968,-16.000000,17.000000,51.925478
0.675116,-0.698132,-0.092074,0.101968,-16.000000,17.000000,51.973442
0.675116,-0.698132,-0.092074,0.101968,-16.000000,17.000000,52.021457
0.675116,-0.698132,-0.092074,0.101968,-16.000000,17.000000,52.069319
0.675116,-0.698132,-0.092074,0.101968,-16.000000,17.000000,52.120431
0.676651,-0.698132,-0.092707,0.101968,-16.000000,17.000000,52.165303
0.675116,-0.696597,-0.092074,0.101282,-16.000000,17.000000,52.213306
0.675116,-0.698132,-0.092074,0.101968,-16.000000,17.000000,52.261288
0.675116,-0.698132,-0.092074,0.101968,-16.000000,17.000000,52.309291
0.676651,-0.698132,-0.092707,0.101968,-16.000000,17.000000,52.357888
0.675116,-0.698132,-0.092074,0.101968,-16.000000,17.000000,52.405229
0.675116,-0.698132,-0.092074,0.101968,-16.000000,17.000000,52.453276
0.675116,-0.696597,-0.092074,0.101282,-16.000000,17.000000,52.501352
0.675116,-0.698132,-0.092074,0.101968,-16.000000,17.000000,52.549337
0.675116,-0.698132,-0.092074,0.101968,-16.000000,17.000000,52.597419
0.675116,-0.698132,-0.092074,0.101968,-16.000000,17.000000,52.645234
0.675116,-0.698132,-0.092074,0.101968,-16.000000,17.000000,52.693355
0.672048,-0.696597,-0.090469,0.101282,-16.000000,17.000000,52.741205
0.664376,-0.693529,-0.086735,0.099542,-15.000000,17.000000,52.789180
0.652101,-0.687391,-0.082426,0.096149,-14.000000,16.000000,52.837354
0.635223,-0.675116,-0.077572,0.091440,-13.000000,16.000000,52.885427
0.613742,-0.659773,-0.072202,0.086292,-12.000000,15.000000,52.933412
0.592261,-0.639826,-0.065874,0.080765,-11.000000,14.000000,52.981772
0.570780,-0.616811,-0.059510,0.074507,-10.000000,13.000000,53.029204
0.553902,-0.590727,-0.053972,0.067307,-9.000000,12.000000,53.077345
0.538559,-0.564643,-0.049074,0.060823,-8.000000,10.000000,53.125322
0.524750,-0.535490,-0.045597,0.053497,-8.000000,9.000000,53.173369
0.510940,-0.507872,-0.042366,0.046719,-7.000000,8.000000,53.221227
0.495597,-0.481788,-0.039411,0.040504,-7.000000,7.000000,53.269361
0.480253,-0.454169,-0.036660,0.035162,-6.000000,6.000000,53.317326
0.461841,-0.428085,-0.033800,0.030310,-6.000000,5.000000,53.365410
0.441894,-0.405070,-0.030700,0.026491,-5.000000,5.000000,53.413300
0.418879,-0.380520,-0.027931,0.022907,-5.000000,4.000000,53.461273
0.394329,-0.359039,-0.024715,0.020100,-4.000000,3.000000,53.509175
0.369780,-0.336024,-0.021577,0.017616,-4.000000,3.000000,53.557190
0.346764,-0.314543,-0.018940,0.015375,-3.000000,3.000000,53.605385
0.325283,-0.294596,-0.016546,0.013507,-3.000000,2.000000,53.653279
0.302268,-0.274650,-0.014283,0.011936,-2.000000,2.000000,53.701329
0.282321,-0.254703,-0.012638,0.010504,-2.000000,2.000000,53.749263
0.262375,-0.236291,-0.011039,0.009221,-2.000000,2.000000,53.797397
0.242428,-0.216344,-0.009609,0.008033,-2.000000,1.000000,53.845332
0.225550,-0.196397,-0.008507,0.006947,-1.000000,1.000000,53.893247
0.208672,-0.177985,-0.007506,0.006023,-1.000000,1.000000,53.941388
0.194863,-0.158039,-0.006749,0.005099,-1.000000,1.000000,53.989178
0.181054,-0.139626,-0.006050,0.004306,-1.000000,1.000000,54.037217
0.170313,-0.121214,-0.005531,0.003554,-1.000000,1.000000,54.085252
0.161107,-0.102802,-0.005129,0.002862,-1.000000,0.000000,54.133268
0.154970,-0.085924,-0.004910,0.002265,-1.000000,0.000000,54.181438
0.151901,-0.078252,-0.004869,0.002075,-1.000000,0.000000,54.229397
0.150367,-0.076718,-0.004890,0.002200,-1.000000,0.000000,54.277333
0.151901,-0.076718,-0.004952,0.002270,-1.000000,0.000000,54.325306
0.150367,-0.076718,-0.004890,0.002270,-1.000000,0.000000,54.373206
0.150367,-0.076718,-0.004890,0.002270,-1.000000,0.000000,54.421271
0.150367,-0.076718,-0.004890,0.002270,-1.000000,0.000000,54.469139
0.150367,-0.076718,-0.004890,0.002270,-1.000000,0.000000,54.517166
0.150367,-0.076718,-0.004890,0.002270,-1.000000,0.000000,54.565835
0.150367,-0.075183,-0.004890,0.002221,-1.000000,0.000000,54.613187
0.150367,-0.075183,-0.004890,0.002221,-1.000000,0.000000,54.661189
0.150367,-0.076718,-0.004890,0.002270,-1.000000,0.000000,54.709285
0.150367,-0.075183,-0.004890,0.002221,-1.000000,0.000000,54.757229
0.151901,-0.075183,-0.004952,0.002221,-1.000000,0.000000,54.805198
0.150367,-0.075183,-0.004890,0.002221,-1.000000,0.000000,54.853103
0.151901,-0.075183,-0.004952,0.002221,-1.000000,0.000000,54.901189
0.150367,-0.075183,-0.004890,0.002221,-1.000000,0.000000,54.949187
0.150367,-0.075183,-0.004890,0.002221,-1.000000,0.000000,54.997209
0.150367,-0.075183,-0.004890,0.002221,-1.000000,0.000000,55.045291
0.151901,-0.075183,-0.004952,0.002221,-1.000000,0.000000,55.093174
0.150367,-0.075183,-0.004890,0.002221,-1.000000,0.000000,55.141556
0.150367,-0.075183,-0.004890,0.002221,-1.000000,0.000000,55.189152
0.150367,-0.075183,-0.004890,0.002221,-1.000000,0.000000,55.237187
0.150367,-0.075183,-0.004890,0.002221,-1.000000,0.000000,55.285178
0.150367,-0.076718,-0.004890,0.002270,-1.000000,0.000000,55.333159
0.151901,-0.076718,-0.004952,0.002270,-1.000000,0.000000,55.381201
0.150367,-0.076718,-0.004890,0.002270,-1.000000,0.000000,55.429172
0.150367,-0.076718,-0.004890,0.002270,-1.000000,0.000000,55.477174
0.150367,-0.076718,-0.004890,0.002270,-1.000000,0.000000,55.525366
0.150367,-0.076718,-0.004890,0.002270,-1.000000,0.000000,55.573230
0.150367,-0.076718,-0.004890,0.002270,-1.000000,0.000000,55.621179
0.150367,-0.076718,-0.004890,0.002270,-1.000000,0.000000,55.669266
0.151901,-0.078252,-0.004952,0.002318,-1.000000,0.000000,55.717211
0.150367,-0.078252,-0.004890,0.002318,-1.000000,0.000000,55.765166
0.151901,-0.078252,-0.004952,0.002318,-1.000000,0.000000,55.813182
0.150367,-0.078252,-0.004890,0.002318,-1.000000,0.000000,55.861236
0.150367,-0.079786,-0.004890,0.002367,-1.000000,0.000000,55.909259
0.150367,-0.079786,-0.004890,0.002367,-1.000000,0.000000,55.957154
0.150367,-0.078252,-0.004890,0.002318,-1.000000,0.000000,56.005263
0.150367,-0.079786,-0.004890,0.002367,-1.000000,0.000000,56.053213
0.150367,-0.079786,-0.004890,0.002367,-1.000000,0.000000,56.101177
0.150367,-0.079786,-0.004890,0.002367,-1.000000,0.000000,56.149114
0.150367,-0.079786,-0.004890,0.002367,-1.000000,0.000000,56.197166
0.151901,-0.079786,-0.004952,0.002367,-1.000000,0.000000,56.245352
0.150367,-0.079786,-0.004890,0.002367,-1.000000,0.000000,56.293338
0.151901,-0.079786,-0.004952,0.002367,-1.000000,0.000000,56.341180
0.150367,-0.079786,-0.004890,0.002367,-1.000000,0.000000,56.389256
0.150367,-0.079786,-0.004890,0.002367,-1.000000,0.000000,56.437179
0.150367,-0.079786,-0.004890,0.002367,-1.000000,0.000000,56.485182
0.151901,-0.079786,-0.004952,0.002367,-1.000000,0.000000,56.533196
0.150367,-0.079786,-0.004890,0.002367,-1.000000,0.000000,56.581167
0.150367,-0.079786,-0.004890,0.002367,-1.000000,0.000000,56.629175
0.150367,-0.079786,-0.004890,0.002367,-1.000000,0.000000,56.677194
0.151901,-0.081321,-0.004952,0.002416,-1.000000,0.000000,56.725197
0.151901,-0.081321,-0.004952,0.002416,-1.000000,0.000000,56.773192
0.153436,-0.082855,-0.005015,0.002465,-1.000000,0.000000,56.821155
0.154970,-0.084390,-0.005129,0.002554,-1.000000,0.000000,56.869005
0.156504,-0.085924,-0.005193,0.002604,-1.000000,0.000000,56.917467
0.158039,-0.087458,-0.005257,0.002654,-1.000000,0.000000,56.965213
0.159573,-0.090527,-0.005322,0.002799,-1.000000,0.000000,57.013146
0.165710,-0.099733,-0.005711,0.003329,-1.000000,1.000000,57.061186
0.176451,-0.112008,-0.006659,0.004082,-1.000000,1.000000,57.109127
0.190260,-0.127351,-0.007758,0.004898,-1.000000,1.000000,57.157216
0.204069,-0.145764,-0.008526,0.006105,-1.000000,1.000000,57.205159
0.217878,-0.165710,-0.009344,0.007446,-2.000000,1.000000,57.253220
0.231688,-0.188726,-0.010215,0.008966,-2.000000,2.000000,57.301226
0.243963,-0.211741,-0.011039,0.010700,-2.000000,2.000000,57.349132
0.257772,-0.234756,-0.012023,0.012680,-2.000000,2.000000,57.397168
0.270047,-0.260840,-0.012954,0.015218,-2.000000,3.000000,57.445090
0.283856,-0.286924,-0.014068,0.018158,-2.000000,3.000000,57.493159
0.294596,-0.314543,-0.014734,0.021743,-3.000000,4.000000,57.541083
0.306871,-0.339093,-0.015826,0.024266,-3.000000,4.000000,57.589060
0.319146,-0.362108,-0.016982,0.026814,-3.000000,5.000000,57.637134
0.329886,-0.385123,-0.018050,0.028949,-3.000000,5.000000,57.685244
0.342161,-0.408139,-0.019339,0.032628,-3.000000,6.000000,57.733109
0.355970,-0.431154,-0.020878,0.036694,-4.000000,6.000000,57.781217
0.369780,-0.451100,-0.022879,0.039738,-4.000000,7.000000,57.829188
0.382054,-0.467978,-0.024449,0.040829,-4.000000,7.000000,57.877107
0.395864,-0.481788,-0.026322,0.041587,-5.000000,7.000000,57.925118
0.412742,-0.494062,-0.029244,0.042917,-5.000000,7.000000,57.973179
0.426551,-0.504803,-0.031424,0.045253,-5.000000,8.000000,58.021221
0.438826,-0.517078,-0.033476,0.047427,-6.000000,8.000000,58.069261
0.454169,-0.529353,-0.035643,0.051007,-6.000000,9.000000,58.117273
0.467978,-0.541627,-0.038814,0.054113,-7.000000,9.000000,58.165176
0.481788,-0.553902,-0.041587,0.057379,-7.000000,10.000000,58.213087
0.497131,-0.566177,-0.044866,0.060812,-8.000000,10.000000,58.261593
0.510940,-0.576918,-0.048003,0.063960,-8.000000,11.000000,58.309215
0.524750,-0.587658,-0.050581,0.066419,-9.000000,11.000000,58.357114
0.537024,-0.598399,-0.053662,0.069815,-9.000000,12.000000,58.405131
0.550834,-0.609139,-0.057319,0.073359,-10.000000,13.000000,58.453386
0.563108,-0.619880,-0.060748,0.076192,-10.000000,13.000000,58.501178
0.575383,-0.629086,-0.063502,0.079457,-11.000000,14.000000,58.549218
0.586124,-0.636757,-0.066768,0.081421,-11.000000,14.000000,58.597221
0.596864,-0.644429,-0.069321,0.084295,-12.000000,14.000000,58.645057
0.606070,-0.650567,-0.071509,0.085094,-12.000000,15.000000,58.693216
0.613742,-0.656704,-0.073299,0.087477,-13.000000,15.000000,58.741091
0.619880,-0.662842,-0.074662,0.089917,-13.000000,15.000000,58.789254
0.626017,-0.670513,-0.076110,0.093049,-13.000000,16.000000,58.837258
0.632154,-0.676651,-0.077647,0.095621,-13.000000,16.000000,58.885169
0.635223,-0.682788,-0.078743,0.098253,-13.000000,17.000000,58.933220
0.641361,-0.688926,-0.080974,0.100948,-14.000000,17.000000,58.981151
0.645964,-0.695063,-0.082091,0.103705,-14.000000,18.000000,59.029100
0.650567,-0.701200,-0.083821,0.106527,-14.000000,18.000000,59.077301
0.653635,-0.705803,-0.084992,0.107871,-15.000000,18.000000,59.125136
0.655170,-0.711941,-0.084574,0.110790,-14.000000,19.000000,59.173136
0.656704,-0.711941,-0.084762,0.108817,-15.000000,19.000000,59.221045
0.655170,-0.711941,-0.084175,0.108331,-14.000000,19.000000,59.269094
0.655170,-0.711941,-0.084175,0.108331,-14.000000,19.000000,59.317015
0.655170,-0.711941,-0.084175,0.108331,-14.000000,19.000000,59.365130
0.655170,-0.711941,-0.084175,0.108331,-14.000000,19.000000,59.413051
0.655170,-0.711941,-0.084175,0.108331,-14.000000,19.000000,59.461201
0.655170,-0.711941,-0.084175,0.108331,-14.000000,19.000000,59.508980
0.655170,-0.711941,-0.084175,0.108331,-14.000000,19.000000,59.556976
0.655170,-0.711941,-0.084175,0.108331,-14.000000,19.000000,59.605040
0.655170,-0.711941,-0.084175,0.108331,-14.000000,19.000000,59.652980
0.655170,-0.711941,-0.084175,0.108331,-14.000000,19.000000,59.701117
0.655170,-0.711941,-0.084175,0.108331,-14.000000,19.000000,59.749060
0.655170,-0.711941,-0.084175,0.108331,-14.000000,19.000000,59.797150
0.656704,-0.711941,-0.084762,0.108331,-15.000000,19.000000,59.845089
0.656704,-0.711941,-0.084762,0.108331,-15.000000,19.000000,59.893206
0.655170,-0.711941,-0.084175,0.108331,-14.000000,19.000000,59.941146
0.655170,-0.711941,-0.084175,0.108331,-14.000000,19.000000,59.989016
0.655170,-0.711941,-0.084175,0.108331,-14.000000,19.000000,60.037052
0.655170,-0.711941,-0.084175,0.108331,-14.000000,19.000000,60.085111
0.655170,-0.711941,-0.084175,0.108331,-14.000000,19.000000,60.133250
0.655170,-0.711941,-0.084175,0.108331,-14.000000,19.000000,60.181020
0.656704,-0.711941,-0.084762,0.108331,-15.000000,19.000000,60.229009
0.655170,-0.711941,-0.084175,0.108331,-14.000000,19.000000,60.277104
0.656704,-0.711941,-0.084762,0.108331,-15.000000,19.000000,60.325166
0.656704,-0.711941,-0.084762,0.108331,-15.000000,19.000000,60.373053
0.656704,-0.711941,-0.084762,0.108331,-15.000000,19.000000,60.421082
0.655170,-0.711941,-0.084175,0.108331,-14.000000,19.000000,60.469070
0.656704,-0.711941,-0.084762,0.108331,-15.000000,19.000000,60.517084
0.656704,-0.711941,-0.084762,0.108331,-15.000000,19.000000,60.565096
0.655170,-0.711941,-0.084175,0.108331,-14.000000,19.000000,60.613027
0.656704,-0.711941,-0.084762,0.108331,-15.000000,19.000000,60.661044
0.656704,-0.711941,-0.084762,0.108331,-15.000000,19.000000,60.709053
0.655170,-0.711941,-0.084175,0.108331,-14.000000,19.000000,60.757097
0.655170,-0.711941,-0.084175,0.108331,-14.000000,19.000000,60.805038
0.656704,-0.711941,-0.084762,0.108331,-15.000000,19.000000,60.853056
0.655170,-0.711941,-0.084175,0.108331,-14.000000,19.000000,60.901100
0.655170,-0.711941,-0.084175,0.108331,-14.000000,19.000000,60.948981
0.656704,-0.711941,-0.084762,0.108331,-15.000000,19.000000,60.996996
0.655170,-0.711941,-0.084175,0.108331,-14.000000,19.000000,61.045182
0.656704,-0.711941,-0.084762,0.108331,-15.000000,19.000000,61.093090
0.655170,-0.711941,-0.084175,0.108331,-14.000000,19.000000,61.141113
0.656704,-0.711941,-0.084762,0.108331,-15.000000,19.000000,61.189221
0.655170,-0.711941,-0.084175,0.108331,-14.000000,19.000000,61.237157
0.655170,-0.711941,-0.084175,0.108331,-14.000000,19.000000,61.285324
0.655170,-0.711941,-0.084175,0.108331,-14.000000,19.000000,61.333196
0.656704,-0.711941,-0.084762,0.108331,-15.000000,19.000000,61.381076
0.655170,-0.711941,-0.084175,0.108331,-14.000000,19.000000,61.429028
0.656704,-0.711941,-0.084762,0.108331,-15.000000,19.000000,61.476989
0.655170,-0.711941,-0.084175,0.108331,-14.000000,19.000000,61.524961
0.655170,-0.711941,-0.084175,0.108331,-14.000000,19.000000,61.572990
0.656704,-0.711941,-0.084762,0.108331,-15.000000,19.000000,61.621124
0.655170,-0.710407,-0.084175,0.107207,-14.000000,18.000000,61.668947
0.653635,-0.704269,-0.083264,0.103669,-14.000000,18.000000,61.717199
0.649032,-0.690460,-0.081095,0.097907,-14.000000,17.000000,61.765001
0.638292,-0.672048,-0.077093,0.092743,-13.000000,16.000000,61.813011
0.624483,-0.647498,-0.073121,0.086496,-13.000000,15.000000,61.861127
0.604536,-0.616811,-0.068146,0.079403,-12.000000,14.000000,61.909131
0.584589,-0.581521,-0.063537,0.070996,-11.000000,12.000000,61.956899
0.560040,-0.543162,-0.057613,0.063633,-10.000000,11.000000,62.004983
0.535490,-0.500200,-0.051702,0.053272,-9.000000,9.000000,62.053118
0.509406,-0.455704,-0.045982,0.043970,-8.000000,8.000000,62.100938
0.480253,-0.408139,-0.040681,0.035402,-7.000000,6.000000,62.148973
0.449566,-0.362108,-0.035199,0.027496,-6.000000,5.000000,62.197060
0.417345,-0.317612,-0.030513,0.020896,-5.000000,4.000000,62.245006
0.383589,-0.271581,-0.025770,0.015437,-4.000000,3.000000,62.293029
0.352902,-0.230153,-0.021702,0.011454,-4.000000,2.000000,62.340909
0.322215,-0.191794,-0.017668,0.008180,-3.000000,1.000000,62.389076
0.293062,-0.154970,-0.014624,0.005675,-3.000000,1.000000,62.437119
0.268512,-0.122748,-0.012081,0.003883,-2.000000,1.000000,62.485158
0.245497,-0.096664,-0.010170,0.002660,-2.000000,0.000000,62.532946
0.225550,-0.073649,-0.008636,0.001775,-1.000000,0.000000,62.580934
0.210207,-0.062909,-0.007589,0.001524,-1.000000,0.000000,62.629004
0.196397,-0.061374,-0.006797,0.001725,-1.000000,0.000000,62.677074
0.184123,-0.059840,-0.006163,0.001711,-1.000000,0.000000,62.725011
0.174917,-0.059840,-0.005731,0.001747,-1.000000,0.000000,62.776022
0.167245,-0.061374,-0.005398,0.001793,-1.000000,0.000000,62.821075
0.161107,-0.061374,-0.005165,0.001793,-1.000000,0.000000,62.869103
0.158039,-0.061374,-0.005060,0.001793,-1.000000,0.000000,62.916929
0.153436,-0.061374,-0.004898,0.001793,-1.000000,0.000000,62.965024
0.147298,-0.061374,-0.004623,0.001793,-1.000000,0.000000,63.016533
0.141161,-0.059840,-0.004382,0.001747,-1.000000,0.000000,63.060895
0.136558,-0.059840,-0.004205,0.001747,-1.000000,0.000000,63.109049
0.131955,-0.059840,-0.004031,0.001747,-1.000000,0.000000,63.156956
0.125817,-0.058306,-0.003804,0.001700,-1.000000,0.000000,63.205024
0.121214,-0.058306,-0.003636,0.001700,-1.000000,0.000000,63.252965
0.118145,-0.058306,-0.003526,0.001700,-1.000000,0.000000,63.301122
0.112008,-0.058306,-0.003310,0.001700,-1.000000,0.000000,63.348994
0.107405,-0.058306,-0.003178,0.001700,-1.000000,0.000000,63.397107
0.102802,-0.058306,-0.002993,0.001700,-1.000000,0.000000,63.445032
0.099733,-0.058306,-0.002917,0.001700,0.000000,0.000000,63.493018
0.093596,-0.058306,-0.002685,0.001700,0.000000,0.000000,63.540920
0.090527,-0.058306,-0.002643,0.001700,0.000000,0.000000,63.589083
0.090527,-0.056771,-0.002715,0.001653,0.000000,0.000000,63.636928
0.090527,-0.056771,-0.002715,0.001653,0.000000,0.000000,63.684833
0.090527,-0.056771,-0.002715,0.001653,0.000000,0.000000,63.732920
0.090527,-0.056771,-0.002715,0.001653,0.000000,0.000000,63.781010
0.090527,-0.056771,-0.002715,0.001653,0.000000,0.000000,63.828996
0.090527,-0.055237,-0.002715,0.001607,0.000000,0.000000,63.876929
0.090527,-0.056771,-0.002715,0.001653,0.000000,0.000000,63.925240
0.090527,-0.056771,-0.002715,0.001653,0.000000,0.000000,63.972960
0.090527,-0.056771,-0.002715,0.001653,0.000000,0.000000,64.020891
0.090527,-0.056771,-0.002715,0.001653,0.000000,0.000000,64.068985
0.090527,-0.058306,-0.002715,0.001700,0.000000,0.000000,64.117347
0.090527,-0.058306,-0.002715,0.001700,0.000000,0.000000,64.165076
0.090527,-0.058306,-0.002715,0.001700,0.000000,0.000000,64.212848
0.090527,-0.058306,-0.002715,0.001700,0.000000,0.000000,64.261052
0.090527,-0.059840,-0.002715,0.001747,0.000000,0.000000,64.308876
0.090527,-0.059840,-0.002715,0.001747,0.000000,0.000000,64.357022
0.092061,-0.059840,-0.002765,0.001747,0.000000,0.000000,64.405018
0.093596,-0.059840,-0.002816,0.001747,0.000000,0.000000,64.452892
0.093596,-0.059840,-0.002816,0.001747,0.000000,0.000000,64.500988
0.093596,-0.059840,-0.002816,0.001747,0.000000,0.000000,64.548904
0.093596,-0.061374,-0.002816,0.001793,0.000000,0.000000,64.596864
0.093596,-0.061374,-0.002816,0.001793,0.000000,0.000000,64.644923
0.093596,-0.061374,-0.002816,0.001793,0.000000,0.000000,64.693058
0.095130,-0.061374,-0.002867,0.001793,0.000000,0.000000,64.740992
0.095130,-0.061374,-0.002867,0.001793,0.000000,0.000000,64.788894
0.095130,-0.061374,-0.002867,0.001793,0.000000,0.000000,64.837101
0.095130,-0.061374,-0.002867,0.001793,0.000000,0.000000,64.884915
0.095130,-0.061374,-0.002867,0.001793,0.000000,0.000000,64.932893
0.096664,-0.061374,-0.002918,0.001793,-1.000000,0.000000,64.980849
0.096664,-0.061374,-0.002918,0.001793,-1.000000,0.000000,65.029064
0.096664,-0.061374,-0.002918,0.001793,-1.000000,0.000000,65.076887
0.096664,-0.062909,-0.002918,0.001840,-1.000000,0.000000,65.125134
0.096664,-0.062909,-0.002918,0.001840,-1.000000,0.000000,65.172880
0.096664,-0.061374,-0.002918,0.001793,-1.000000,0.000000,65.220933
0.096664,-0.061374,-0.002918,0.001793,-1.000000,0.000000,65.268995
0.096664,-0.062909,-0.002918,0.001840,-1.000000,0.000000,65.316932
0.096664,-0.061374,-0.002918,0.001793,-1.000000,0.000000,65.364841
0.096664,-0.061374,-0.002918,0.001793,-1.000000,0.000000,65.413146
0.096664,-0.062909,-0.002918,0.001840,-1.000000,0.000000,65.460930
0.096664,-0.061374,-0.002918,0.001793,-1.000000,0.000000,65.508957
0.096664,-0.061374,-0.002918,0.001793,-1.000000,0.000000,65.556951
0.098199,-0.062909,-0.002969,0.001840,-1.000000,0.000000,65.604973
0.098199,-0.062909,-0.002969,0.001840,-1.000000,0.000000,65.652915
0.099733,-0.064443,-0.003021,0.001887,-1.000000,0.000000,65.700845
0.101267,-0.064443,-0.003115,0.001887,-1.000000,0.000000,65.748771
0.101267,-0.067512,-0.003115,0.002020,-1.000000,0.000000,65.796865
0.104336,-0.069046,-0.003220,0.002108,-1.000000,0.000000,65.844932
0.110474,-0.073649,-0.003587,0.002297,-1.000000,0.000000,65.892964
0.121214,-0.084390,-0.004266,0.002927,-1.000000,1.000000,65.940836
0.135023,-0.096664,-0.005112,0.003507,-1.000000,1.000000,65.988936
0.151901,-0.115077,-0.006113,0.004499,-1.000000,1.000000,66.036869
0.168779,-0.135023,-0.007256,0.005894,-1.000000,1.000000,66.084930
0.187191,-0.159573,-0.008263,0.007493,-1.000000,1.000000,66.132892
0.202535,-0.185657,-0.008968,0.009238,-2.000000,2.000000,66.180822
0.217878,-0.207138,-0.009524,0.010651,-2.000000,2.000000,66.228835
0.231688,-0.231688,-0.010215,0.012442,-2.000000,2.000000,66.276851
0.242428,-0.254703,-0.010741,0.014314,-2.000000,2.000000,66.324997
0.256237,-0.282321,-0.011704,0.017252,-2.000000,3.000000,66.372831
0.268512,-0.306871,-0.012615,0.020325,-2.000000,3.000000,66.420906
0.282321,-0.332955,-0.013941,0.023470,-2.000000,4.000000,66.468823
0.294596,-0.359039,-0.014986,0.026379,-3.000000,5.000000,66.516946
0.306871,-0.380520,-0.016093,0.028888,-3.000000,5.000000,66.564863
0.319146,-0.405070,-0.017266,0.032820,-3.000000,6.000000,66.612817
0.332955,-0.428085,-0.018668,0.036907,-3.000000,6.000000,66.660961
0.346764,-0.451100,-0.020164,0.040558,-3.000000,7.000000,66.709024
0.360574,-0.469513,-0.021758,0.042699,-4.000000,7.000000,66.756798
0.374383,-0.486391,-0.023457,0.044723,-4.000000,8.000000,66.804975
0.388192,-0.501734,-0.025686,0.046617,-4.000000,8.000000,66.852815
0.403535,-0.514009,-0.027863,0.048010,-5.000000,8.000000,66.900967
0.421948,-0.526284,-0.031201,0.050255,-5.000000,9.000000,66.949024
0.438826,-0.540093,-0.034627,0.054457,-6.000000,9.000000,66.996829
0.455704,-0.552368,-0.037721,0.056961,-6.000000,10.000000,67.044969
0.472581,-0.564643,-0.041049,0.060374,-7.000000,10.000000,67.092972
0.489459,-0.575383,-0.044624,0.063502,-8.000000,11.000000,67.140813
0.503269,-0.586124,-0.046238,0.065945,-8.000000,11.000000,67.188837
0.517078,-0.596864,-0.049457,0.069321,-8.000000,12.000000,67.236916
0.530887,-0.607605,-0.052102,0.072844,-9.000000,12.000000,67.284820
0.543162,-0.618345,-0.055262,0.076519,-9.000000,13.000000,67.332858
0.558505,-0.629086,-0.059442,0.080352,-10.000000,14.000000,67.380842
0.570780,-0.639826,-0.062979,0.083418,-11.000000,14.000000,67.429004
0.584589,-0.647498,-0.067172,0.086350,-12.000000,15.000000,67.476919
0.595330,-0.656704,-0.069682,0.089073,-12.000000,15.000000,67.524900
0.607605,-0.662842,-0.072844,0.090695,-12.000000,16.000000,67.572809
0.616811,-0.668979,-0.075129,0.092415,-13.000000,16.000000,67.620760
0.624483,-0.675116,-0.077810,0.094972,-13.000000,16.000000,67.668876
0.633689,-0.679719,-0.080296,0.096184,-14.000000,16.000000,67.716791
0.642895,-0.685857,-0.082918,0.098832,-14.000000,17.000000,67.764971
0.647498,-0.690460,-0.083924,0.100858,-14.000000,17.000000,67.812777
0.653635,-0.695063,-0.085599,0.102920,-15.000000,18.000000,67.860891
0.658238,-0.702735,-0.086773,0.108136,-15.000000,19.000000,67.908771
0.659773,-0.710407,-0.086826,0.111799,-15.000000,19.000000,67.956791
0.659773,-0.710407,-0.085944,0.108660,-15.000000,19.000000,68.004963
0.659773,-0.710407,-0.085944,0.107608,-15.000000,18.000000,68.052846
0.661307,-0.710407,-0.086541,0.107608,-15.000000,18.000000,68.100914
0.659773,-0.710407,-0.085944,0.107608,-15.000000,18.000000,68.148805
0.659773,-0.710407,-0.085944,0.107608,-15.000000,18.000000,68.197414
0.659773,-0.710407,-0.085944,0.107608,-15.000000,18.000000,68.244898
0.659773,-0.710407,-0.085944,0.107608,-15.000000,18.000000,68.292962
0.659773,-0.710407,-0.085944,0.107608,-15.000000,18.000000,68.341013
0.659773,-0.710407,-0.085944,0.107608,-15.000000,18.000000,68.388774
0.659773,-0.710407,-0.085944,0.107608,-15.000000,18.000000,68.436948
0.659773,-0.710407,-0.085944,0.107608,-15.000000,18.000000,68.484946
0.659773,-0.710407,-0.085944,0.107608,-15.000000,18.000000,68.532829
0.659773,-0.710407,-0.085944,0.107608,-15.000000,18.000000,68.580698
0.659773,-0.710407,-0.085944,0.107608,-15.000000,18.000000,68.628766
0.659773,-0.710407,-0.085944,0.107608,-15.000000,18.000000,68.676756
0.661307,-0.710407,-0.086541,0.107608,-15.000000,18.000000,68.724926
0.659773,-0.710407,-0.085944,0.107608,-15.000000,18.000000,68.772828
0.659773,-0.710407,-0.085944,0.107608,-15.000000,18.000000,68.820681
0.659773,-0.710407,-0.085944,0.107608,-15.000000,18.000000,68.868766
0.659773,-0.710407,-0.085944,0.107608,-15.000000,18.000000,68.916804
0.659773,-0.710407,-0.085944,0.107608,-15.000000,18.000000,68.964778
0.659773,-0.710407,-0.085944,0.107608,-15.000000,18.000000,69.012794
0.659773,-0.710407,-0.085944,0.107608,-15.000000,18.000000,69.060809
0.659773,-0.710407,-0.085944,0.107608,-15.000000,18.000000,69.108727
0.659773,-0.710407,-0.085944,0.107608,-15.000000,18.000000,69.156845
0.661307,-0.710407,-0.086541,0.107608,-15.000000,18.000000,69.204996
0.659773,-0.710407,-0.085944,0.107608,-15.000000,18.000000,69.252979
0.659773,-0.710407,-0.085944,0.107608,-15.000000,18.000000,69.300940
0.659773,-0.710407,-0.085944,0.107608,-15.000000,18.000000,69.348937
0.659773,-0.710407,-0.085944,0.107608,-15.000000,18.000000,69.396875
0.659773,-0.710407,-0.085944,0.107608,-15.000000,18.000000,69.444845
0.659773,-0.710407,-0.085944,0.107608,-15.000000,18.000000,69.492783
0.659773,-0.710407,-0.085944,0.107608,-15.000000,18.000000,69.540732
0.659773,-0.710407,-0.085944,0.107608,-15.000000,18.000000,69.588767
0.659773,-0.710407,-0.085944,0.107608,-15.000000,18.000000,69.636734
0.659773,-0.710407,-0.085944,0.107608,-15.000000,18.000000,69.684876
0.659773,-0.710407,-0.085944,0.107608,-15.000000,18.000000,69.732722
0.659773,-0.710407,-0.085944,0.107608,-15.000000,18.000000,69.780627
0.659773,-0.710407,-0.085944,0.107608,-15.000000,18.000000,69.828731
0.659773,-0.710407,-0.085944,0.107608,-15.000000,18.000000,69.876699
0.659773,-0.710407,-0.085944,0.107608,-15.000000,18.000000,69.924751
0.659773,-0.710407,-0.085944,0.107608,-15.000000,18.000000,69.972855
0.659773,-0.710407,-0.085944,0.107608,-15.000000,18.000000,70.020823
0.659773,-0.710407,-0.085944,0.107608,-15.000000,18.000000,70.068741
0.659773,-0.710407,-0.085944,0.107608,-15.000000,18.000000,70.116776
0.659773,-0.710407,-0.085944,0.107608,-15.000000,18.000000,70.164982
0.661307,-0.710407,-0.086541,0.107608,-15.000000,18.000000,70.212900
0.659773,-0.710407,-0.085944,0.107608,-15.000000,18.000000,70.260775
0.659773,-0.710407,-0.085944,0.107608,-15.000000,18.000000,70.308749
0.659773,-0.710407,-0.085944,0.107608,-15.000000,18.000000,70.356874
0.659773,-0.710407,-0.085944,0.107608,-15.000000,18.000000,70.404774
0.659773,-0.710407,-0.085944,0.107608,-15.000000,18.000000,70.452857
0.659773,-0.710407,-0.085944,0.107608,-15.000000,18.000000,70.500668
0.659773,-0.710407,-0.085944,0.107608,-15.000000,18.000000,70.548797
0.659773,-0.710407,-0.085944,0.107608,-15.000000,18.000000,70.596862
0.659773,-0.710407,-0.085944,0.107608,-15.000000,18.000000,70.644861
0.658238,-0.707338,-0.085351,0.105463,-15.000000,18.000000,70.692776
0.656704,-0.699666,-0.084430,0.101517,-14.000000,17.000000,70.740744
0.649032,-0.687391,-0.080908,0.096866,-14.000000,17.000000,70.788774
0.638292,-0.667445,-0.077391,0.090855,-13.000000,16.000000,70.836684
0.619880,-0.639826,-0.072279,0.084370,-12.000000,14.000000,70.884707
0.601467,-0.607605,-0.067663,0.078022,-12.000000,13.000000,70.932792
0.581521,-0.570780,-0.061599,0.069412,-11.000000,12.000000,70.980756
0.561574,-0.530887,-0.056005,0.060001,-10.000000,10.000000,71.028766
0.543162,-0.489459,-0.051232,0.049742,-9.000000,9.000000,71.076825
0.524750,-0.448032,-0.046810,0.040327,-8.000000,7.000000,71.127832
0.503269,-0.403535,-0.042066,0.031900,-7.000000,5.000000,71.172762
0.483322,-0.369780,-0.038702,0.025702,-7.000000,4.000000,71.220737
0.455704,-0.332955,-0.035027,0.020208,-6.000000,3.000000,71.268594
0.428085,-0.299199,-0.030673,0.016041,-5.000000,3.000000,71.316746
0.395864,-0.266978,-0.026459,0.012916,-5.000000,2.000000,71.364668
0.366711,-0.237825,-0.022823,0.010356,-4.000000,2.000000,71.412690
0.337558,-0.210207,-0.019328,0.008303,-3.000000,1.000000,71.460710
0.306871,-0.184123,-0.015908,0.006650,-3.000000,1.000000,71.508795
0.279253,-0.158039,-0.013087,0.005282,-2.000000,1.000000,71.556687
0.256237,-0.136558,-0.010917,0.004244,-2.000000,1.000000,71.604826
0.233222,-0.116611,-0.009268,0.003394,-2.000000,1.000000,71.652688
0.214810,-0.096664,-0.008007,0.002637,-1.000000,0.000000,71.700728
0.197932,-0.079786,-0.006940,0.002044,-1.000000,0.000000,71.748699
0.184123,-0.070580,-0.006196,0.001828,-1.000000,0.000000,71.796643
0.171848,-0.069046,-0.005609,0.001960,-1.000000,0.000000,71.844832
0.159573,-0.069046,-0.005062,0.002029,-1.000000,0.000000,71.892758
0.150367,-0.067512,-0.004679,0.001982,-1.000000,0.000000,71.940774
0.141161,-0.069046,-0.004326,0.002029,-1.000000,0.000000,71.988764
0.133489,-0.069046,-0.004046,0.002029,-1.000000,0.000000,72.036761
0.128886,-0.069046,-0.003917,0.002029,-1.000000,0.000000,72.084627
0.125817,-0.069046,-0.003832,0.002029,-1.000000,0.000000,72.132740
0.122748,-0.069046,-0.003720,0.002029,-1.000000,0.000000,72.180661
0.119680,-0.067512,-0.003609,0.001982,-1.000000,0.000000,72.228702
0.115077,-0.067512,-0.003445,0.001982,-1.000000,0.000000,72.276806
0.112008,-0.069046,-0.003369,0.002029,-1.000000,0.000000,72.324830
0.108939,-0.067512,-0.003262,0.001982,-1.000000,0.000000,72.372820
0.105871,-0.067512,-0.003157,0.001982,-1.000000,0.000000,72.420751
0.102802,-0.067512,-0.003021,0.001982,-1.000000,0.000000,72.468776
0.098199,-0.067512,-0.002866,0.001982,0.000000,0.000000,72.516671
0.096664,-0.067512,-0.002846,0.001982,0.000000,0.000000,72.564735
0.093596,-0.067512,-0.002778,0.001982,0.000000,0.000000,72.612637
0.093596,-0.065977,-0.002816,0.001934,0.000000,0.000000,72.660642
0.093596,-0.067512,-0.002816,0.001982,0.000000,0.000000,72.708758
0.093596,-0.065977,-0.002816,0.001934,0.000000,0.000000,72.756618
0.092061,-0.065977,-0.002765,0.001934,0.000000,0.000000,72.804718
0.092061,-0.067512,-0.002765,0.001982,0.000000,0.000000,72.852598
0.093596,-0.065977,-0.002816,0.001934,0.000000,0.000000,72.900724
0.092061,-0.065977,-0.002765,0.001934,0.000000,0.000000,72.948671
0.092061,-0.067512,-0.002765,0.001982,0.000000,0.000000,72.996671
0.092061,-0.067512,-0.002765,0.001982,0.000000,0.000000,73.044700
0.093596,-0.069046,-0.002816,0.002029,0.000000,0.000000,73.092785
0.093596,-0.069046,-0.002816,0.002029,0.000000,0.000000,73.140657
0.092061,-0.069046,-0.002765,0.002029,0.000000,0.000000,73.188628
0.093596,-0.069046,-0.002816,0.002029,0.000000,0.000000,73.236704
0.092061,-0.069046,-0.002765,0.002029,0.000000,0.000000,73.284638
0.092061,-0.069046,-0.002765,0.002029,0.000000,0.000000,73.332702
0.093596,-0.069046,-0.002816,0.002029,0.000000,0.000000,73.380617
0.093596,-0.070580,-0.002816,0.002077,0.000000,0.000000,73.428700
0.092061,-0.070580,-0.002765,0.002077,0.000000,0.000000,73.476622
0.093596,-0.070580,-0.002816,0.002077,0.000000,0.000000,73.524819
0.092061,-0.070580,-0.002765,0.002077,0.000000,0.000000,73.572651
0.093596,-0.070580,-0.002816,0.002077,0.000000,0.000000,73.620709
0.093596,-0.072115,-0.002816,0.002125,0.000000,0.000000,73.668661
0.093596,-0.070580,-0.002816,0.002077,0.000000,0.000000,73.716649
0.093596,-0.070580,-0.002816,0.002077,0.000000,0.000000,73.764616
0.093596,-0.070580,-0.002816,0.002077,0.000000,0.000000,73.812646
0.093596,-0.070580,-0.002816,0.002077,0.000000,0.000000,73.860583
0.093596,-0.072115,-0.002816,0.002125,0.000000,0.000000,73.908698
0.093596,-0.072115,-0.002816,0.002125,0.000000,0.000000,73.956621
0.093596,-0.070580,-0.002816,0.002077,0.000000,0.000000,74.004665
0.093596,-0.070580,-0.002816,0.002077,0.000000,0.000000,74.052760
0.093596,-0.070580,-0.002816,0.002077,0.000000,0.000000,74.100616
0.095130,-0.072115,-0.002867,0.002125,0.000000,0.000000,74.148673
0.095130,-0.072115,-0.002867,0.002125,0.000000,0.000000,74.196779
0.095130,-0.072115,-0.002867,0.002125,0.000000,0.000000,74.244565
0.096664,-0.072115,-0.002918,0.002125,-1.000000,0.000000,74.292636
0.096664,-0.072115,-0.002918,0.002125,-1.000000,0.000000,74.340714
0.096664,-0.072115,-0.002918,0.002125,-1.000000,0.000000,74.388625
0.096664,-0.072115,-0.002918,0.002125,-1.000000,0.000000,74.436636
0.098199,-0.072115,-0.002969,0.002125,-1.000000,0.000000,74.484817
0.098199,-0.072115,-0.002969,0.002125,-1.000000,0.000000,74.532750
0.098199,-0.072115,-0.002969,0.002125,-1.000000,0.000000,74.581317
0.098199,-0.072115,-0.002969,0.002125,-1.000000,0.000000,74.628740
0.098199,-0.072115,-0.002969,0.002125,-1.000000,0.000000,74.676579
0.099733,-0.072115,-0.003021,0.002125,-1.000000,0.000000,74.724570
0.101267,-0.073649,-0.003115,0.002173,-1.000000,0.000000,74.772605
0.101267,-0.075183,-0.003115,0.002260,-1.000000,0.000000,74.820773
0.104336,-0.078252,-0.003266,0.002357,-1.000000,0.000000,74.868675
0.112008,-0.079786,-0.003703,0.002406,-1.000000,0.000000,74.916725
0.124283,-0.082855,-0.004386,0.002547,-1.000000,0.000000,74.964595
0.138092,-0.088993,-0.005244,0.002845,-1.000000,0.000000,75.012651
0.151901,-0.098199,-0.005981,0.003410,-1.000000,1.000000,75.063404
0.165710,-0.112008,-0.006505,0.004082,-1.000000,1.000000,75.108622
0.179520,-0.124283,-0.007193,0.004664,-1.000000,1.000000,75.156598
0.191794,-0.139626,-0.007841,0.005426,-1.000000,1.000000,75.204576
0.205604,-0.154970,-0.008614,0.006258,-1.000000,1.000000,75.252552
0.219413,-0.171848,-0.009438,0.007251,-2.000000,1.000000,75.300713
0.231688,-0.190260,-0.010215,0.008253,-2.000000,1.000000,75.348561
0.247031,-0.208672,-0.011463,0.009547,-2.000000,2.000000,75.396633
0.262375,-0.227085,-0.012594,0.010993,-2.000000,2.000000,75.444556
0.277718,-0.248566,-0.014074,0.012849,-2.000000,2.000000,75.492784
0.296131,-0.270047,-0.016312,0.014954,-3.000000,3.000000,75.540675
0.314543,-0.293062,-0.018122,0.017495,-3.000000,3.000000,75.588666
0.332955,-0.313008,-0.020094,0.019150,-3.000000,3.000000,75.636631
0.349833,-0.334489,-0.022054,0.021119,-4.000000,4.000000,75.684566
0.366711,-0.351367,-0.023715,0.022240,-4.000000,4.000000,75.732611
0.383589,-0.368245,-0.025498,0.023912,-4.000000,4.000000,75.780632
0.397398,-0.383589,-0.027439,0.025498,-5.000000,4.000000,75.828591
0.414276,-0.397398,-0.029479,0.026974,-5.000000,5.000000,75.876555
0.426551,-0.409673,-0.031424,0.028317,-5.000000,5.000000,75.924571
0.440360,-0.423482,-0.033214,0.030438,-6.000000,5.000000,75.972549
0.454169,-0.435757,-0.035643,0.032436,-6.000000,6.000000,76.020603
0.467978,-0.446497,-0.038222,0.033770,-7.000000,6.000000,76.068605
0.481788,-0.457238,-0.040960,0.035181,-7.000000,6.000000,76.116499
0.494062,-0.469513,-0.043533,0.037443,-7.000000,6.000000,76.164613
0.504803,-0.478719,-0.045253,0.039220,-8.000000,7.000000,76.212613
0.517078,-0.489459,-0.048056,0.040862,-8.000000,7.000000,76.260573
0.529353,-0.501734,-0.051007,0.043983,-9.000000,8.000000,76.308668
0.541627,-0.512475,-0.054113,0.046370,-9.000000,8.000000,76.356651
0.552368,-0.521681,-0.056238,0.048504,-10.000000,8.000000,76.404556
0.563108,-0.532421,-0.059183,0.051099,-10.000000,9.000000,76.452726
0.573849,-0.546231,-0.062261,0.054611,-11.000000,9.000000,76.500633
0.583055,-0.555437,-0.064252,0.057066,-11.000000,10.000000,76.548725
0.592261,-0.566177,-0.066355,0.060049,-11.000000,10.000000,76.596585
0.598399,-0.575383,-0.067603,0.062711,-12.000000,11.000000,76.644515
0.603002,-0.586124,-0.067874,0.065182,-12.000000,11.000000,76.692619
0.607605,-0.595330,-0.069343,0.068040,-12.000000,12.000000,76.740572
0.610673,-0.606070,-0.069359,0.071509,-12.000000,12.000000,76.788672
0.613742,-0.616811,-0.070354,0.075129,-12.000000,13.000000,76.836708
0.618345,-0.626017,-0.072342,0.078356,-12.000000,13.000000,76.884589
0.621414,-0.635223,-0.073374,0.081701,-13.000000,14.000000,76.932663
0.624483,-0.644429,-0.074418,0.085167,-13.000000,15.000000,76.980660
0.627551,-0.653635,-0.074987,0.088759,-13.000000,15.000000,77.028700
0.630620,-0.661307,-0.076545,0.090924,-13.000000,16.000000,77.076557
0.635223,-0.670513,-0.078174,0.094725,-13.000000,16.000000,77.124515
0.638292,-0.679719,-0.078769,0.098660,-13.000000,17.000000,77.172508
0.639826,-0.685857,-0.079322,0.099593,-14.000000,17.000000,77.220588
0.642895,-0.691994,-0.079991,0.102319,-14.000000,18.000000,77.268656
0.644429,-0.696597,-0.080552,0.103615,-14.000000,18.000000,77.316588
0.647498,-0.704269,-0.081684,0.107962,-14.000000,19.000000,77.364659
0.647498,-0.713475,-0.081684,0.114311,-14.000000,20.000000,77.412568
0.649032,-0.721147,-0.082255,0.118150,-14.000000,20.000000,77.460588
0.649032,-0.724216,-0.081865,0.116056,-14.000000,20.000000,77.508540
0.649032,-0.724216,-0.081865,0.114268,-14.000000,20.000000,77.556527
0.649032,-0.724216,-0.081865,0.114268,-14.000000,20.000000,77.604491
0.649032,-0.722681,-0.081865,0.113511,-14.000000,19.000000,77.652395
0.649032,-0.722681,-0.081865,0.113511,-14.000000,19.000000,77.700518
0.649032,-0.724216,-0.081865,0.114268,-14.000000,20.000000,77.748551
0.649032,-0.722681,-0.081865,0.113511,-14.000000,19.000000,77.796471
0.649032,-0.722681,-0.081865,0.113511,-14.000000,19.000000,77.844592
0.649032,-0.722681,-0.081865,0.113511,-14.000000,19.000000,77.892599
0.649032,-0.724216,-0.081865,0.114268,-14.000000,20.000000,77.940645
0.649032,-0.722681,-0.081865,0.113511,-14.000000,19.000000,77.988497
0.649032,-0.724216,-0.081865,0.114268,-14.000000,20.000000,78.036551
0.649032,-0.722681,-0.081865,0.113511,-14.000000,19.000000,78.084437
0.649032,-0.722681,-0.081865,0.113511,-14.000000,19.000000,78.132570
0.649032,-0.722681,-0.081865,0.113511,-14.000000,19.000000,78.180634
0.649032,-0.724216,-0.081865,0.114268,-14.000000,20.000000,78.228454
0.649032,-0.722681,-0.081865,0.113511,-14.000000,19.000000,78.276615
0.649032,-0.722681,-0.081865,0.113511,-14.000000,19.000000,78.324482
0.649032,-0.722681,-0.081865,0.113511,-14.000000,19.000000,78.372478
0.649032,-0.724216,-0.081865,0.114268,-14.000000,20.000000,78.420520
0.649032,-0.722681,-0.081865,0.113511,-14.000000,19.000000,78.468578
0.649032,-0.724216,-0.081865,0.114268,-14.000000,20.000000,78.516578
0.649032,-0.722681,-0.081865,0.113511,-14.000000,19.000000,78.564607
0.649032,-0.722681,-0.081865,0.113511,-14.000000,19.000000,78.612545
0.649032,-0.722681,-0.081865,0.113511,-14.000000,19.000000,78.660592
0.649032,-0.722681,-0.081865,0.113511,-14.000000,19.000000,78.708601
0.649032,-0.722681,-0.081865,0.113511,-14.000000,19.000000,78.756493
0.649032,-0.722681,-0.081865,0.113511,-14.000000,19.000000,78.804478
0.649032,-0.722681,-0.081865,0.113511,-14.000000,19.000000,78.853895
0.649032,-0.722681,-0.081865,0.113511,-14.000000,19.000000,78.900537
0.649032,-0.722681,-0.081865,0.113511,-14.000000,19.000000,78.948474
0.649032,-0.722681,-0.081865,0.113511,-14.000000,19.000000,78.996473
0.649032,-0.724216,-0.081865,0.114268,-14.000000,20.000000,79.044582
0.649032,-0.722681,-0.081865,0.113511,-14.000000,19.000000,79.092568
0.649032,-0.722681,-0.081865,0.113511,-14.000000,19.000000,79.140539
0.649032,-0.724216,-0.081865,0.114268,-14.000000,20.000000,79.188623
0.649032,-0.722681,-0.081865,0.113511,-14.000000,19.000000,79.236489
0.649032,-0.722681,-0.081865,0.113511,-14.000000,19.000000,79.284624
0.649032,-0.722681,-0.081865,0.113511,-14.000000,19.000000,79.332436
0.649032,-0.722681,-0.081865,0.113511,-14.000000,19.000000,79.380538
0.649032,-0.722681,-0.081865,0.113511,-14.000000,19.000000,79.428513
0.649032,-0.722681,-0.081865,0.113511,-14.000000,19.000000,79.476553
0.649032,-0.722681,-0.081865,0.113511,-14.000000,19.000000,79.524621
0.649032,-0.724216,-0.081865,0.114268,-14.000000,20.000000,79.572458
0.649032,-0.721147,-0.081865,0.112758,-14.000000,19.000000,79.620511
0.649032,-0.716544,-0.081865,0.109393,-14.000000,19.000000,79.668599
0.645964,-0.702735,-0.080158,0.103358,-14.000000,18.000000,79.716659
0.638292,-0.682788,-0.077031,0.097281,-13.000000,17.000000,79.764691
0.626017,-0.658238,-0.073138,0.090770,-13.000000,16.000000,79.812531
0.612208,-0.627551,-0.069386,0.082417,-12.000000,14.000000,79.860455
0.595330,-0.595330,-0.064451,0.074694,-11.000000,13.000000,79.908440
0.579986,-0.560040,-0.059937,0.065073,-10.000000,11.000000,79.956559
0.563108,-0.523215,-0.055624,0.055322,-10.000000,9.000000,80.004525
0.546231,-0.487925,-0.051262,0.046491,-9.000000,8.000000,80.052448
0.527818,-0.451100,-0.047165,0.038562,-8.000000,7.000000,80.100423
0.509406,-0.414276,-0.043047,0.031788,-7.000000,5.000000,80.148466
0.490994,-0.378986,-0.039544,0.026244,-7.000000,4.000000,80.196639
0.467978,-0.345230,-0.035782,0.021378,-6.000000,4.000000,80.244518
0.441894,-0.309940,-0.032228,0.017121,-6.000000,3.000000,80.292432
0.415810,-0.276184,-0.028392,0.013895,-5.000000,2.000000,80.340476
0.385123,-0.240894,-0.024628,0.011008,-4.000000,2.000000,80.388308
0.355970,-0.210207,-0.021197,0.008722,-4.000000,1.000000,80.436477
0.326818,-0.177985,-0.017914,0.006676,-3.000000,1.000000,80.484484
0.296131,-0.147298,-0.014902,0.004948,-3.000000,1.000000,80.532384
0.266978,-0.121214,-0.012253,0.003707,-2.000000,1.000000,80.580526
0.240894,-0.096664,-0.010192,0.002645,-2.000000,0.000000,80.628410
0.217878,-0.075183,-0.008493,0.001852,-1.000000,0.000000,80.676469
0.196397,-0.064443,-0.007113,0.001593,-1.000000,0.000000,80.724376
0.176451,-0.064443,-0.005989,0.001852,-1.000000,0.000000,80.772367
0.156504,-0.062909,-0.005031,0.001805,-1.000000,0.000000,80.820561
0.139626,-0.064443,-0.004288,0.001887,-1.000000,0.000000,80.868494
0.125817,-0.064443,-0.003715,0.001887,-1.000000,0.000000,80.916527
0.112008,-0.064443,-0.003201,0.001887,-1.000000,0.000000,80.964644
0.098199,-0.064443,-0.002716,0.001887,0.000000,0.000000,81.012467
0.084390,-0.064443,-0.002246,0.001887,0.000000,0.000000,81.060583
0.073649,-0.064443,-0.001947,0.001887,0.000000,0.000000,81.108592
0.073649,-0.064443,-0.002104,0.001887,0.000000,0.000000,81.158969
0.073649,-0.064443,-0.002173,0.001887,0.000000,0.000000,81.204430
0.073649,-0.064443,-0.002173,0.001887,0.000000,0.000000,81.252530
0.073649,-0.064443,-0.002173,0.001887,0.000000,0.000000,81.300391
0.073649,-0.064443,-0.002173,0.001887,0.000000,0.000000,81.348352
0.072115,-0.064443,-0.002125,0.001887,0.000000,0.000000,81.396390
0.072115,-0.064443,-0.002125,0.001887,0.000000,0.000000,81.444417
0.072115,-0.064443,-0.002125,0.001887,0.000000,0.000000,81.492445
0.073649,-0.064443,-0.002173,0.001887,0.000000,0.000000,81.540409
0.073649,-0.064443,-0.002173,0.001887,0.000000,0.000000,81.588518
0.075183,-0.064443,-0.002221,0.001887,0.000000,0.000000,81.636462
0.075183,-0.064443,-0.002221,0.001887,0.000000,0.000000,81.684361
0.075183,-0.064443,-0.002221,0.001887,0.000000,0.000000,81.732382
0.075183,-0.064443,-0.002221,0.001887,0.000000,0.000000,81.780475
0.075183,-0.064443,-0.002221,0.001887,0.000000,0.000000,81.828424
0.075183,-0.064443,-0.002221,0.001887,0.000000,0.000000,81.876670
0.075183,-0.064443,-0.002221,0.001887,0.000000,0.000000,81.924442
0.076718,-0.064443,-0.002270,0.001887,0.000000,0.000000,81.972438
0.075183,-0.064443,-0.002221,0.001887,0.000000,0.000000,82.020423
0.076718,-0.064443,-0.002270,0.001887,0.000000,0.000000,82.068417
0.076718,-0.064443,-0.002270,0.001887,0.000000,0.000000,82.116398
0.075183,-0.064443,-0.002221,0.001887,0.000000,0.000000,82.164372
0.075183,-0.064443,-0.002221,0.001887,0.000000,0.000000,82.212449
0.075183,-0.064443,-0.002221,0.001887,0.000000,0.000000,82.260443
0.076718,-0.064443,-0.002270,0.001887,0.000000,0.000000,82.308459
0.076718,-0.064443,-0.002270,0.001887,0.000000,0.000000,82.356380
0.076718,-0.064443,-0.002270,0.001887,0.000000,0.000000,82.404608
0.076718,-0.064443,-0.002270,0.001887,0.000000,0.000000,82.452431
0.076718,-0.064443,-0.002270,0.001887,0.000000,0.000000,82.500400
0.076718,-0.065977,-0.002270,0.001934,0.000000,0.000000,82.548270
0.076718,-0.064443,-0.002270,0.001887,0.000000,0.000000,82.596566
0.076718,-0.065977,-0.002270,0.001934,0.000000,0.000000,82.644333
0.076718,-0.065977,-0.002270,0.001934,0.000000,0.000000,82.692437
0.076718,-0.065977,-0.002270,0.001934,0.000000,0.000000,82.740326
0.076718,-0.065977,-0.002270,0.001934,0.000000,0.000000,82.788367
0.076718,-0.064443,-0.002270,0.001887,0.000000,0.000000,82.836511
0.076718,-0.065977,-0.002270,0.001934,0.000000,0.000000,82.884422
0.076718,-0.065977,-0.002270,0.001934,0.000000,0.000000,82.932597
0.078252,-0.064443,-0.002318,0.001887,0.000000,0.000000,82.980427
0.076718,-0.064443,-0.002270,0.001887,0.000000,0.000000,83.028477
0.076718,-0.065977,-0.002270,0.001934,0.000000,0.000000,83.076350
0.076718,-0.065977,-0.002270,0.001934,0.000000,0.000000,83.124451
0.078252,-0.065977,-0.002318,0.001934,0.000000,0.000000,83.172378
0.078252,-0.065977,-0.002318,0.001934,0.000000,0.000000,83.220420
0.076718,-0.065977,-0.002270,0.001934,0.000000,0.000000,83.268506
0.078252,-0.065977,-0.002318,0.001934,0.000000,0.000000,83.316356
0.078252,-0.065977,-0.002318,0.001934,0.000000,0.000000,83.364413
0.076718,-0.065977,-0.002270,0.001934,0.000000,0.000000,83.412358
0.076718,-0.065977,-0.002270,0.001934,0.000000,0.000000,83.460392
0.078252,-0.065977,-0.002318,0.001934,0.000000,0.000000,83.508346
0.078252,-0.065977,-0.002318,0.001934,0.000000,0.000000,83.556429
0.076718,-0.065977,-0.002270,0.001934,0.000000,0.000000,83.604546
0.078252,-0.065977,-0.002318,0.001934,0.000000,0.000000,83.652474
0.078252,-0.065977,-0.002318,0.001934,0.000000,0.000000,83.700512
0.078252,-0.067512,-0.002318,0.001982,0.000000,0.000000,83.748644
0.079786,-0.069046,-0.002367,0.002068,0.000000,0.000000,83.796527
0.081321,-0.070580,-0.002416,0.002115,0.000000,0.000000,83.844421
0.082855,-0.073649,-0.002505,0.002253,0.000000,0.000000,83.892417
0.085924,-0.082855,-0.002604,0.002751,0.000000,0.000000,83.940403
0.087458,-0.095130,-0.002698,0.003374,0.000000,1.000000,83.988308
0.093596,-0.108939,-0.003000,0.004055,-1.000000,1.000000,84.036387
0.104336,-0.127351,-0.003632,0.005132,-1.000000,1.000000,84.084471
0.116611,-0.145764,-0.004261,0.006256,-1.000000,1.000000,84.132450
0.128886,-0.165710,-0.004752,0.007446,-1.000000,1.000000,84.180236
0.141161,-0.185657,-0.005267,0.008367,-1.000000,1.000000,84.228387
0.154970,-0.204069,-0.005997,0.009473,-1.000000,2.000000,84.276371
0.168779,-0.224016,-0.006654,0.010781,-1.000000,2.000000,84.324212
0.184123,-0.243963,-0.007741,0.012492,-1.000000,2.000000,84.372379
0.202535,-0.265443,-0.009167,0.014552,-2.000000,2.000000,84.420434
0.224016,-0.288459,-0.011031,0.017038,-2.000000,3.000000,84.468471
0.247031,-0.309940,-0.013340,0.019253,-2.000000,3.000000,84.516608
0.273115,-0.332955,-0.016769,0.021880,-3.000000,4.000000,84.564379
0.302268,-0.351367,-0.020307,0.023163,-3.000000,4.000000,84.612398
0.329886,-0.371314,-0.023652,0.025270,-4.000000,4.000000,84.660397
0.355970,-0.388192,-0.027215,0.027110,-5.000000,5.000000,84.708328
0.378986,-0.405070,-0.029313,0.029626,-5.000000,5.000000,84.756421
0.405070,-0.423482,-0.033558,0.032005,-6.000000,5.000000,84.804367
0.431154,-0.438826,-0.038310,0.034034,-7.000000,6.000000,84.852300
0.455704,-0.451100,-0.043291,0.035090,-7.000000,6.000000,84.900376
0.480253,-0.463375,-0.048812,0.037345,-8.000000,6.000000,84.948430
0.503269,-0.475650,-0.054520,0.039723,-9.000000,7.000000,84.996392
0.526284,-0.487925,-0.059563,0.041629,-10.000000,7.000000,85.044367
0.547765,-0.500200,-0.063368,0.044239,-11.000000,8.000000,85.092379
0.566177,-0.512475,-0.066605,0.046988,-11.000000,8.000000,85.140325
0.579986,-0.524750,-0.066673,0.049234,-11.000000,8.000000,85.188322
0.592261,-0.535490,-0.068699,0.052540,-12.000000,9.000000,85.236323
0.601467,-0.547765,-0.070812,0.055725,-12.000000,10.000000,85.284174
0.613742,-0.560040,-0.074925,0.059074,-13.000000,10.000000,85.332454
0.622948,-0.572315,-0.077267,0.062594,-13.000000,11.000000,85.380468
0.632154,-0.584589,-0.080572,0.066293,-14.000000,11.000000,85.428277
0.639826,-0.596864,-0.081774,0.070178,-14.000000,12.000000,85.476339
0.645964,-0.607605,-0.083344,0.072844,-14.000000,12.000000,85.524465
0.649032,-0.616811,-0.083241,0.075129,-14.000000,13.000000,85.572400
0.652101,-0.626017,-0.083871,0.078356,-14.000000,13.000000,85.620244
0.655170,-0.633689,-0.085043,0.080296,-15.000000,14.000000,85.668379
0.658238,-0.641361,-0.086228,0.083135,-15.000000,14.000000,85.716301
0.661307,-0.649032,-0.087979,0.085247,-15.000000,15.000000,85.764451
0.665910,-0.655170,-0.089814,0.086876,-15.000000,15.000000,85.812339
0.672048,-0.662842,-0.092961,0.089917,-16.000000,15.000000,85.860364
0.678185,-0.668979,-0.096273,0.092415,-16.000000,16.000000,85.908343
0.685857,-0.675116,-0.099593,0.094972,-17.000000,16.000000,85.956453
0.690460,-0.682788,-0.101631,0.098253,-17.000000,17.000000,86.004299
0.693529,-0.685857,-0.101529,0.098151,-17.000000,17.000000,86.052393
0.695063,-0.685857,-0.100599,0.097028,-17.000000,17.000000,86.100377
0.695063,-0.685857,-0.100599,0.096584,-17.000000,17.000000,86.148386
0.693529,-0.685857,-0.099920,0.096584,-17.000000,17.000000,86.196245
0.693529,-0.685857,-0.099920,0.096584,-17.000000,17.000000,86.244243
0.693529,-0.685857,-0.099920,0.096584,-17.000000,17.000000,86.292331
0.695063,-0.685857,-0.100599,0.096584,-17.000000,17.000000,86.340248
0.695063,-0.685857,-0.100599,0.096584,-17.000000,17.000000,86.388367
0.695063,-0.685857,-0.100599,0.096584,-17.000000,17.000000,86.436293
0.695063,-0.685857,-0.100599,0.096584,-17.000000,17.000000,86.484189
0.695063,-0.685857,-0.100599,0.096584,-17.000000,17.000000,86.532266
0.695063,-0.685857,-0.100599,0.096584,-17.000000,17.000000,86.580282
0.695063,-0.685857,-0.100599,0.096584,-17.000000,17.000000,86.628385
0.695063,-0.685857,-0.100599,0.096584,-17.000000,17.000000,86.676235
0.693529,-0.685857,-0.099920,0.096584,-17.000000,17.000000,86.724304
0.693529,-0.685857,-0.099920,0.096584,-17.000000,17.000000,86.772227
0.693529,-0.685857,-0.099920,0.096584,-17.000000,17.000000,86.820250
0.693529,-0.685857,-0.099920,0.096584,-17.000000,17.000000,86.868273
0.695063,-0.685857,-0.100599,0.096584,-17.000000,17.000000,86.916261
0.693529,-0.685857,-0.099920,0.096584,-17.000000,17.000000,86.964319
0.693529,-0.685857,-0.099920,0.096584,-17.000000,17.000000,87.012195
0.695063,-0.685857,-0.100599,0.096584,-17.000000,17.000000,87.060352
0.695063,-0.685857,-0.100599,0.096584,-17.000000,17.000000,87.108275
0.695063,-0.685857,-0.100599,0.096584,-17.000000,17.000000,87.156327
0.693529,-0.685857,-0.099920,0.096584,-17.000000,17.000000,87.204370
0.693529,-0.685857,-0.099920,0.096584,-17.000000,17.000000,87.252343
0.695063,-0.685857,-0.100599,0.096584,-17.000000,17.000000,87.300320
0.695063,-0.685857,-0.100599,0.096584,-17.000000,17.000000,87.348256
0.695063,-0.685857,-0.100599,0.096584,-17.000000,17.000000,87.396301
0.695063,-0.685857,-0.100599,0.096584,-17.000000,17.000000,87.444209
0.693529,-0.685857,-0.099920,0.096584,-17.000000,17.000000,87.492180
0.693529,-0.685857,-0.099920,0.096584,-17.000000,17.000000,87.540225
0.693529,-0.685857,-0.099920,0.096584,-17.000000,17.000000,87.588070
0.693529,-0.685857,-0.099920,0.096584,-17.000000,17.000000,87.636239
0.695063,-0.685857,-0.100599,0.096584,-17.000000,17.000000,87.684313
0.693529,-0.685857,-0.099920,0.096584,-17.000000,17.000000,87.732325
0.693529,-0.685857,-0.099920,0.096584,-17.000000,17.000000,87.780246
0.693529,-0.685857,-0.099920,0.096584,-17.000000,17.000000,87.828314
0.693529,-0.685857,-0.099920,0.096584,-17.000000,17.000000,87.876327
0.695063,-0.685857,-0.100599,0.096584,-17.000000,17.000000,87.924348
0.693529,-0.685857,-0.099920,0.096584,-17.000000,17.000000,87.972232
0.693529,-0.685857,-0.099920,0.096584,-17.000000,17.000000,88.020323
0.693529,-0.685857,-0.099920,0.096584,-17.000000,17.000000,88.068266
0.695063,-0.685857,-0.100599,0.096584,-17.000000,17.000000,88.116248
0.695063,-0.685857,-0.100599,0.096584,-17.000000,17.000000,88.164368
0.695063,-0.685857,-0.100599,0.096584,-17.000000,17.000000,88.212203
0.693529,-0.685857,-0.099920,0.096584,-17.000000,17.000000,88.260290
0.693529,-0.685857,-0.099920,0.096584,-17.000000,17.000000,88.308184
0.693529,-0.685857,-0.099920,0.096584,-17.000000,17.000000,88.356311
0.695063,-0.685857,-0.100599,0.096584,-17.000000,17.000000,88.404171
0.693529,-0.685857,-0.099920,0.096584,-17.000000,17.000000,88.452264
0.695063,-0.685857,-0.100599,0.096584,-17.000000,17.000000,88.500294
0.693529,-0.685857,-0.099920,0.096584,-17.000000,17.000000,88.548150
0.688926,-0.685857,-0.097240,0.096584,-17.000000,17.000000,88.596199
0.678185,-0.685857,-0.092496,0.096584,-16.000000,17.000000,88.644228
0.658238,-0.684323,-0.087176,0.095563,-15.000000,16.000000,88.692264
0.632154,-0.678185,-0.081484,0.092491,-14.000000,16.000000,88.740142
0.601467,-0.670513,-0.073998,0.089167,-13.000000,15.000000,88.788273
0.570780,-0.659773,-0.064918,0.085149,-11.000000,15.000000,88.836202
0.541627,-0.645964,-0.056494,0.080397,-10.000000,14.000000,88.884585
0.514009,-0.630620,-0.048159,0.075559,-8.000000,13.000000,88.932346
0.489459,-0.613742,-0.041617,0.070665,-7.000000,12.000000,88.980195
0.467978,-0.593796,-0.036129,0.065273,-6.000000,11.000000,89.028299
0.449566,-0.575383,-0.031959,0.059829,-5.000000,10.000000,89.076153
0.431154,-0.555437,-0.028779,0.054814,-5.000000,9.000000,89.124167
0.415810,-0.537024,-0.026155,0.050127,-4.000000,9.000000,89.172225
0.397398,-0.517078,-0.023826,0.045439,-4.000000,8.000000,89.220233
0.380520,-0.495597,-0.021871,0.040813,-4.000000,7.000000,89.268267
0.357505,-0.475650,-0.019729,0.037218,-3.000000,6.000000,89.316352
0.336024,-0.452635,-0.017616,0.033374,-3.000000,6.000000,89.364120
0.313008,-0.429620,-0.015547,0.029883,-3.000000,5.000000,89.412684
0.286924,-0.403535,-0.013268,0.026272,-2.000000,5.000000,89.460120
0.262375,-0.375917,-0.011361,0.022839,-2.000000,4.000000,89.508144
0.239359,-0.348299,-0.009862,0.019781,-2.000000,3.000000,89.556275
0.217878,-0.319146,-0.008327,0.016902,-1.000000,3.000000,89.604254
0.196397,-0.291528,-0.007053,0.014302,-1.000000,2.000000,89.652143
0.176451,-0.263909,-0.005989,0.012013,-1.000000,2.000000,89.700130
0.158039,-0.233222,-0.005099,0.009906,-1.000000,2.000000,89.748163
0.141161,-0.205604,-0.004336,0.008024,-1.000000,1.000000,89.796274
0.128886,-0.174917,-0.003832,0.006361,-1.000000,1.000000,89.844194
0.113542,-0.145764,-0.003260,0.004830,-1.000000,1.000000,89.892211
0.101267,-0.119680,-0.002832,0.003617,0.000000,1.000000,89.940127
0.090527,-0.095130,-0.002479,0.002585,0.000000,0.000000,89.988325
