pos_R [rad],pos_L [rad],tau_R [.],tau_L [.],cur_R [mA.], cur_L [mA.],time [s]
-0.004603,0.003069,0.000132,-0.000088,0.000000,0.000000,0.000003
0.029153,-0.012275,-0.000837,0.000351,0.000000,0.000000,0.040598
0.030687,-0.012275,-0.000882,0.000351,0.000000,0.000000,0.088602
0.029153,-0.012275,-0.000837,0.000351,0.000000,0.000000,0.136635
0.030687,-0.012275,-0.000882,0.000351,0.000000,0.000000,0.184652
0.032221,-0.012275,-0.000926,0.000351,0.000000,0.000000,0.232576
0.030687,-0.012275,-0.000882,0.000351,0.000000,0.000000,0.280678
0.032221,-0.013809,-0.000926,0.000395,0.000000,0.000000,0.328620
0.032221,-0.013809,-0.000926,0.000395,0.000000,0.000000,0.376523
0.033756,-0.013809,-0.000971,0.000395,0.000000,0.000000,0.424639
0.033756,-0.013809,-0.000971,0.000395,0.000000,0.000000,0.472599
0.033756,-0.013809,-0.000971,0.000395,0.000000,0.000000,0.520554
0.033756,-0.013809,-0.000971,0.000395,0.000000,0.000000,0.568763
0.033756,-0.015344,-0.000971,0.000439,0.000000,0.000000,0.616615
0.035290,-0.015344,-0.001016,0.000439,0.000000,0.000000,0.664678
0.035290,-0.015344,-0.001016,0.000439,0.000000,0.000000,0.712559
0.035290,-0.015344,-0.001016,0.000439,0.000000,0.000000,0.760640
0.035290,-0.015344,-0.001016,0.000439,0.000000,0.000000,0.808688
0.036825,-0.015344,-0.001061,0.000439,0.000000,0.000000,0.856670
0.036825,-0.015344,-0.001061,0.000439,0.000000,0.000000,0.904617
0.036825,-0.015344,-0.001061,0.000439,0.000000,0.000000,0.952791
0.036825,-0.016878,-0.001061,0.000483,0.000000,0.000000,1.000542
0.036825,-0.016878,-0.001061,0.000483,0.000000,0.000000,1.048651
0.038359,-0.016878,-0.001106,0.000483,0.000000,0.000000,1.096613
0.038359,-0.016878,-0.001106,0.000483,0.000000,0.000000,1.144595
0.038359,-0.016878,-0.001106,0.000483,0.000000,0.000000,1.192561
0.038359,-0.016878,-0.001106,0.000483,0.000000,0.000000,1.240695
0.039893,-0.016878,-0.001151,0.000483,0.000000,0.000000,1.288703
0.038359,-0.016878,-0.001106,0.000483,0.000000,0.000000,1.336607
0.039893,-0.018412,-0.001151,0.000527,0.000000,0.000000,1.384824
0.039893,-0.018412,-0.001151,0.000527,0.000000,0.000000,1.432822
0.039893,-0.018412,-0.001151,0.000527,0.000000,0.000000,1.480672
0.039893,-0.018412,-0.001151,0.000527,0.000000,0.000000,1.528714
0.039893,-0.018412,-0.001151,0.000527,0.000000,0.000000,1.576661
0.041428,-0.018412,-0.001196,0.000527,0.000000,0.000000,1.624681
0.041428,-0.018412,-0.001196,0.000527,0.000000,0.000000,1.672683
0.041428,-0.018412,-0.001196,0.000527,0.000000,0.000000,1.720548
0.039893,-0.018412,-0.001151,0.000527,0.000000,0.000000,1.768639
0.041428,-0.018412,-0.001196,0.000527,0.000000,0.000000,1.816732
0.041428,-0.018412,-0.001196,0.000527,0.000000,0.000000,1.864593
0.041428,-0.018412,-0.001196,0.000527,0.000000,0.000000,1.912615
0.041428,-0.018412,-0.001196,0.000527,0.000000,0.000000,1.960470
0.041428,-0.018412,-0.001196,0.000527,0.000000,0.000000,2.008578
0.041428,-0.019947,-0.001196,0.000571,0.000000,0.000000,2.056593
0.041428,-0.018412,-0.001196,0.000527,0.000000,0.000000,2.104609
0.041428,-0.018412,-0.001196,0.000527,0.000000,0.000000,2.152711
0.041428,-0.018412,-0.001196,0.000527,0.000000,0.000000,2.200796
0.041428,-0.018412,-0.001196,0.000527,0.000000,0.000000,2.248763
0.041428,-0.019947,-0.001196,0.000571,0.000000,0.000000,2.296576
0.041428,-0.018412,-0.001196,0.000527,0.000000,0.000000,2.345046
0.042962,-0.018412,-0.001241,0.000527,0.000000,0.000000,2.392543
0.042962,-0.018412,-0.001241,0.000527,0.000000,0.000000,2.441073
0.042962,-0.019947,-0.001241,0.000571,0.000000,0.000000,2.488613
0.042962,-0.018412,-0.001241,0.000527,0.000000,0.000000,2.536600
0.042962,-0.018412,-0.001241,0.000527,0.000000,0.000000,2.584618
0.042962,-0.018412,-0.001241,0.000527,0.000000,0.000000,2.632532
0.044496,-0.018412,-0.001286,0.000527,0.000000,0.000000,2.680652
0.042962,-0.018412,-0.001241,0.000527,0.000000,0.000000,2.728658
0.044496,-0.018412,-0.001286,0.000527,0.000000,0.000000,2.776655
0.044496,-0.018412,-0.001286,0.000527,0.000000,0.000000,2.824566
0.044496,-0.018412,-0.001286,0.000527,0.000000,0.000000,2.872740
0.044496,-0.018412,-0.001286,0.000527,0.000000,0.000000,2.921143
0.046031,-0.019947,-0.001332,0.000571,0.000000,0.000000,2.968629
0.046031,-0.019947,-0.001332,0.000606,0.000000,0.000000,3.016481
0.047565,-0.021481,-0.001414,0.000650,0.000000,0.000000,3.064561
0.050634,-0.024550,-0.001506,0.000739,0.000000,0.000000,3.112678
0.056771,-0.027618,-0.001815,0.000864,0.000000,0.000000,3.160668
0.069046,-0.032221,-0.002475,0.001036,0.000000,0.000000,3.208629
0.087458,-0.041428,-0.003426,0.001484,-1.000000,0.000000,3.256568
0.108939,-0.053702,-0.004717,0.001974,-1.000000,0.000000,3.304594
0.133489,-0.064443,-0.006489,0.002386,-1.000000,0.000000,3.352602
0.161107,-0.076718,-0.008447,0.002732,-1.000000,0.000000,3.400492
0.190260,-0.087458,-0.010611,0.003102,-2.000000,1.000000,3.448538
0.219413,-0.098199,-0.013148,0.003484,-2.000000,1.000000,3.496578
0.251634,-0.108939,-0.016882,0.003880,-3.000000,1.000000,3.544651
0.286924,-0.119680,-0.021841,0.004291,-4.000000,1.000000,3.592819
0.323749,-0.131955,-0.028224,0.004879,-5.000000,1.000000,3.640592
0.362108,-0.144229,-0.036439,0.005400,-6.000000,1.000000,3.688662
0.405070,-0.156504,-0.047713,0.005948,-8.000000,1.000000,3.736530
0.449566,-0.170313,-0.060696,0.006730,-10.000000,1.000000,3.784670
0.489459,-0.182588,-0.073050,0.007212,-13.000000,1.000000,3.832577
0.527818,-0.194863,-0.080585,0.007860,-14.000000,1.000000,3.880639
0.563108,-0.208672,-0.087755,0.008632,-15.000000,1.000000,3.928664
0.590727,-0.222482,-0.090587,0.009455,-16.000000,2.000000,3.976544
0.615277,-0.234756,-0.091121,0.010232,-16.000000,2.000000,4.024514
0.632154,-0.245497,-0.088427,0.010949,-15.000000,2.000000,4.072592
0.642895,-0.256237,-0.087624,0.011511,-15.000000,2.000000,4.120571
0.652101,-0.268512,-0.087255,0.012409,-15.000000,2.000000,4.168530
0.656704,-0.277718,-0.087477,0.013118,-15.000000,2.000000,4.216497
0.661307,-0.288459,-0.087979,0.013985,-15.000000,2.000000,4.264484
0.662842,-0.297665,-0.087551,0.014340,-15.000000,2.000000,4.312518
0.662842,-0.305337,-0.087142,0.014805,-15.000000,3.000000,4.360477
0.662842,-0.311474,-0.087142,0.015344,-15.000000,3.000000,4.408508
0.662842,-0.319146,-0.087142,0.016040,-15.000000,3.000000,4.456606
0.662842,-0.326818,-0.087142,0.016762,-15.000000,3.000000,4.504616
0.662842,-0.336024,-0.087142,0.017889,-15.000000,3.000000,4.552436
0.662842,-0.348299,-0.087142,0.019708,-15.000000,3.000000,4.600534
0.665910,-0.362108,-0.088767,0.021942,-15.000000,4.000000,4.648491
0.676651,-0.380520,-0.097333,0.026027,-17.000000,4.000000,4.697091
0.696597,-0.408139,-0.117131,0.034090,-20.000000,6.000000,4.744599
0.719613,-0.438826,-0.135221,0.044689,-23.000000,8.000000,4.792541
0.736491,-0.472581,-0.140641,0.056590,-24.000000,10.000000,4.840651
0.751834,-0.506337,-0.141991,0.064721,-24.000000,11.000000,4.888526
0.759506,-0.532421,-0.139038,0.066661,-24.000000,11.000000,4.936531
0.762575,-0.553902,-0.137563,0.066444,-24.000000,11.000000,4.984683
0.762575,-0.569246,-0.134648,0.066432,-23.000000,11.000000,5.032485
0.762575,-0.581521,-0.134648,0.066220,-23.000000,11.000000,5.080469
0.762575,-0.592261,-0.134648,0.068699,-23.000000,12.000000,5.128550
0.762575,-0.603002,-0.134648,0.072192,-23.000000,12.000000,5.176545
0.762575,-0.615277,-0.134648,0.075453,-23.000000,13.000000,5.224484
0.762575,-0.627551,-0.134648,0.080754,-23.000000,14.000000,5.272689
0.762575,-0.638292,-0.134648,0.084765,-23.000000,15.000000,5.320627
0.762575,-0.649032,-0.134648,0.087908,-23.000000,15.000000,5.368591
0.762575,-0.658238,-0.134648,0.090603,-23.000000,16.000000,5.416635
0.762575,-0.665910,-0.134648,0.092808,-23.000000,16.000000,5.464544
0.762575,-0.672048,-0.134648,0.093686,-23.000000,16.000000,5.512500
0.762575,-0.676651,-0.134648,0.094884,-23.000000,16.000000,5.560646
0.762575,-0.681254,-0.134648,0.096171,-23.000000,16.000000,5.608548
0.762575,-0.682788,-0.134648,0.095716,-23.000000,16.000000,5.656540
0.762575,-0.682788,-0.134648,0.095276,-23.000000,16.000000,5.704562
0.762575,-0.682788,-0.134648,0.095276,-23.000000,16.000000,5.753271
0.762575,-0.682788,-0.134648,0.095276,-23.000000,16.000000,5.800566
0.762575,-0.682788,-0.134648,0.095276,-23.000000,16.000000,5.848592
0.762575,-0.682788,-0.134648,0.095276,-23.000000,16.000000,5.896576
0.762575,-0.682788,-0.134648,0.095276,-23.000000,16.000000,5.944496
0.762575,-0.682788,-0.134648,0.095276,-23.000000,16.000000,5.992646
0.762575,-0.682788,-0.134648,0.095276,-23.000000,16.000000,6.040567
0.762575,-0.682788,-0.134648,0.095276,-23.000000,16.000000,6.088578
0.762575,-0.682788,-0.134648,0.095276,-23.000000,16.000000,6.136445
0.762575,-0.682788,-0.134648,0.095276,-23.000000,16.000000,6.184586
0.762575,-0.682788,-0.134648,0.095276,-23.000000,16.000000,6.232616
0.762575,-0.682788,-0.134648,0.095276,-23.000000,16.000000,6.280481
0.762575,-0.682788,-0.134648,0.095276,-23.000000,16.000000,6.328748
0.762575,-0.682788,-0.134648,0.095276,-23.000000,16.000000,6.376565
0.762575,-0.682788,-0.134648,0.095276,-23.000000,16.000000,6.424589
0.762575,-0.682788,-0.134648,0.095276,-23.000000,16.000000,6.472582
0.762575,-0.682788,-0.134648,0.095276,-23.000000,16.000000,6.520424
0.762575,-0.682788,-0.134648,0.095276,-23.000000,16.000000,6.568417
0.762575,-0.682788,-0.134648,0.095276,-23.000000,16.000000,6.616420
0.762575,-0.682788,-0.134648,0.095276,-23.000000,16.000000,6.664429
0.762575,-0.682788,-0.134648,0.095276,-23.000000,16.000000,6.712507
0.762575,-0.682788,-0.134648,0.095276,-23.000000,16.000000,6.760488
0.762575,-0.682788,-0.134648,0.095276,-23.000000,16.000000,6.808354
0.762575,-0.682788,-0.134648,0.095276,-23.000000,16.000000,6.856480
0.762575,-0.682788,-0.134648,0.095276,-23.000000,16.000000,6.904499
0.762575,-0.682788,-0.134648,0.095276,-23.000000,16.000000,6.952543
0.762575,-0.682788,-0.134648,0.095276,-23.000000,16.000000,7.001094
0.762575,-0.682788,-0.134648,0.095276,-23.000000,16.000000,7.048433
0.762575,-0.682788,-0.134648,0.095276,-23.000000,16.000000,7.096420
0.762575,-0.682788,-0.134648,0.095276,-23.000000,16.000000,7.144442
0.762575,-0.682788,-0.134648,0.095276,-23.000000,16.000000,7.192506
0.762575,-0.682788,-0.134648,0.095276,-23.000000,16.000000,7.240579
0.762575,-0.682788,-0.134648,0.095276,-23.000000,16.000000,7.288577
0.762575,-0.682788,-0.134648,0.095276,-23.000000,16.000000,7.336413
0.762575,-0.682788,-0.134648,0.095276,-23.000000,16.000000,7.384436
0.762575,-0.682788,-0.134648,0.095276,-23.000000,16.000000,7.432514
0.762575,-0.682788,-0.134648,0.095276,-23.000000,16.000000,7.480485
0.762575,-0.682788,-0.134648,0.095276,-23.000000,16.000000,7.528537
0.761040,-0.682788,-0.133777,0.095276,-23.000000,16.000000,7.576434
0.754903,-0.682788,-0.129051,0.095276,-22.000000,16.000000,7.624401
0.736491,-0.679719,-0.121526,0.093339,-21.000000,16.000000,7.672499
0.704269,-0.668979,-0.117008,0.088623,-20.000000,15.000000,7.720457
0.661307,-0.650567,-0.110589,0.083672,-19.000000,14.000000,7.768517
0.607605,-0.621414,-0.098388,0.078395,-17.000000,13.000000,7.816334
0.547765,-0.586124,-0.084893,0.073526,-15.000000,13.000000,7.864321
0.480253,-0.543162,-0.067413,0.065581,-12.000000,11.000000,7.912329
0.408139,-0.495597,-0.049405,0.056340,-8.000000,10.000000,7.960381
0.334489,-0.440360,-0.033052,0.045476,-6.000000,8.000000,8.008359
0.260840,-0.386658,-0.020784,0.035294,-4.000000,6.000000,8.056484
0.190260,-0.332955,-0.011476,0.026017,-2.000000,4.000000,8.104305
0.121214,-0.279253,-0.004396,0.018383,-1.000000,3.000000,8.152396
0.056771,-0.231688,0.000832,0.012476,0.000000,2.000000,8.200554
-0.001534,-0.187191,0.004759,0.008306,1.000000,1.000000,8.248442
-0.049099,-0.148832,0.006015,0.005453,1.000000,1.000000,8.296582
-0.070580,-0.119680,0.003849,0.003687,1.000000,1.000000,8.344288
-0.076718,-0.098199,0.002667,0.002701,0.000000,0.000000,8.392603
-0.078252,-0.081321,0.002357,0.002097,0.000000,0.000000,8.440476
-0.078252,-0.075183,0.002318,0.002017,0.000000,0.000000,8.488402
-0.079786,-0.075183,0.002367,0.002221,0.000000,0.000000,8.536437
-0.079786,-0.075183,0.002367,0.002221,0.000000,0.000000,8.584534
-0.079786,-0.075183,0.002367,0.002221,0.000000,0.000000,8.632601
-0.079786,-0.075183,0.002367,0.002221,0.000000,0.000000,8.680434
-0.081321,-0.075183,0.002416,0.002221,0.000000,0.000000,8.728484
-0.079786,-0.075183,0.002367,0.002221,0.000000,0.000000,8.776417
-0.079786,-0.075183,0.002367,0.002221,0.000000,0.000000,8.824471
-0.079786,-0.075183,0.002367,0.002221,0.000000,0.000000,8.872448
-0.079786,-0.075183,0.002367,0.002221,0.000000,0.000000,8.920393
-0.079786,-0.075183,0.002367,0.002221,0.000000,0.000000,8.968476
-0.079786,-0.076718,0.002367,0.002270,0.000000,0.000000,9.016398
-0.079786,-0.075183,0.002367,0.002221,0.000000,0.000000,9.064394
-0.079786,-0.076718,0.002367,0.002270,0.000000,0.000000,9.112455
-0.079786,-0.076718,0.002367,0.002270,0.000000,0.000000,9.160470
-0.081321,-0.076718,0.002416,0.002270,0.000000,0.000000,9.208375
-0.079786,-0.076718,0.002367,0.002270,0.000000,0.000000,9.256349
-0.079786,-0.076718,0.002367,0.002270,0.000000,0.000000,9.304455
-0.079786,-0.078252,0.002367,0.002318,0.000000,0.000000,9.352391
-0.078252,-0.079786,0.002318,0.002367,0.000000,0.000000,9.400429
-0.078252,-0.079786,0.002318,0.002367,0.000000,0.000000,9.448397
-0.076718,-0.079786,0.002270,0.002367,0.000000,0.000000,9.496465
-0.076718,-0.081321,0.002270,0.002416,0.000000,0.000000,9.544357
-0.076718,-0.081321,0.002270,0.002416,0.000000,0.000000,9.592338
-0.076718,-0.082855,0.002270,0.002465,0.000000,0.000000,9.640285
-0.076718,-0.084390,0.002270,0.002515,0.000000,0.000000,9.688326
-0.076718,-0.084390,0.002270,0.002515,0.000000,0.000000,9.736280
-0.075183,-0.084390,0.002221,0.002515,0.000000,0.000000,9.784373
-0.075183,-0.085924,0.002221,0.002564,0.000000,0.000000,9.832406
-0.075183,-0.085924,0.002221,0.002564,0.000000,0.000000,9.880354
-0.075183,-0.085924,0.002221,0.002564,0.000000,0.000000,9.928447
-0.075183,-0.087458,0.002221,0.002614,0.000000,0.000000,9.976429
-0.073649,-0.087458,0.002173,0.002614,0.000000,0.000000,10.024309
-0.073649,-0.088993,0.002173,0.002664,0.000000,0.000000,10.072441
-0.073649,-0.088993,0.002173,0.002664,0.000000,0.000000,10.120464
-0.073649,-0.088993,0.002173,0.002664,0.000000,0.000000,10.168308
-0.073649,-0.090527,0.002173,0.002715,0.000000,0.000000,10.216433
-0.073649,-0.092061,0.002173,0.002765,0.000000,0.000000,10.264378
-0.073649,-0.092061,0.002173,0.002765,0.000000,0.000000,10.312371
-0.073649,-0.092061,0.002173,0.002765,0.000000,0.000000,10.360361
-0.073649,-0.093596,0.002173,0.002816,0.000000,0.000000,10.408277
-0.072115,-0.093596,0.002125,0.002816,0.000000,0.000000,10.456334
-0.072115,-0.093596,0.002125,0.002816,0.000000,0.000000,10.504308
-0.072115,-0.095130,0.002125,0.002867,0.000000,0.000000,10.552290
-0.070580,-0.095130,0.002077,0.002867,0.000000,0.000000,10.600330
-0.072115,-0.095130,0.002125,0.002867,0.000000,0.000000,10.648321
-0.072115,-0.096664,0.002125,0.002918,0.000000,1.000000,10.696389
-0.070580,-0.096664,0.002077,0.002918,0.000000,1.000000,10.744459
-0.070580,-0.096664,0.002077,0.002918,0.000000,1.000000,10.792276
-0.070580,-0.096664,0.002077,0.002918,0.000000,1.000000,10.840445
-0.070580,-0.096664,0.002077,0.002918,0.000000,1.000000,10.888493
-0.070580,-0.098199,0.002077,0.002969,0.000000,1.000000,10.936298
-0.070580,-0.098199,0.002077,0.002969,0.000000,1.000000,10.984392
-0.070580,-0.098199,0.002077,0.002969,0.000000,1.000000,11.032343
-0.070580,-0.099733,0.002077,0.003021,0.000000,1.000000,11.080471
-0.070580,-0.101267,0.002077,0.003073,0.000000,1.000000,11.128497
-0.070580,-0.101267,0.002077,0.003073,0.000000,1.000000,11.176371
-0.070580,-0.101267,0.002077,0.003073,0.000000,1.000000,11.224400
-0.070580,-0.102802,0.002077,0.003125,0.000000,1.000000,11.272442
-0.070580,-0.102802,0.002077,0.003125,0.000000,1.000000,11.320462
-0.070580,-0.104336,0.002077,0.003178,0.000000,1.000000,11.368393
-0.070580,-0.104336,0.002077,0.003178,0.000000,1.000000,11.416290
-0.070580,-0.104336,0.002077,0.003178,0.000000,1.000000,11.464367
-0.069046,-0.105871,0.002029,0.003230,0.000000,1.000000,11.512469
-0.069046,-0.105871,0.002029,0.003230,0.000000,1.000000,11.560338
-0.069046,-0.107405,0.002029,0.003283,0.000000,1.000000,11.608295
-0.069046,-0.107405,0.002029,0.003283,0.000000,1.000000,11.656342
-0.069046,-0.108939,0.002029,0.003336,0.000000,1.000000,11.704253
-0.069046,-0.110474,0.002029,0.003433,0.000000,1.000000,11.752366
-0.065977,-0.113542,0.001899,0.003589,0.000000,1.000000,11.800322
-0.064443,-0.124283,0.001852,0.004304,0.000000,1.000000,11.848405
-0.056771,-0.144229,0.001524,0.006032,0.000000,1.000000,11.896325
-0.044496,-0.176451,0.000989,0.009949,0.000000,2.000000,11.944353
-0.026084,-0.219413,0.000262,0.016545,0.000000,3.000000,11.992454
0.000000,-0.263909,-0.000788,0.024846,0.000000,4.000000,12.040399
0.024550,-0.316077,-0.001804,0.038078,0.000000,7.000000,12.088434
0.050634,-0.369780,-0.002902,0.052874,0.000000,9.000000,12.136331
0.075183,-0.420413,-0.003793,0.067436,-1.000000,12.000000,12.184298
0.099733,-0.472581,-0.004718,0.085720,-1.000000,15.000000,12.232284
0.121214,-0.521681,-0.005708,0.098519,-1.000000,17.000000,12.280410
0.144229,-0.564643,-0.006679,0.104606,-1.000000,18.000000,12.328352
0.167245,-0.599933,-0.007920,0.110498,-1.000000,19.000000,12.376389
0.191794,-0.630620,-0.009628,0.112457,-2.000000,19.000000,12.424360
0.219413,-0.653635,-0.012454,0.109755,-2.000000,19.000000,12.472263
0.251634,-0.672048,-0.016425,0.108738,-3.000000,19.000000,12.520348
0.286924,-0.685857,-0.021841,0.107263,-4.000000,18.000000,12.568223
0.322215,-0.698132,-0.027993,0.110376,-5.000000,19.000000,12.616320
0.360574,-0.707338,-0.035184,0.112404,-6.000000,19.000000,12.664144
0.398932,-0.715010,-0.042724,0.114048,-7.000000,20.000000,12.712667
0.435757,-0.721147,-0.049876,0.116155,-9.000000,20.000000,12.760608
0.467978,-0.730353,-0.054027,0.121825,-9.000000,21.000000,12.808245
0.497131,-0.738025,-0.057807,0.126984,-10.000000,22.000000,12.856285
0.523215,-0.745697,-0.062500,0.130050,-11.000000,22.000000,12.904208
0.546231,-0.748765,-0.065381,0.129765,-11.000000,22.000000,12.952307
0.563108,-0.750300,-0.064562,0.127814,-11.000000,22.000000,13.000238
0.575383,-0.748765,-0.065260,0.126981,-11.000000,22.000000,13.048275
0.587658,-0.748765,-0.067247,0.126981,-12.000000,22.000000,13.096411
0.599933,-0.748765,-0.070312,0.126981,-12.000000,22.000000,13.144417
0.609139,-0.748765,-0.072528,0.126981,-12.000000,22.000000,13.192256
0.610673,-0.748765,-0.069818,0.126981,-12.000000,22.000000,13.240270
0.610673,-0.750300,-0.068620,0.127814,-12.000000,22.000000,13.288296
0.610673,-0.748765,-0.068620,0.126981,-12.000000,22.000000,13.336272
0.610673,-0.748765,-0.068620,0.126981,-12.000000,22.000000,13.384187
0.610673,-0.748765,-0.068620,0.126981,-12.000000,22.000000,13.432372
0.610673,-0.748765,-0.068620,0.126981,-12.000000,22.000000,13.480364
0.610673,-0.748765,-0.068620,0.126981,-12.000000,22.000000,13.528418
0.610673,-0.748765,-0.068620,0.126981,-12.000000,22.000000,13.576241
0.610673,-0.750300,-0.068620,0.127814,-12.000000,22.000000,13.624313
0.610673,-0.748765,-0.068620,0.126981,-12.000000,22.000000,13.672480
0.610673,-0.748765,-0.068620,0.126981,-12.000000,22.000000,13.720359
0.610673,-0.748765,-0.068620,0.126981,-12.000000,22.000000,13.768272
0.612208,-0.748765,-0.069112,0.126981,-12.000000,22.000000,13.816135
0.610673,-0.748765,-0.068620,0.126981,-12.000000,22.000000,13.864301
0.610673,-0.748765,-0.068620,0.126981,-12.000000,22.000000,13.912248
0.610673,-0.748765,-0.068620,0.126981,-12.000000,22.000000,13.960170
0.610673,-0.748765,-0.068620,0.126981,-12.000000,22.000000,14.008281
0.610673,-0.748765,-0.068620,0.126981,-12.000000,22.000000,14.056277
0.610673,-0.750300,-0.068620,0.127814,-12.000000,22.000000,14.104401
0.610673,-0.748765,-0.068620,0.126981,-12.000000,22.000000,14.152271
0.610673,-0.748765,-0.068620,0.126981,-12.000000,22.000000,14.200353
0.610673,-0.748765,-0.068620,0.126981,-12.000000,22.000000,14.248217
0.610673,-0.748765,-0.068620,0.126981,-12.000000,22.000000,14.296231
0.610673,-0.748765,-0.068620,0.126981,-12.000000,22.000000,14.344296
0.610673,-0.748765,-0.068620,0.126981,-12.000000,22.000000,14.392401
0.610673,-0.748765,-0.068620,0.126981,-12.000000,22.000000,14.440256
0.610673,-0.748765,-0.068620,0.126981,-12.000000,22.000000,14.488338
0.610673,-0.748765,-0.068620,0.126981,-12.000000,22.000000,14.536123
0.612208,-0.748765,-0.069112,0.126981,-12.000000,22.000000,14.584191
0.610673,-0.748765,-0.068620,0.126981,-12.000000,22.000000,14.632410
0.612208,-0.748765,-0.069112,0.126981,-12.000000,22.000000,14.680223
0.610673,-0.748765,-0.068620,0.126981,-12.000000,22.000000,14.728196
0.610673,-0.748765,-0.068620,0.126981,-12.000000,22.000000,14.776258
0.610673,-0.748765,-0.068620,0.126981,-12.000000,22.000000,14.824367
0.610673,-0.748765,-0.068620,0.126981,-12.000000,22.000000,14.872425
0.610673,-0.748765,-0.068620,0.126981,-12.000000,22.000000,14.920320
0.610673,-0.748765,-0.068620,0.126981,-12.000000,22.000000,14.968252
0.610673,-0.748765,-0.068620,0.126981,-12.000000,22.000000,15.016244
0.610673,-0.750300,-0.068620,0.127814,-12.000000,22.000000,15.064213
0.610673,-0.748765,-0.068620,0.126981,-12.000000,22.000000,15.112233
0.612208,-0.748765,-0.069112,0.126981,-12.000000,22.000000,15.160192
0.610673,-0.748765,-0.068620,0.126981,-12.000000,22.000000,15.208466
0.610673,-0.748765,-0.068620,0.126981,-12.000000,22.000000,15.256211
0.610673,-0.748765,-0.068620,0.126981,-12.000000,22.000000,15.304306
0.610673,-0.748765,-0.068620,0.126981,-12.000000,22.000000,15.352383
0.610673,-0.748765,-0.068620,0.126981,-12.000000,22.000000,15.400287
0.612208,-0.745697,-0.069112,0.124519,-12.000000,21.000000,15.448395
0.610673,-0.741094,-0.068620,0.122088,-12.000000,21.000000,15.496224
0.610673,-0.739559,-0.068620,0.121286,-12.000000,21.000000,15.544190
0.610673,-0.739559,-0.068620,0.122079,-12.000000,21.000000,15.592327
0.610673,-0.741094,-0.068620,0.122885,-12.000000,21.000000,15.640268
0.610673,-0.739559,-0.068620,0.122079,-12.000000,21.000000,15.688168
0.610673,-0.739559,-0.068620,0.122079,-12.000000,21.000000,15.736259
0.612208,-0.739559,-0.069112,0.122079,-12.000000,21.000000,15.784197
0.610673,-0.739559,-0.068620,0.122079,-12.000000,21.000000,15.832325
0.610673,-0.739559,-0.068620,0.122079,-12.000000,21.000000,15.880385
0.610673,-0.739559,-0.068620,0.122079,-12.000000,21.000000,15.928261
0.610673,-0.739559,-0.068620,0.122079,-12.000000,21.000000,15.976340
0.610673,-0.739559,-0.068620,0.122079,-12.000000,21.000000,16.024410
0.612208,-0.739559,-0.069112,0.122079,-12.000000,21.000000,16.072250
0.610673,-0.739559,-0.068620,0.122079,-12.000000,21.000000,16.120269
0.610673,-0.739559,-0.068620,0.122079,-12.000000,21.000000,16.168294
0.610673,-0.739559,-0.068620,0.122079,-12.000000,21.000000,16.216159
0.612208,-0.739559,-0.069112,0.122079,-12.000000,21.000000,16.264209
0.610673,-0.739559,-0.068620,0.122079,-12.000000,21.000000,16.312343
0.610673,-0.739559,-0.068620,0.122079,-12.000000,21.000000,16.360350
0.610673,-0.739559,-0.068620,0.122079,-12.000000,21.000000,16.408134
0.612208,-0.739559,-0.069112,0.122079,-12.000000,21.000000,16.456109
0.612208,-0.739559,-0.069112,0.122079,-12.000000,21.000000,16.504178
0.610673,-0.739559,-0.068620,0.122079,-12.000000,21.000000,16.552066
0.610673,-0.739559,-0.068620,0.122079,-12.000000,21.000000,16.600120
0.610673,-0.736491,-0.068620,0.119697,-12.000000,21.000000,16.648270
0.612208,-0.725750,-0.069112,0.114033,-12.000000,20.000000,16.696317
0.610673,-0.704269,-0.068620,0.106924,-12.000000,18.000000,16.744100
0.610673,-0.675116,-0.068620,0.100829,-12.000000,17.000000,16.792159
0.609139,-0.636757,-0.067852,0.095142,-12.000000,16.000000,16.840316
0.604536,-0.589192,-0.065919,0.086412,-11.000000,15.000000,16.888179
0.595330,-0.532421,-0.063122,0.074101,-11.000000,13.000000,16.936189
0.578452,-0.469513,-0.059501,0.059051,-10.000000,10.000000,16.984113
0.555437,-0.402001,-0.055292,0.045663,-9.000000,8.000000,17.035335
0.524750,-0.328352,-0.050768,0.030482,-9.000000,5.000000,17.080057
0.494062,-0.265443,-0.045326,0.020047,-8.000000,3.000000,17.128133
0.460307,-0.205604,-0.039279,0.011875,-7.000000,2.000000,17.176184
0.423482,-0.150367,-0.033381,0.006431,-6.000000,1.000000,17.224295
0.383589,-0.105871,-0.027746,0.003241,-5.000000,1.000000,17.272278
0.342161,-0.072115,-0.022663,0.001565,-4.000000,0.000000,17.320163
0.302268,-0.042962,-0.017881,0.000505,-3.000000,0.000000,17.368195
0.259306,-0.027618,-0.013600,0.000277,-2.000000,0.000000,17.416182
0.219413,-0.026084,-0.010284,0.000681,-2.000000,0.000000,17.464186
0.179520,-0.027618,-0.007375,0.000793,-1.000000,0.000000,17.512178
0.142695,-0.027618,-0.005058,0.000793,-1.000000,0.000000,17.560156
0.108939,-0.027618,-0.003273,0.000793,-1.000000,0.000000,17.608158
0.076718,-0.027618,-0.001823,0.000793,0.000000,0.000000,17.656170
0.050634,-0.027618,-0.000863,0.000793,0.000000,0.000000,17.704259
0.036825,-0.027618,-0.000610,0.000793,0.000000,0.000000,17.752087
0.033756,-0.027618,-0.000839,0.000793,0.000000,0.000000,17.800279
0.033756,-0.027618,-0.000971,0.000793,0.000000,0.000000,17.848082
0.033756,-0.027618,-0.000971,0.000793,0.000000,0.000000,17.896188
0.032221,-0.027618,-0.000926,0.000793,0.000000,0.000000,17.944325
0.033756,-0.027618,-0.000971,0.000793,0.000000,0.000000,17.992306
0.033756,-0.027618,-0.000971,0.000793,0.000000,0.000000,18.040145
0.033756,-0.027618,-0.000971,0.000793,0.000000,0.000000,18.088170
0.033756,-0.027618,-0.000971,0.000793,0.000000,0.000000,18.136115
0.033756,-0.027618,-0.000971,0.000793,0.000000,0.000000,18.184097
0.035290,-0.027618,-0.001016,0.000793,0.000000,0.000000,18.232221
0.035290,-0.029153,-0.001016,0.000837,0.000000,0.000000,18.280280
0.035290,-0.029153,-0.001016,0.000837,0.000000,0.000000,18.328060
0.035290,-0.029153,-0.001016,0.000837,0.000000,0.000000,18.376169
0.035290,-0.029153,-0.001016,0.000837,0.000000,0.000000,18.424153
0.035290,-0.029153,-0.001016,0.000837,0.000000,0.000000,18.472154
0.036825,-0.029153,-0.001061,0.000837,0.000000,0.000000,18.520200
0.036825,-0.030687,-0.001061,0.000882,0.000000,0.000000,18.568314
0.036825,-0.030687,-0.001061,0.000882,0.000000,0.000000,18.616078
0.036825,-0.030687,-0.001061,0.000882,0.000000,0.000000,18.664209
0.036825,-0.030687,-0.001061,0.000882,0.000000,0.000000,18.712170
0.038359,-0.030687,-0.001106,0.000882,0.000000,0.000000,18.760130
0.038359,-0.030687,-0.001106,0.000882,0.000000,0.000000,18.808174
0.038359,-0.030687,-0.001106,0.000882,0.000000,0.000000,18.856161
0.038359,-0.030687,-0.001106,0.000882,0.000000,0.000000,18.904810
0.038359,-0.032221,-0.001106,0.000926,0.000000,0.000000,18.952080
0.038359,-0.032221,-0.001106,0.000926,0.000000,0.000000,19.000194
0.038359,-0.032221,-0.001106,0.000926,0.000000,0.000000,19.048164
0.038359,-0.032221,-0.001106,0.000926,0.000000,0.000000,19.096125
0.038359,-0.032221,-0.001106,0.000926,0.000000,0.000000,19.144074
0.038359,-0.033756,-0.001106,0.000971,0.000000,0.000000,19.192204
0.038359,-0.035290,-0.001106,0.001016,0.000000,0.000000,19.240047
0.039893,-0.035290,-0.001151,0.001016,0.000000,0.000000,19.288218
0.038359,-0.035290,-0.001106,0.001016,0.000000,0.000000,19.336088
0.038359,-0.036825,-0.001106,0.001061,0.000000,0.000000,19.384066
0.038359,-0.036825,-0.001106,0.001061,0.000000,0.000000,19.432115
0.038359,-0.038359,-0.001106,0.001106,0.000000,0.000000,19.480010
0.038359,-0.038359,-0.001106,0.001106,0.000000,0.000000,19.528720
0.038359,-0.039893,-0.001106,0.001151,0.000000,0.000000,19.576072
0.039893,-0.039893,-0.001151,0.001151,0.000000,0.000000,19.624067
0.038359,-0.041428,-0.001106,0.001196,0.000000,0.000000,19.672197
0.038359,-0.041428,-0.001106,0.001196,0.000000,0.000000,19.720263
0.038359,-0.041428,-0.001106,0.001196,0.000000,0.000000,19.768102
0.038359,-0.042962,-0.001106,0.001241,0.000000,0.000000,19.816149
0.039893,-0.042962,-0.001151,0.001241,0.000000,0.000000,19.864205
0.039893,-0.044496,-0.001151,0.001286,0.000000,0.000000,19.912205
0.038359,-0.044496,-0.001106,0.001286,0.000000,0.000000,19.960090
0.038359,-0.046031,-0.001106,0.001332,0.000000,0.000000,20.008095
0.038359,-0.046031,-0.001106,0.001332,0.000000,0.000000,20.056125
0.039893,-0.047565,-0.001151,0.001377,0.000000,0.000000,20.104076
0.039893,-0.047565,-0.001151,0.001377,0.000000,0.000000,20.152154
0.038359,-0.049099,-0.001106,0.001423,0.000000,0.000000,20.200036
0.038359,-0.049099,-0.001106,0.001423,0.000000,0.000000,20.248035
0.038359,-0.050634,-0.001106,0.001469,0.000000,0.000000,20.296213
0.039893,-0.052168,-0.001151,0.001515,0.000000,0.000000,20.344001
0.038359,-0.052168,-0.001106,0.001515,0.000000,0.000000,20.392256
0.039893,-0.052168,-0.001151,0.001515,0.000000,0.000000,20.440077
0.038359,-0.053702,-0.001106,0.001561,0.000000,0.000000,20.488186
0.039893,-0.053702,-0.001151,0.001561,0.000000,0.000000,20.536163
0.038359,-0.053702,-0.001106,0.001561,0.000000,0.000000,20.584195
0.039893,-0.055237,-0.001151,0.001644,0.000000,0.000000,20.632126
0.041428,-0.058306,-0.001232,0.001776,0.000000,0.000000,20.680115
0.047565,-0.064443,-0.001492,0.002101,0.000000,0.000000,20.728098
0.059840,-0.079786,-0.002172,0.002982,0.000000,1.000000,20.776261
0.081321,-0.107405,-0.003481,0.005063,-1.000000,1.000000,20.824121
0.110474,-0.144229,-0.005863,0.008927,-1.000000,2.000000,20.872096
0.147298,-0.188726,-0.009129,0.015438,-2.000000,3.000000,20.920090
0.184123,-0.236291,-0.012487,0.021867,-2.000000,4.000000,20.968054
0.217878,-0.282321,-0.015008,0.029165,-3.000000,5.000000,21.016230
0.251634,-0.331421,-0.017357,0.038932,-3.000000,7.000000,21.064074
0.280787,-0.377451,-0.019446,0.047756,-3.000000,8.000000,21.112154
0.308405,-0.421948,-0.021553,0.057686,-4.000000,10.000000,21.160100
0.332955,-0.467978,-0.022916,0.069722,-4.000000,12.000000,21.208043
0.354436,-0.506337,-0.024592,0.076894,-4.000000,13.000000,21.256022
0.377451,-0.541627,-0.027211,0.081662,-5.000000,14.000000,21.304112
0.398932,-0.573849,-0.030458,0.085937,-5.000000,15.000000,21.352134
0.421948,-0.599933,-0.035018,0.090418,-6.000000,15.000000,21.399919
0.446497,-0.621414,-0.040480,0.090201,-7.000000,15.000000,21.447981
0.469513,-0.636757,-0.045355,0.088889,-8.000000,15.000000,21.495991
0.492528,-0.649032,-0.050720,0.088945,-9.000000,15.000000,21.543974
0.514009,-0.658238,-0.055094,0.090603,-9.000000,16.000000,21.592325
0.537024,-0.667445,-0.061420,0.093443,-11.000000,16.000000,21.640145
0.558505,-0.675116,-0.066612,0.096675,-11.000000,17.000000,21.688111
0.576918,-0.682788,-0.069994,0.099087,-12.000000,17.000000,21.736175
0.592261,-0.691994,-0.072700,0.103180,-12.000000,18.000000,21.784129
0.606070,-0.699666,-0.075189,0.107670,-13.000000,18.000000,21.832110
0.619880,-0.707338,-0.078992,0.110321,-14.000000,19.000000,21.880092
0.632154,-0.715010,-0.082452,0.114048,-14.000000,20.000000,21.928083
0.639826,-0.719613,-0.082561,0.114534,-14.000000,20.000000,21.976134
0.641361,-0.719613,-0.079879,0.112509,-14.000000,19.000000,22.024028
0.641361,-0.719613,-0.079054,0.112010,-14.000000,19.000000,22.072041
0.641361,-0.718078,-0.079054,0.111266,-14.000000,19.000000,22.120207
0.642895,-0.719613,-0.079609,0.112010,-14.000000,19.000000,22.168104
0.641361,-0.718078,-0.079054,0.111266,-14.000000,19.000000,22.216150
0.642895,-0.718078,-0.079609,0.111266,-14.000000,19.000000,22.264128
0.641361,-0.718078,-0.079054,0.111266,-14.000000,19.000000,22.312092
0.642895,-0.718078,-0.079609,0.111266,-14.000000,19.000000,22.360024
0.642895,-0.719613,-0.079609,0.112010,-14.000000,19.000000,22.408049
0.641361,-0.718078,-0.079054,0.111266,-14.000000,19.000000,22.455980
0.641361,-0.718078,-0.079054,0.111266,-14.000000,19.000000,22.504116
0.642895,-0.718078,-0.079609,0.111266,-14.000000,19.000000,22.551963
0.641361,-0.718078,-0.079054,0.111266,-14.000000,19.000000,22.599998
0.642895,-0.718078,-0.079609,0.111266,-14.000000,19.000000,22.648023
0.641361,-0.718078,-0.079054,0.111266,-14.000000,19.000000,22.695921
0.642895,-0.718078,-0.079609,0.111266,-14.000000,19.000000,22.744033
0.641361,-0.718078,-0.079054,0.111266,-14.000000,19.000000,22.792285
0.641361,-0.719613,-0.079054,0.112010,-14.000000,19.000000,22.840016
0.641361,-0.719613,-0.079054,0.112010,-14.000000,19.000000,22.887977
0.641361,-0.718078,-0.079054,0.111266,-14.000000,19.000000,22.935913
0.641361,-0.718078,-0.079054,0.111266,-14.000000,19.000000,22.984062
0.641361,-0.718078,-0.079054,0.111266,-14.000000,19.000000,23.032078
0.641361,-0.719613,-0.079054,0.112010,-14.000000,19.000000,23.080623
0.641361,-0.718078,-0.079054,0.111266,-14.000000,19.000000,23.127967
0.642895,-0.718078,-0.079609,0.111266,-14.000000,19.000000,23.176024
0.641361,-0.718078,-0.079054,0.111266,-14.000000,19.000000,23.223959
0.641361,-0.718078,-0.079054,0.111266,-14.000000,19.000000,23.272005
0.642895,-0.719613,-0.079609,0.112010,-14.000000,19.000000,23.320000
0.641361,-0.718078,-0.079054,0.111266,-14.000000,19.000000,23.367941
0.641361,-0.718078,-0.079054,0.111266,-14.000000,19.000000,23.416087
0.642895,-0.718078,-0.079609,0.111266,-14.000000,19.000000,23.464145
0.642895,-0.718078,-0.079609,0.111266,-14.000000,19.000000,23.512074
0.641361,-0.718078,-0.079054,0.111266,-14.000000,19.000000,23.560095
0.641361,-0.718078,-0.079054,0.111266,-14.000000,19.000000,23.608120
0.642895,-0.719613,-0.079609,0.112010,-14.000000,19.000000,23.656059
0.641361,-0.718078,-0.079054,0.111266,-14.000000,19.000000,23.704139
0.642895,-0.718078,-0.079609,0.111266,-14.000000,19.000000,23.752019
0.641361,-0.718078,-0.079054,0.111266,-14.000000,19.000000,23.799966
0.641361,-0.718078,-0.079054,0.111266,-14.000000,19.000000,23.848012
0.642895,-0.719613,-0.079609,0.112010,-14.000000,19.000000,23.895879
0.641361,-0.718078,-0.079054,0.111266,-14.000000,19.000000,23.943983
0.641361,-0.718078,-0.079054,0.111266,-14.000000,19.000000,23.991952
0.642895,-0.718078,-0.079609,0.111266,-14.000000,19.000000,24.040045
0.642895,-0.719613,-0.079609,0.112010,-14.000000,19.000000,24.087943
0.641361,-0.719613,-0.079054,0.112010,-14.000000,19.000000,24.135849
0.641361,-0.719613,-0.079054,0.112010,-14.000000,19.000000,24.183879
0.641361,-0.719613,-0.079054,0.112010,-14.000000,19.000000,24.232127
0.641361,-0.719613,-0.079054,0.112010,-14.000000,19.000000,24.280066
0.641361,-0.719613,-0.079054,0.112010,-14.000000,19.000000,24.327928
0.641361,-0.718078,-0.079054,0.111266,-14.000000,19.000000,24.376071
0.642895,-0.718078,-0.079609,0.111266,-14.000000,19.000000,24.423906
0.642895,-0.718078,-0.079609,0.111266,-14.000000,19.000000,24.472114
0.641361,-0.718078,-0.079054,0.111266,-14.000000,19.000000,24.520032
0.641361,-0.718078,-0.079054,0.111266,-14.000000,19.000000,24.568038
0.642895,-0.718078,-0.079609,0.111266,-14.000000,19.000000,24.616044
0.641361,-0.719613,-0.079054,0.112010,-14.000000,19.000000,24.664147
0.641361,-0.719613,-0.079054,0.112010,-14.000000,19.000000,24.712049
0.642895,-0.718078,-0.079609,0.111266,-14.000000,19.000000,24.759969
0.642895,-0.718078,-0.079609,0.111266,-14.000000,19.000000,24.808026
0.641361,-0.718078,-0.079054,0.111266,-14.000000,19.000000,24.858156
0.641361,-0.718078,-0.079054,0.111266,-14.000000,19.000000,24.903953
0.642895,-0.718078,-0.079609,0.111266,-14.000000,19.000000,24.952068
0.642895,-0.718078,-0.079609,0.111266,-14.000000,19.000000,24.999947
0.641361,-0.718078,-0.079054,0.111266,-14.000000,19.000000,25.047913
0.641361,-0.718078,-0.079054,0.111266,-14.000000,19.000000,25.095876
0.641361,-0.719613,-0.079054,0.112010,-14.000000,19.000000,25.143990
0.641361,-0.719613,-0.079054,0.112010,-14.000000,19.000000,25.192052
0.641361,-0.718078,-0.079054,0.111266,-14.000000,19.000000,25.239967
0.641361,-0.718078,-0.079054,0.111266,-14.000000,19.000000,25.287992
0.642895,-0.718078,-0.079609,0.111266,-14.000000,19.000000,25.335991
0.642895,-0.719613,-0.079609,0.112010,-14.000000,19.000000,25.384025
0.641361,-0.718078,-0.079054,0.111266,-14.000000,19.000000,25.432016
0.641361,-0.718078,-0.079054,0.111266,-14.000000,19.000000,25.479963
0.642895,-0.719613,-0.079609,0.112010,-14.000000,19.000000,25.528047
0.642895,-0.719613,-0.079609,0.112010,-14.000000,19.000000,25.575966
0.639826,-0.718078,-0.078501,0.111266,-13.000000,19.000000,25.624079
0.638292,-0.716544,-0.077642,0.110526,-13.000000,19.000000,25.671992
0.632154,-0.711941,-0.074946,0.107216,-13.000000,18.000000,25.720052
0.616811,-0.696597,-0.070567,0.100893,-12.000000,17.000000,25.767947
0.593796,-0.673582,-0.066952,0.095489,-11.000000,16.000000,25.816068
0.563108,-0.641361,-0.061088,0.088743,-10.000000,15.000000,25.863883
0.527818,-0.601467,-0.054998,0.082301,-9.000000,14.000000,25.911894
0.487925,-0.553902,-0.047887,0.074551,-8.000000,13.000000,25.959895
0.446497,-0.498666,-0.040009,0.061970,-7.000000,11.000000,26.008032
0.403535,-0.438826,-0.032404,0.049698,-6.000000,9.000000,26.055888
0.359039,-0.375917,-0.025757,0.036606,-4.000000,6.000000,26.104012
0.317612,-0.313008,-0.019928,0.025748,-3.000000,4.000000,26.151945
0.277718,-0.251634,-0.015335,0.016941,-3.000000,3.000000,26.199810
0.239359,-0.193329,-0.011528,0.010140,-2.000000,2.000000,26.247870
0.202535,-0.141161,-0.008559,0.005700,-1.000000,1.000000,26.295941
0.168779,-0.095130,-0.006309,0.002622,-1.000000,0.000000,26.343904
0.139626,-0.053702,-0.004620,0.000527,-1.000000,0.000000,26.391834
0.116611,-0.029153,-0.003449,-0.000032,-1.000000,0.000000,26.439915
0.096664,-0.026084,-0.002637,0.000552,0.000000,0.000000,26.487973
0.079786,-0.026084,-0.002054,0.000748,0.000000,0.000000,26.536014
0.073649,-0.026084,-0.001947,0.000748,0.000000,0.000000,26.583964
0.073649,-0.026084,-0.002173,0.000748,0.000000,0.000000,26.632097
0.073649,-0.026084,-0.002173,0.000748,0.000000,0.000000,26.679841
0.073649,-0.026084,-0.002173,0.000748,0.000000,0.000000,26.727968
0.073649,-0.026084,-0.002173,0.000748,0.000000,0.000000,26.775950
0.070580,-0.026084,-0.002041,0.000748,0.000000,0.000000,26.823866
0.070580,-0.026084,-0.002077,0.000748,0.000000,0.000000,26.871886
0.070580,-0.026084,-0.002077,0.000748,0.000000,0.000000,26.919811
0.070580,-0.026084,-0.002077,0.000748,0.000000,0.000000,26.967986
0.070580,-0.026084,-0.002077,0.000748,0.000000,0.000000,27.016111
0.070580,-0.026084,-0.002077,0.000748,0.000000,0.000000,27.064000
0.070580,-0.026084,-0.002077,0.000748,0.000000,0.000000,27.111945
0.070580,-0.026084,-0.002077,0.000748,0.000000,0.000000,27.160019
0.072115,-0.027618,-0.002125,0.000793,0.000000,0.000000,27.207993
0.072115,-0.026084,-0.002163,0.000748,0.000000,0.000000,27.255952
0.073649,-0.026084,-0.002173,0.000748,0.000000,0.000000,27.303837
0.073649,-0.027618,-0.002173,0.000793,0.000000,0.000000,27.351835
0.073649,-0.027618,-0.002173,0.000793,0.000000,0.000000,27.399798
0.073649,-0.026084,-0.002173,0.000748,0.000000,0.000000,27.447849
0.073649,-0.026084,-0.002173,0.000748,0.000000,0.000000,27.495906
0.073649,-0.026084,-0.002173,0.000748,0.000000,0.000000,27.543750
0.073649,-0.026084,-0.002173,0.000748,0.000000,0.000000,27.592081
0.073649,-0.026084,-0.002173,0.000748,0.000000,0.000000,27.639966
0.073649,-0.027618,-0.002173,0.000793,0.000000,0.000000,27.687827
0.073649,-0.026084,-0.002173,0.000748,0.000000,0.000000,27.735786
0.075183,-0.026084,-0.002221,0.000748,0.000000,0.000000,27.786908
0.073649,-0.026084,-0.002173,0.000748,0.000000,0.000000,27.831907
0.073649,-0.026084,-0.002173,0.000748,0.000000,0.000000,27.880051
0.073649,-0.026084,-0.002173,0.000748,0.000000,0.000000,27.927838
0.073649,-0.026084,-0.002173,0.000748,0.000000,0.000000,27.975959
0.073649,-0.026084,-0.002173,0.000748,0.000000,0.000000,28.023869
0.073649,-0.026084,-0.002173,0.000748,0.000000,0.000000,28.071941
0.073649,-0.026084,-0.002173,0.000748,0.000000,0.000000,28.119761
0.073649,-0.026084,-0.002173,0.000748,0.000000,0.000000,28.167733
0.073649,-0.026084,-0.002173,0.000748,0.000000,0.000000,28.215971
0.073649,-0.026084,-0.002173,0.000748,0.000000,0.000000,28.263971
0.073649,-0.026084,-0.002173,0.000748,0.000000,0.000000,28.311889
0.073649,-0.026084,-0.002173,0.000748,0.000000,0.000000,28.359991
0.073649,-0.027618,-0.002173,0.000793,0.000000,0.000000,28.407870
0.073649,-0.027618,-0.002173,0.000793,0.000000,0.000000,28.455773
0.073649,-0.027618,-0.002173,0.000793,0.000000,0.000000,28.503860
0.073649,-0.027618,-0.002173,0.000793,0.000000,0.000000,28.551880
0.073649,-0.027618,-0.002173,0.000793,0.000000,0.000000,28.600124
0.073649,-0.027618,-0.002173,0.000793,0.000000,0.000000,28.647764
0.075183,-0.027618,-0.002221,0.000793,0.000000,0.000000,28.695759
0.073649,-0.027618,-0.002173,0.000793,0.000000,0.000000,28.743802
0.073649,-0.027618,-0.002173,0.000793,0.000000,0.000000,28.791747
0.075183,-0.029153,-0.002221,0.000837,0.000000,0.000000,28.839821
0.075183,-0.029153,-0.002221,0.000837,0.000000,0.000000,28.887936
0.073649,-0.029153,-0.002173,0.000837,0.000000,0.000000,28.935795
0.075183,-0.029153,-0.002221,0.000837,0.000000,0.000000,28.983794
0.075183,-0.029153,-0.002221,0.000837,0.000000,0.000000,29.031969
0.075183,-0.030687,-0.002221,0.000882,0.000000,0.000000,29.079920
0.073649,-0.030687,-0.002173,0.000882,0.000000,0.000000,29.127851
0.075183,-0.030687,-0.002221,0.000882,0.000000,0.000000,29.175811
0.073649,-0.030687,-0.002173,0.000882,0.000000,0.000000,29.223885
0.075183,-0.030687,-0.002221,0.000882,0.000000,0.000000,29.271921
0.075183,-0.030687,-0.002221,0.000882,0.000000,0.000000,29.319832
0.073649,-0.030687,-0.002173,0.000882,0.000000,0.000000,29.367934
0.073649,-0.032221,-0.002173,0.000926,0.000000,0.000000,29.415856
0.073649,-0.032221,-0.002173,0.000926,0.000000,0.000000,29.463906
0.073649,-0.032221,-0.002173,0.000926,0.000000,0.000000,29.511871
0.075183,-0.032221,-0.002221,0.000926,0.000000,0.000000,29.559830
0.073649,-0.032221,-0.002173,0.000926,0.000000,0.000000,29.607938
0.075183,-0.035290,-0.002221,0.001016,0.000000,0.000000,29.655710
0.076718,-0.035290,-0.002270,0.001016,0.000000,0.000000,29.703795
0.078252,-0.038359,-0.002357,0.001141,0.000000,0.000000,29.751768
0.082855,-0.042962,-0.002593,0.001354,0.000000,0.000000,29.799905
0.096664,-0.055237,-0.003429,0.002023,-1.000000,0.000000,29.847879
0.119680,-0.073649,-0.005188,0.003007,-1.000000,1.000000,29.895741
0.151901,-0.102802,-0.008883,0.005314,-2.000000,1.000000,29.943757
0.196397,-0.139626,-0.015243,0.009183,-3.000000,2.000000,29.991929
0.243963,-0.185657,-0.023547,0.015140,-4.000000,3.000000,30.039873
0.296131,-0.234756,-0.035294,0.022332,-6.000000,4.000000,30.087828
0.349833,-0.282321,-0.049265,0.030030,-8.000000,5.000000,30.135888
0.405070,-0.329886,-0.064464,0.038626,-11.000000,7.000000,30.183759
0.452635,-0.371314,-0.074206,0.042618,-13.000000,7.000000,30.231845
0.494062,-0.406604,-0.076547,0.043232,-13.000000,7.000000,30.279741
0.526284,-0.438826,-0.074396,0.046932,-13.000000,8.000000,30.327861
0.550834,-0.467978,-0.069542,0.050298,-12.000000,9.000000,30.375781
0.567711,-0.489459,-0.065960,0.051031,-11.000000,9.000000,30.423784
0.578452,-0.510940,-0.064421,0.053247,-11.000000,9.000000,30.471703
0.589192,-0.532421,-0.066895,0.057882,-11.000000,10.000000,30.519771
0.599933,-0.550834,-0.069508,0.062007,-12.000000,11.000000,30.567768
0.609139,-0.572315,-0.073359,0.069726,-13.000000,12.000000,30.615799
0.619880,-0.590727,-0.076192,0.075854,-13.000000,13.000000,30.663792
0.627551,-0.607605,-0.078084,0.079200,-13.000000,14.000000,30.711794
0.633689,-0.622948,-0.078826,0.082337,-14.000000,14.000000,30.759792
0.638292,-0.636757,-0.079852,0.085246,-14.000000,15.000000,30.807844
0.642895,-0.649032,-0.080955,0.090057,-14.000000,15.000000,30.855868
0.645964,-0.661307,-0.081570,0.093937,-14.000000,16.000000,30.903720
0.647498,-0.672048,-0.082140,0.098499,-14.000000,17.000000,30.951845
0.652101,-0.684323,-0.084405,0.103945,-14.000000,18.000000,30.999831
0.655170,-0.698132,-0.085582,0.110376,-15.000000,19.000000,31.047870
0.659773,-0.707338,-0.087374,0.112404,-15.000000,19.000000,31.095906
0.661307,-0.708872,-0.086949,0.108585,-15.000000,19.000000,31.143815
0.661307,-0.708872,-0.086541,0.106888,-15.000000,18.000000,31.191777
0.661307,-0.708872,-0.086541,0.106888,-15.000000,18.000000,31.239720
0.661307,-0.708872,-0.086541,0.106888,-15.000000,18.000000,31.287746
0.661307,-0.708872,-0.086541,0.106888,-15.000000,18.000000,31.335851
0.661307,-0.708872,-0.086541,0.106888,-15.000000,18.000000,31.383888
0.661307,-0.708872,-0.086541,0.106888,-15.000000,18.000000,31.431675
0.662842,-0.708872,-0.087142,0.106888,-15.000000,18.000000,31.479831
0.662842,-0.708872,-0.087142,0.106888,-15.000000,18.000000,31.527883
0.662842,-0.708872,-0.087142,0.106888,-15.000000,18.000000,31.575787
0.661307,-0.708872,-0.086541,0.106888,-15.000000,18.000000,31.623784
0.661307,-0.708872,-0.086541,0.106888,-15.000000,18.000000,31.671809
0.661307,-0.708872,-0.086541,0.106888,-15.000000,18.000000,31.719833
0.661307,-0.708872,-0.086541,0.106888,-15.000000,18.000000,31.767742
0.661307,-0.708872,-0.086541,0.106888,-15.000000,18.000000,31.815805
0.661307,-0.708872,-0.086541,0.106888,-15.000000,18.000000,31.863715
0.662842,-0.708872,-0.087142,0.106888,-15.000000,18.000000,31.911749
0.661307,-0.708872,-0.086541,0.106888,-15.000000,18.000000,31.959795
0.661307,-0.708872,-0.086541,0.106888,-15.000000,18.000000,32.007902
0.662842,-0.708872,-0.087142,0.106888,-15.000000,18.000000,32.055914
0.661307,-0.707338,-0.086541,0.106173,-15.000000,18.000000,32.103819
0.661307,-0.708872,-0.086541,0.106888,-15.000000,18.000000,32.151891
0.661307,-0.708872,-0.086541,0.106888,-15.000000,18.000000,32.199675
0.662842,-0.708872,-0.087142,0.106888,-15.000000,18.000000,32.247728
0.661307,-0.708872,-0.086541,0.106888,-15.000000,18.000000,32.295672
0.661307,-0.708872,-0.086541,0.106888,-15.000000,18.000000,32.343805
0.661307,-0.708872,-0.086541,0.106888,-15.000000,18.000000,32.391930
0.661307,-0.708872,-0.086541,0.106888,-15.000000,18.000000,32.439803
0.661307,-0.708872,-0.086541,0.106888,-15.000000,18.000000,32.487743
0.661307,-0.708872,-0.086541,0.106888,-15.000000,18.000000,32.535721
0.662842,-0.708872,-0.087142,0.106888,-15.000000,18.000000,32.583687
0.661307,-0.708872,-0.086541,0.106888,-15.000000,18.000000,32.631655
0.661307,-0.708872,-0.086541,0.106888,-15.000000,18.000000,32.679765
0.661307,-0.708872,-0.086541,0.106888,-15.000000,18.000000,32.727746
0.661307,-0.708872,-0.086541,0.106888,-15.000000,18.000000,32.775749
0.661307,-0.708872,-0.086541,0.106888,-15.000000,18.000000,32.823806
0.662842,-0.708872,-0.087142,0.106888,-15.000000,18.000000,32.871755
0.661307,-0.708872,-0.086541,0.106888,-15.000000,18.000000,32.919777
0.662842,-0.708872,-0.087142,0.106888,-15.000000,18.000000,32.967809
0.661307,-0.708872,-0.086541,0.106888,-15.000000,18.000000,33.015692
0.661307,-0.708872,-0.086541,0.106888,-15.000000,18.000000,33.063936
0.661307,-0.708872,-0.086541,0.106888,-15.000000,18.000000,33.111877
0.661307,-0.708872,-0.086541,0.106888,-15.000000,18.000000,33.159746
0.661307,-0.708872,-0.086541,0.106888,-15.000000,18.000000,33.207857
0.661307,-0.708872,-0.086541,0.106888,-15.000000,18.000000,33.255888
0.661307,-0.708872,-0.086541,0.106888,-15.000000,18.000000,33.303824
0.661307,-0.708872,-0.086541,0.106888,-15.000000,18.000000,33.351664
0.661307,-0.708872,-0.086541,0.106888,-15.000000,18.000000,33.399618
0.661307,-0.708872,-0.086541,0.106888,-15.000000,18.000000,33.447739
0.661307,-0.708872,-0.086541,0.106888,-15.000000,18.000000,33.495846
0.661307,-0.708872,-0.086541,0.106888,-15.000000,18.000000,33.543816
0.661307,-0.708872,-0.086541,0.106888,-15.000000,18.000000,33.591767
0.661307,-0.708872,-0.086541,0.106888,-15.000000,18.000000,33.639823
0.661307,-0.708872,-0.086541,0.106888,-15.000000,18.000000,33.687847
0.661307,-0.708872,-0.086541,0.106888,-15.000000,18.000000,33.735631
0.661307,-0.708872,-0.086541,0.106888,-15.000000,18.000000,33.783749
0.661307,-0.708872,-0.086541,0.106888,-15.000000,18.000000,33.831632
0.661307,-0.708872,-0.086541,0.106888,-15.000000,18.000000,33.879736
0.661307,-0.708872,-0.086541,0.106888,-15.000000,18.000000,33.927763
0.661307,-0.708872,-0.086541,0.106888,-15.000000,18.000000,33.975689
0.661307,-0.708872,-0.086541,0.106888,-15.000000,18.000000,34.023694
0.661307,-0.708872,-0.086541,0.106888,-15.000000,18.000000,34.071695
0.662842,-0.708872,-0.087142,0.106888,-15.000000,18.000000,34.119693
0.661307,-0.707338,-0.086541,0.106173,-15.000000,18.000000,34.167785
0.661307,-0.708872,-0.086541,0.106888,-15.000000,18.000000,34.215804
0.662842,-0.708872,-0.087142,0.106888,-15.000000,18.000000,34.263692
0.661307,-0.708872,-0.086541,0.106888,-15.000000,18.000000,34.311700
0.661307,-0.708872,-0.086541,0.106888,-15.000000,18.000000,34.359603
0.661307,-0.708872,-0.086541,0.106888,-15.000000,18.000000,34.407853
0.661307,-0.708872,-0.086541,0.106888,-15.000000,18.000000,34.455716
0.661307,-0.708872,-0.086541,0.106888,-15.000000,18.000000,34.503761
0.661307,-0.708872,-0.086541,0.106888,-15.000000,18.000000,34.551761
0.661307,-0.708872,-0.086541,0.106888,-15.000000,18.000000,34.599818
0.661307,-0.708872,-0.086541,0.106888,-15.000000,18.000000,34.647746
0.655170,-0.708872,-0.083260,0.106888,-14.000000,18.000000,34.695615
0.638292,-0.704269,-0.077918,0.103822,-13.000000,18.000000,34.743779
0.615277,-0.693529,-0.073326,0.099027,-13.000000,17.000000,34.791767
0.584589,-0.675116,-0.068416,0.093434,-12.000000,16.000000,34.839776
0.546231,-0.647498,-0.061806,0.087341,-11.000000,15.000000,34.887793
0.501734,-0.612208,-0.054515,0.081777,-9.000000,14.000000,34.935747
0.452635,-0.569246,-0.045410,0.075278,-8.000000,13.000000,34.983693
0.403535,-0.518612,-0.036255,0.064039,-6.000000,11.000000,35.031782
0.348299,-0.461841,-0.027551,0.052429,-5.000000,9.000000,35.079727
0.296131,-0.402001,-0.020154,0.041569,-3.000000,7.000000,35.127625
0.245497,-0.339093,-0.014193,0.030120,-2.000000,5.000000,35.175730
0.196397,-0.274650,-0.009480,0.020442,-2.000000,4.000000,35.223815
0.151901,-0.214810,-0.006016,0.012818,-1.000000,2.000000,35.271627
0.110474,-0.156504,-0.003456,0.007109,-1.000000,1.000000,35.319611
0.073649,-0.104336,-0.001598,0.003171,0.000000,1.000000,35.367605
0.039893,-0.059840,-0.000217,0.000702,0.000000,0.000000,35.415720
0.018412,-0.026084,0.000243,-0.000492,0.000000,0.000000,35.463809
0.013809,-0.007672,-0.000159,-0.000522,0.000000,0.000000,35.511611
0.013809,-0.006137,-0.000395,0.000073,0.000000,0.000000,35.559646
0.013809,-0.007672,-0.000395,0.000219,0.000000,0.000000,35.607766
0.015344,-0.007672,-0.000439,0.000219,0.000000,0.000000,35.655644
0.016878,-0.007672,-0.000518,0.000219,0.000000,0.000000,35.703771
0.016878,-0.007672,-0.000483,0.000219,0.000000,0.000000,35.751795
0.016878,-0.009206,-0.000483,0.000263,0.000000,0.000000,35.799621
0.016878,-0.009206,-0.000483,0.000263,0.000000,0.000000,35.847709
0.016878,-0.009206,-0.000483,0.000263,0.000000,0.000000,35.895615
0.016878,-0.009206,-0.000483,0.000263,0.000000,0.000000,35.943790
0.016878,-0.009206,-0.000483,0.000263,0.000000,0.000000,35.991677
0.018412,-0.009206,-0.000527,0.000263,0.000000,0.000000,36.039635
0.018412,-0.009206,-0.000527,0.000263,0.000000,0.000000,36.087593
0.018412,-0.009206,-0.000527,0.000263,0.000000,0.000000,36.135685
0.018412,-0.010740,-0.000527,0.000307,0.000000,0.000000,36.183637
0.018412,-0.010740,-0.000527,0.000307,0.000000,0.000000,36.231713
0.018412,-0.010740,-0.000527,0.000307,0.000000,0.000000,36.279725
0.018412,-0.012275,-0.000527,0.000351,0.000000,0.000000,36.327656
0.018412,-0.012275,-0.000527,0.000351,0.000000,0.000000,36.375695
0.018412,-0.012275,-0.000527,0.000351,0.000000,0.000000,36.423671
0.018412,-0.012275,-0.000527,0.000351,0.000000,0.000000,36.471638
0.018412,-0.012275,-0.000527,0.000351,0.000000,0.000000,36.519649
0.018412,-0.012275,-0.000527,0.000351,0.000000,0.000000,36.567606
0.018412,-0.013809,-0.000527,0.000395,0.000000,0.000000,36.615556
0.018412,-0.013809,-0.000527,0.000395,0.000000,0.000000,36.663614
0.018412,-0.013809,-0.000527,0.000395,0.000000,0.000000,36.711682
0.018412,-0.013809,-0.000527,0.000395,0.000000,0.000000,36.759709
0.018412,-0.013809,-0.000527,0.000395,0.000000,0.000000,36.807776
0.018412,-0.015344,-0.000527,0.000439,0.000000,0.000000,36.855609
0.018412,-0.015344,-0.000527,0.000439,0.000000,0.000000,36.903638
0.018412,-0.015344,-0.000527,0.000439,0.000000,0.000000,36.951743
0.018412,-0.015344,-0.000527,0.000439,0.000000,0.000000,36.999709
0.018412,-0.015344,-0.000527,0.000439,0.000000,0.000000,37.047583
0.019947,-0.016878,-0.000571,0.000483,0.000000,0.000000,37.095696
0.018412,-0.016878,-0.000527,0.000483,0.000000,0.000000,37.143671
0.018412,-0.016878,-0.000527,0.000483,0.000000,0.000000,37.191571
0.019947,-0.016878,-0.000571,0.000483,0.000000,0.000000,37.239774
0.019947,-0.018412,-0.000571,0.000527,0.000000,0.000000,37.287639
0.018412,-0.018412,-0.000527,0.000527,0.000000,0.000000,37.335545
0.019947,-0.018412,-0.000571,0.000527,0.000000,0.000000,37.383475
0.018412,-0.018412,-0.000527,0.000527,0.000000,0.000000,37.431545
0.019947,-0.018412,-0.000571,0.000527,0.000000,0.000000,37.479569
0.019947,-0.019947,-0.000571,0.000571,0.000000,0.000000,37.527674
0.018412,-0.019947,-0.000527,0.000571,0.000000,0.000000,37.575450
0.018412,-0.019947,-0.000527,0.000571,0.000000,0.000000,37.623672
0.018412,-0.019947,-0.000527,0.000571,0.000000,0.000000,37.671607
0.019947,-0.019947,-0.000571,0.000571,0.000000,0.000000,37.719748
0.019947,-0.021481,-0.000571,0.000615,0.000000,0.000000,37.767455
0.019947,-0.021481,-0.000571,0.000615,0.000000,0.000000,37.815636
0.019947,-0.021481,-0.000571,0.000615,0.000000,0.000000,37.863467
0.019947,-0.021481,-0.000571,0.000615,0.000000,0.000000,37.911616
0.018412,-0.021481,-0.000527,0.000615,0.000000,0.000000,37.959669
0.019947,-0.021481,-0.000571,0.000615,0.000000,0.000000,38.007592
0.018412,-0.021481,-0.000527,0.000615,0.000000,0.000000,38.055628
0.019947,-0.023015,-0.000571,0.000660,0.000000,0.000000,38.103686
0.019947,-0.023015,-0.000571,0.000660,0.000000,0.000000,38.151553
0.019947,-0.023015,-0.000571,0.000660,0.000000,0.000000,38.199583
0.018412,-0.023015,-0.000527,0.000660,0.000000,0.000000,38.247644
0.018412,-0.024550,-0.000527,0.000704,0.000000,0.000000,38.295592
0.019947,-0.023015,-0.000571,0.000660,0.000000,0.000000,38.343528
0.018412,-0.024550,-0.000527,0.000704,0.000000,0.000000,38.391699
0.018412,-0.024550,-0.000527,0.000704,0.000000,0.000000,38.439890
0.019947,-0.024550,-0.000571,0.000704,0.000000,0.000000,38.487573
0.018412,-0.026084,-0.000527,0.000748,0.000000,0.000000,38.535542
0.018412,-0.026084,-0.000527,0.000748,0.000000,0.000000,38.583554
0.019947,-0.027618,-0.000571,0.000793,0.000000,0.000000,38.631822
0.019947,-0.027618,-0.000571,0.000793,0.000000,0.000000,38.679743
0.021481,-0.029153,-0.000650,0.000872,0.000000,0.000000,38.727644
0.024550,-0.033756,-0.000775,0.001081,0.000000,0.000000,38.775603
0.035290,-0.046031,-0.001297,0.001730,0.000000,0.000000,38.823642
0.055237,-0.065977,-0.002356,0.002816,0.000000,0.000000,38.871513
0.082855,-0.092061,-0.004250,0.004518,-1.000000,1.000000,38.919647
0.118145,-0.124283,-0.007081,0.006991,-1.000000,1.000000,38.967551
0.154970,-0.159573,-0.010253,0.009962,-2.000000,2.000000,39.015553
0.190260,-0.194863,-0.012994,0.012993,-2.000000,2.000000,39.063588
0.225550,-0.231688,-0.015727,0.016320,-3.000000,3.000000,39.111603
0.259306,-0.268512,-0.018666,0.020820,-3.000000,4.000000,39.159547
0.294596,-0.308405,-0.022795,0.028261,-4.000000,5.000000,39.207610
0.328352,-0.349833,-0.027397,0.036147,-5.000000,6.000000,39.255567
0.362108,-0.391261,-0.032731,0.043380,-6.000000,7.000000,39.303515
0.398932,-0.429620,-0.039502,0.052352,-7.000000,9.000000,39.351507
0.432688,-0.467978,-0.047897,0.061225,-8.000000,10.000000,39.399647
0.464910,-0.500200,-0.054563,0.064425,-9.000000,11.000000,39.447504
0.495597,-0.526284,-0.060117,0.064793,-10.000000,11.000000,39.495666
0.524750,-0.549299,-0.065776,0.066318,-11.000000,11.000000,39.543519
0.549299,-0.569246,-0.069053,0.068746,-12.000000,12.000000,39.591511
0.570780,-0.584589,-0.070492,0.070181,-12.000000,12.000000,39.639430
0.584589,-0.596864,-0.069115,0.072083,-12.000000,12.000000,39.687641
0.596864,-0.609139,-0.070178,0.074256,-12.000000,13.000000,39.735449
0.607605,-0.621414,-0.072844,0.078536,-12.000000,13.000000,39.783464
0.616811,-0.633689,-0.075129,0.083025,-13.000000,14.000000,39.831459
0.624483,-0.645964,-0.076254,0.087733,-13.000000,15.000000,39.879429
0.630620,-0.658238,-0.077730,0.092667,-13.000000,16.000000,39.927679
0.633689,-0.668979,-0.077628,0.097177,-13.000000,17.000000,39.975599
0.636757,-0.679719,-0.078219,0.100719,-13.000000,17.000000,40.023509
0.638292,-0.688926,-0.078328,0.103755,-13.000000,18.000000,40.071425
0.641361,-0.699666,-0.079433,0.108728,-14.000000,19.000000,40.119556
0.642895,-0.708872,-0.079991,0.113152,-14.000000,19.000000,40.167575
0.642895,-0.715010,-0.079609,0.113117,-14.000000,19.000000,40.215433
0.642895,-0.715010,-0.079609,0.110281,-14.000000,19.000000,40.263521
0.642895,-0.715010,-0.079609,0.109790,-14.000000,19.000000,40.311521
0.642895,-0.715010,-0.079609,0.109790,-14.000000,19.000000,40.359616
0.642895,-0.715010,-0.079609,0.109790,-14.000000,19.000000,40.407438
0.644429,-0.715010,-0.080168,0.109790,-14.000000,19.000000,40.455480
0.642895,-0.715010,-0.079609,0.109790,-14.000000,19.000000,40.503386
0.642895,-0.715010,-0.079609,0.109790,-14.000000,19.000000,40.551490
0.642895,-0.715010,-0.079609,0.109790,-14.000000,19.000000,40.599540
0.644429,-0.715010,-0.080168,0.109790,-14.000000,19.000000,40.647632
0.642895,-0.715010,-0.079609,0.109790,-14.000000,19.000000,40.695441
0.644429,-0.715010,-0.080168,0.109790,-14.000000,19.000000,40.743438
0.642895,-0.715010,-0.079609,0.109790,-14.000000,19.000000,40.791454
0.642895,-0.715010,-0.079609,0.109790,-14.000000,19.000000,40.839518
0.644429,-0.715010,-0.080168,0.109790,-14.000000,19.000000,40.887503
0.642895,-0.715010,-0.079609,0.109790,-14.000000,19.000000,40.935480
0.644429,-0.715010,-0.080168,0.109790,-14.000000,19.000000,40.983536
0.644429,-0.715010,-0.080168,0.109790,-14.000000,19.000000,41.031524
0.644429,-0.715010,-0.080168,0.109790,-14.000000,19.000000,41.079416
0.642895,-0.715010,-0.079609,0.109790,-14.000000,19.000000,41.127554
0.642895,-0.715010,-0.079609,0.109790,-14.000000,19.000000,41.175428
0.644429,-0.715010,-0.080168,0.109790,-14.000000,19.000000,41.223386
0.642895,-0.715010,-0.079609,0.109790,-14.000000,19.000000,41.271605
0.642895,-0.715010,-0.079609,0.109790,-14.000000,19.000000,41.319573
0.642895,-0.715010,-0.079609,0.109790,-14.000000,19.000000,41.367561
0.644429,-0.715010,-0.080168,0.109790,-14.000000,19.000000,41.415557
0.642895,-0.715010,-0.079609,0.109790,-14.000000,19.000000,41.465904
0.644429,-0.715010,-0.080168,0.109790,-14.000000,19.000000,41.511598
0.644429,-0.715010,-0.080168,0.109790,-14.000000,19.000000,41.559574
0.642895,-0.715010,-0.079609,0.109790,-14.000000,19.000000,41.607460
0.642895,-0.715010,-0.079609,0.109790,-14.000000,19.000000,41.655489
0.642895,-0.715010,-0.079609,0.109790,-14.000000,19.000000,41.703472
0.644429,-0.715010,-0.080168,0.109790,-14.000000,19.000000,41.751783
0.644429,-0.715010,-0.080168,0.109790,-14.000000,19.000000,41.799511
0.642895,-0.715010,-0.079609,0.109790,-14.000000,19.000000,41.847553
0.642895,-0.715010,-0.079609,0.109790,-14.000000,19.000000,41.895489
0.642895,-0.715010,-0.079609,0.109790,-14.000000,19.000000,41.943561
0.644429,-0.715010,-0.080168,0.109790,-14.000000,19.000000,41.991680
0.644429,-0.715010,-0.080168,0.109790,-14.000000,19.000000,42.039476
0.644429,-0.715010,-0.080168,0.109790,-14.000000,19.000000,42.087549
0.642895,-0.715010,-0.079609,0.109790,-14.000000,19.000000,42.135397
0.644429,-0.715010,-0.080168,0.109790,-14.000000,19.000000,42.183578
0.642895,-0.715010,-0.079609,0.109790,-14.000000,19.000000,42.231606
0.644429,-0.715010,-0.080168,0.109790,-14.000000,19.000000,42.279590
0.642895,-0.715010,-0.079609,0.109790,-14.000000,19.000000,42.327451
0.642895,-0.715010,-0.079609,0.109790,-14.000000,19.000000,42.375532
0.642895,-0.715010,-0.079609,0.109790,-14.000000,19.000000,42.423490
0.644429,-0.715010,-0.080168,0.109790,-14.000000,19.000000,42.471476
0.644429,-0.715010,-0.080168,0.109790,-14.000000,19.000000,42.519409
0.644429,-0.715010,-0.080168,0.109790,-14.000000,19.000000,42.567612
0.642895,-0.715010,-0.079609,0.109790,-14.000000,19.000000,42.615396
0.642895,-0.715010,-0.079609,0.109790,-14.000000,19.000000,42.663448
0.644429,-0.715010,-0.080168,0.109790,-14.000000,19.000000,42.711495
0.642895,-0.715010,-0.079609,0.109790,-14.000000,19.000000,42.759510
0.642895,-0.715010,-0.079609,0.109790,-14.000000,19.000000,42.807401
0.644429,-0.715010,-0.080168,0.109790,-14.000000,19.000000,42.855371
0.642895,-0.715010,-0.079609,0.109790,-14.000000,19.000000,42.903302
0.644429,-0.715010,-0.080168,0.109790,-14.000000,19.000000,42.951453
0.642895,-0.715010,-0.079609,0.109790,-14.000000,19.000000,42.999425
0.642895,-0.715010,-0.079609,0.109790,-14.000000,19.000000,43.047543
0.642895,-0.715010,-0.079609,0.109790,-14.000000,19.000000,43.095436
0.644429,-0.715010,-0.080168,0.109790,-14.000000,19.000000,43.143522
0.644429,-0.715010,-0.080168,0.109790,-14.000000,19.000000,43.191550
0.642895,-0.715010,-0.079609,0.109790,-14.000000,19.000000,43.239507
0.644429,-0.715010,-0.080168,0.109790,-14.000000,19.000000,43.287355
0.644429,-0.715010,-0.080168,0.109790,-14.000000,19.000000,43.335355
0.644429,-0.715010,-0.080168,0.109790,-14.000000,19.000000,43.383435
0.644429,-0.715010,-0.080168,0.109790,-14.000000,19.000000,43.431510
0.642895,-0.715010,-0.079609,0.109790,-14.000000,19.000000,43.479385
0.644429,-0.715010,-0.080168,0.109790,-14.000000,19.000000,43.527286
0.642895,-0.715010,-0.079609,0.109790,-14.000000,19.000000,43.575322
0.644429,-0.715010,-0.080168,0.109790,-14.000000,19.000000,43.623421
0.644429,-0.715010,-0.080168,0.109790,-14.000000,19.000000,43.671374
0.642895,-0.715010,-0.079609,0.109790,-14.000000,19.000000,43.719491
0.639826,-0.710407,-0.078189,0.106654,-13.000000,18.000000,43.767390
0.627551,-0.698132,-0.073659,0.101284,-13.000000,17.000000,43.815401
0.606070,-0.675116,-0.069675,0.095376,-12.000000,16.000000,43.863360
0.578452,-0.639826,-0.064931,0.090291,-11.000000,15.000000,43.911356
0.543162,-0.596864,-0.059224,0.084210,-10.000000,14.000000,43.959463
0.501734,-0.543162,-0.052060,0.075515,-9.000000,13.000000,44.007353
0.457238,-0.480253,-0.044316,0.062305,-8.000000,11.000000,44.055369
0.409673,-0.411207,-0.035694,0.047981,-6.000000,8.000000,44.103363
0.360574,-0.337558,-0.027702,0.034648,-5.000000,6.000000,44.151506
0.313008,-0.257772,-0.020982,0.021405,-4.000000,4.000000,44.199448
0.268512,-0.181054,-0.015367,0.010837,-3.000000,2.000000,44.247369
0.227085,-0.107405,-0.011039,0.002964,-2.000000,1.000000,44.298603
0.185657,-0.038359,-0.007672,-0.002629,-1.000000,0.000000,44.343579
0.153436,0.013809,-0.005529,-0.005278,-1.000000,-1.000000,44.391486
0.127351,0.055237,-0.003979,-0.005549,-1.000000,-1.000000,44.439459
0.108939,0.072115,-0.003105,-0.003436,-1.000000,-1.000000,44.487453
0.095130,0.072115,-0.002610,-0.002204,0.000000,0.000000,44.535534
0.087458,0.067512,-0.002394,-0.001913,0.000000,0.000000,44.583496
0.085924,0.067512,-0.002462,-0.001946,0.000000,0.000000,44.631548
0.085924,0.067512,-0.002564,-0.001982,0.000000,0.000000,44.679395
0.087458,0.067512,-0.002614,-0.001982,0.000000,0.000000,44.727256
0.087458,0.067512,-0.002614,-0.001982,0.000000,0.000000,44.775419
0.087458,0.067512,-0.002614,-0.001982,0.000000,0.000000,44.823479
0.087458,0.065977,-0.002614,-0.001934,0.000000,0.000000,44.871493
0.088993,0.065977,-0.002664,-0.001934,0.000000,0.000000,44.919612
0.088993,0.065977,-0.002664,-0.001934,0.000000,0.000000,44.967929
0.088993,0.065977,-0.002664,-0.001934,0.000000,0.000000,45.015391
0.088993,0.065977,-0.002664,-0.001934,0.000000,0.000000,45.063363
0.088993,0.065977,-0.002664,-0.001934,0.000000,0.000000,45.111453
0.088993,0.065977,-0.002664,-0.001934,0.000000,0.000000,45.159384
0.088993,0.065977,-0.002664,-0.001934,0.000000,0.000000,45.207547
0.088993,0.064443,-0.002664,-0.001887,0.000000,0.000000,45.255439
0.088993,0.065977,-0.002664,-0.001934,0.000000,0.000000,45.303555
0.088993,0.065977,-0.002664,-0.001934,0.000000,0.000000,45.351412
0.088993,0.065977,-0.002664,-0.001934,0.000000,0.000000,45.399375
0.087458,0.064443,-0.002614,-0.001887,0.000000,0.000000,45.447352
0.088993,0.065977,-0.002664,-0.001934,0.000000,0.000000,45.495282
0.088993,0.064443,-0.002664,-0.001887,0.000000,0.000000,45.543398
0.088993,0.065977,-0.002664,-0.001934,0.000000,0.000000,45.591259
0.087458,0.065977,-0.002614,-0.001934,0.000000,0.000000,45.639351
0.088993,0.064443,-0.002664,-0.001887,0.000000,0.000000,45.687378
0.088993,0.065977,-0.002664,-0.001934,0.000000,0.000000,45.735490
0.087458,0.065977,-0.002614,-0.001934,0.000000,0.000000,45.783269
0.088993,0.064443,-0.002664,-0.001887,0.000000,0.000000,45.831308
0.088993,0.065977,-0.002664,-0.001934,0.000000,0.000000,45.879344
0.088993,0.064443,-0.002664,-0.001887,0.000000,0.000000,45.927238
0.088993,0.065977,-0.002664,-0.001934,0.000000,0.000000,45.975402
0.088993,0.065977,-0.002664,-0.001934,0.000000,0.000000,46.023423
0.088993,0.065977,-0.002664,-0.001934,0.000000,0.000000,46.071352
0.088993,0.064443,-0.002664,-0.001887,0.000000,0.000000,46.119448
0.088993,0.064443,-0.002664,-0.001887,0.000000,0.000000,46.167522
0.087458,0.065977,-0.002614,-0.001934,0.000000,0.000000,46.215261
0.088993,0.064443,-0.002664,-0.001887,0.000000,0.000000,46.263447
0.088993,0.065977,-0.002664,-0.001934,0.000000,0.000000,46.311397
0.088993,0.064443,-0.002664,-0.001887,0.000000,0.000000,46.359267
0.088993,0.064443,-0.002664,-0.001887,0.000000,0.000000,46.407390
0.087458,0.064443,-0.002614,-0.001887,0.000000,0.000000,46.455349
0.087458,0.062909,-0.002614,-0.001840,0.000000,0.000000,46.503317
0.088993,0.062909,-0.002664,-0.001840,0.000000,0.000000,46.551245
0.088993,0.062909,-0.002664,-0.001840,0.000000,0.000000,46.599326
0.087458,0.062909,-0.002614,-0.001840,0.000000,0.000000,46.647341
0.087458,0.062909,-0.002614,-0.001840,0.000000,0.000000,46.695348
0.088993,0.062909,-0.002664,-0.001840,0.000000,0.000000,46.743304
0.088993,0.061374,-0.002664,-0.001793,0.000000,0.000000,46.791478
0.087458,0.061374,-0.002614,-0.001793,0.000000,0.000000,46.839282
0.088993,0.061374,-0.002664,-0.001793,0.000000,0.000000,46.887329
0.088993,0.061374,-0.002664,-0.001793,0.000000,0.000000,46.935193
0.088993,0.059840,-0.002664,-0.001747,0.000000,0.000000,46.983383
0.088993,0.059840,-0.002664,-0.001747,0.000000,0.000000,47.031352
0.088993,0.059840,-0.002664,-0.001747,0.000000,0.000000,47.079340
0.088993,0.059840,-0.002664,-0.001747,0.000000,0.000000,47.127263
0.087458,0.058306,-0.002614,-0.001700,0.000000,0.000000,47.175162
0.088993,0.058306,-0.002664,-0.001700,0.000000,0.000000,47.223389
0.088993,0.058306,-0.002664,-0.001700,0.000000,0.000000,47.271407
0.088993,0.058306,-0.002664,-0.001700,0.000000,0.000000,47.319261
0.088993,0.056771,-0.002664,-0.001653,0.000000,0.000000,47.367378
0.088993,0.056771,-0.002664,-0.001653,0.000000,0.000000,47.415373
0.088993,0.056771,-0.002664,-0.001653,0.000000,0.000000,47.463405
0.088993,0.055237,-0.002664,-0.001607,0.000000,0.000000,47.511482
0.088993,0.055237,-0.002664,-0.001607,0.000000,0.000000,47.559372
0.088993,0.053702,-0.002664,-0.001561,0.000000,0.000000,47.607375
0.090527,0.052168,-0.002755,-0.001480,0.000000,0.000000,47.655319
0.095130,0.047565,-0.003000,-0.001247,-1.000000,0.000000,47.703355
0.108939,0.033756,-0.003880,-0.000689,-1.000000,0.000000,47.751381
0.131955,0.015344,-0.005749,0.000085,-1.000000,0.000000,47.799284
0.165710,-0.016878,-0.010089,0.001840,-2.000000,0.000000,47.847397
0.213275,-0.059840,-0.018520,0.005038,-3.000000,1.000000,47.895195
0.268512,-0.105871,-0.032255,0.009182,-6.000000,2.000000,47.943286
0.325283,-0.154970,-0.047404,0.014030,-8.000000,2.000000,47.991412
0.385123,-0.208672,-0.063672,0.021616,-11.000000,4.000000,48.039315
0.437291,-0.256237,-0.074964,0.026786,-13.000000,5.000000,48.087243
0.483322,-0.300734,-0.078832,0.032208,-14.000000,6.000000,48.135413
0.518612,-0.343696,-0.075425,0.037033,-13.000000,6.000000,48.183242
0.546231,-0.380520,-0.071032,0.040014,-12.000000,7.000000,48.231401
0.561574,-0.415810,-0.065196,0.044089,-11.000000,8.000000,48.279270
0.573849,-0.448032,-0.063047,0.050315,-11.000000,9.000000,48.327338
0.583055,-0.480253,-0.064252,0.055916,-11.000000,10.000000,48.375203
0.592261,-0.509406,-0.067075,0.062654,-11.000000,11.000000,48.423279
0.601467,-0.538559,-0.070004,0.068575,-12.000000,12.000000,48.474540
0.612208,-0.567711,-0.073559,0.078314,-13.000000,13.000000,48.519479
0.621414,-0.592261,-0.076728,0.085613,-13.000000,15.000000,48.567293
0.629086,-0.616811,-0.078632,0.093537,-13.000000,16.000000,48.615279
0.636757,-0.638292,-0.080643,0.097159,-14.000000,17.000000,48.663163
0.642895,-0.656704,-0.082918,0.100107,-14.000000,17.000000,48.711308
0.650567,-0.672048,-0.085839,0.103832,-15.000000,18.000000,48.759424
0.659773,-0.685857,-0.089459,0.108705,-15.000000,19.000000,48.807229
0.665910,-0.701200,-0.091945,0.114611,-16.000000,20.000000,48.855343
0.670513,-0.707338,-0.092327,0.111318,-16.000000,19.000000,48.903481
0.670513,-0.707338,-0.090197,0.106652,-15.000000,18.000000,48.951317
0.670513,-0.707338,-0.090197,0.106173,-15.000000,18.000000,48.999304
0.670513,-0.707338,-0.090197,0.106173,-15.000000,18.000000,49.047257
0.672048,-0.707338,-0.090819,0.106173,-16.000000,18.000000,49.095255
0.670513,-0.707338,-0.090197,0.106173,-15.000000,18.000000,49.143259
0.672048,-0.707338,-0.090819,0.106173,-16.000000,18.000000,49.191174
0.670513,-0.707338,-0.090197,0.106173,-15.000000,18.000000,49.239337
0.672048,-0.707338,-0.090819,0.106173,-16.000000,18.000000,49.287350
0.672048,-0.707338,-0.090819,0.106173,-16.000000,18.000000,49.335225
0.670513,-0.707338,-0.090197,0.106173,-15.000000,18.000000,49.383329
0.672048,-0.707338,-0.090819,0.106173,-16.000000,18.000000,49.431368
0.670513,-0.707338,-0.090197,0.106173,-15.000000,18.000000,49.479179
0.672048,-0.707338,-0.090819,0.106173,-16.000000,18.000000,49.527320
0.670513,-0.707338,-0.090197,0.106173,-15.000000,18.000000,49.575280
0.670513,-0.707338,-0.090197,0.106173,-15.000000,18.000000,49.623305
0.672048,-0.707338,-0.090819,0.106173,-16.000000,18.000000,49.671346
0.670513,-0.707338,-0.090197,0.106173,-15.000000,18.000000,49.719133
0.672048,-0.707338,-0.090819,0.106173,-16.000000,18.000000,49.767149
0.672048,-0.707338,-0.090819,0.106173,-16.000000,18.000000,49.815191
0.670513,-0.707338,-0.090197,0.106173,-15.000000,18.000000,49.863344
0.670513,-0.707338,-0.090197,0.106173,-15.000000,18.000000,49.911168
0.672048,-0.707338,-0.090819,0.106173,-16.000000,18.000000,49.959474
0.672048,-0.707338,-0.090819,0.106173,-16.000000,18.000000,50.007216
0.670513,-0.707338,-0.090197,0.106173,-15.000000,18.000000,50.055228
0.672048,-0.707338,-0.090819,0.106173,-16.000000,18.000000,50.103347
0.670513,-0.707338,-0.090197,0.106173,-15.000000,18.000000,50.151288
0.670513,-0.707338,-0.090197,0.106173,-15.000000,18.000000,50.199298
0.672048,-0.707338,-0.090819,0.106173,-16.000000,18.000000,50.247303
0.670513,-0.707338,-0.090197,0.106173,-15.000000,18.000000,50.295317
0.672048,-0.707338,-0.090819,0.106173,-16.000000,18.000000,50.343275
0.672048,-0.707338,-0.090819,0.106173,-16.000000,18.000000,50.391310
0.672048,-0.707338,-0.090819,0.106173,-16.000000,18.000000,50.439315
0.670513,-0.707338,-0.090197,0.106173,-15.000000,18.000000,50.487230
0.672048,-0.707338,-0.090819,0.106173,-16.000000,18.000000,50.535291
0.670513,-0.707338,-0.090197,0.106173,-15.000000,18.000000,50.583315
0.672048,-0.707338,-0.090819,0.106173,-16.000000,18.000000,50.631165
0.670513,-0.707338,-0.090197,0.106173,-15.000000,18.000000,50.679234
0.670513,-0.707338,-0.090197,0.106173,-15.000000,18.000000,50.727253
0.670513,-0.707338,-0.090197,0.106173,-15.000000,18.000000,50.775168
0.672048,-0.707338,-0.090819,0.106173,-16.000000,18.000000,50.823258
0.670513,-0.707338,-0.090197,0.106173,-15.000000,18.000000,50.871314
0.670513,-0.707338,-0.090197,0.106173,-15.000000,18.000000,50.919144
0.672048,-0.707338,-0.090819,0.106173,-16.000000,18.000000,50.967207
0.670513,-0.707338,-0.090197,0.106173,-15.000000,18.000000,51.015316
0.672048,-0.707338,-0.090819,0.106173,-16.000000,18.000000,51.063269
0.672048,-0.707338,-0.090819,0.106173,-16.000000,18.000000,51.111260
0.670513,-0.707338,-0.090197,0.106173,-15.000000,18.000000,51.159314
0.670513,-0.707338,-0.090197,0.106173,-15.000000,18.000000,51.207092
0.672048,-0.707338,-0.090819,0.106173,-16.000000,18.000000,51.255258
0.672048,-0.707338,-0.090819,0.106173,-16.000000,18.000000,51.303359
0.672048,-0.707338,-0.090819,0.106173,-16.000000,18.000000,51.351273
0.670513,-0.707338,-0.090197,0.106173,-15.000000,18.000000,51.399243
0.670513,-0.707338,-0.090197,0.106173,-15.000000,18.000000,51.447254
0.670513,-0.707338,-0.090197,0.106173,-15.000000,18.000000,51.495279
0.670513,-0.707338,-0.090197,0.106173,-15.000000,18.000000,51.543373
0.670513,-0.707338,-0.090197,0.106173,-15.000000,18.000000,51.591297
0.670513,-0.707338,-0.090197,0.106173,-15.000000,18.000000,51.639125
0.672048,-0.707338,-0.090819,0.106173,-16.000000,18.000000,51.687093
0.672048,-0.707338,-0.090819,0.106173,-16.000000,18.000000,51.735236
0.672048,-0.707338,-0.090819,0.106173,-16.000000,18.000000,51.783168
0.670513,-0.707338,-0.090197,0.106173,-15.000000,18.000000,51.831096
0.672048,-0.707338,-0.090819,0.106173,-16.000000,18.000000,51.879186
0.672048,-0.707338,-0.090819,0.106173,-16.000000,18.000000,51.927229
0.672048,-0.707338,-0.090819,0.106173,-16.000000,18.000000,51.975217
0.672048,-0.707338,-0.090819,0.106173,-16.000000,18.000000,52.023226
0.670513,-0.707338,-0.090197,0.106173,-15.000000,18.000000,52.071154
0.670513,-0.707338,-0.090197,0.106173,-15.000000,18.000000,52.119327
0.670513,-0.707338,-0.090197,0.106173,-15.000000,18.000000,52.167138
0.672048,-0.707338,-0.090819,0.106173,-16.000000,18.000000,52.215180
0.670513,-0.707338,-0.090197,0.106173,-15.000000,18.000000,52.263167
0.672048,-0.707338,-0.090819,0.106173,-16.000000,18.000000,52.311567
0.672048,-0.707338,-0.090819,0.106173,-16.000000,18.000000,52.359151
0.670513,-0.707338,-0.090197,0.106173,-15.000000,18.000000,52.407184
0.670513,-0.707338,-0.090197,0.106173,-15.000000,18.000000,52.455273
0.672048,-0.707338,-0.090819,0.106173,-16.000000,18.000000,52.503224
0.670513,-0.707338,-0.090197,0.106173,-15.000000,18.000000,52.551295
0.670513,-0.707338,-0.090197,0.106173,-15.000000,18.000000,52.599243
0.670513,-0.707338,-0.090197,0.106173,-15.000000,18.000000,52.647246
0.672048,-0.707338,-0.090819,0.106173,-16.000000,18.000000,52.695144
0.670513,-0.707338,-0.090197,0.106173,-15.000000,18.000000,52.743128
0.670513,-0.707338,-0.090197,0.106173,-15.000000,18.000000,52.791318
0.672048,-0.705803,-0.090819,0.105462,-16.000000,18.000000,52.839083
0.668979,-0.702735,-0.089579,0.103354,-15.000000,18.000000,52.887260
0.664376,-0.693529,-0.086800,0.098880,-15.000000,17.000000,52.935141
0.649032,-0.676651,-0.081529,0.093082,-14.000000,16.000000,52.983314
0.626017,-0.650567,-0.077042,0.086895,-13.000000,15.000000,53.031158
0.596864,-0.618345,-0.071586,0.080932,-12.000000,14.000000,53.079257
0.561574,-0.578452,-0.064651,0.074027,-11.000000,13.000000,53.127242
0.523215,-0.533956,-0.056130,0.064727,-10.000000,11.000000,53.175226
0.483322,-0.486391,-0.047511,0.052981,-8.000000,9.000000,53.223221
0.441894,-0.435757,-0.039067,0.042299,-7.000000,7.000000,53.272850
0.400467,-0.389726,-0.030892,0.032570,-5.000000,6.000000,53.319250
0.362108,-0.346764,-0.024619,0.024402,-4.000000,4.000000,53.367142
0.325283,-0.305337,-0.019610,0.018219,-3.000000,3.000000,53.415228
0.289993,-0.271581,-0.015602,0.013885,-3.000000,2.000000,53.463246
0.254703,-0.240894,-0.012255,0.010575,-2.000000,2.000000,53.511229
0.222482,-0.217878,-0.009543,0.008584,-2.000000,1.000000,53.559118
0.191794,-0.194863,-0.007386,0.006971,-1.000000,1.000000,53.607138
0.164176,-0.179520,-0.005736,0.006061,-1.000000,1.000000,53.655205
0.138092,-0.165710,-0.004433,0.005350,-1.000000,1.000000,53.703109
0.113542,-0.154970,-0.003308,0.004869,-1.000000,1.000000,53.751090
0.092061,-0.145764,-0.002466,0.004507,0.000000,1.000000,53.799056
0.073649,-0.139626,-0.001808,0.004281,0.000000,1.000000,53.847191
0.062909,-0.135023,-0.001544,0.004147,0.000000,1.000000,53.895056
0.061374,-0.130420,-0.001725,0.004002,0.000000,1.000000,53.943135
0.061374,-0.127351,-0.001793,0.003920,0.000000,1.000000,53.991107
0.061374,-0.124283,-0.001793,0.003807,0.000000,1.000000,54.039180
0.061374,-0.121214,-0.001793,0.003696,0.000000,1.000000,54.087279
0.061374,-0.118145,-0.001793,0.003586,0.000000,1.000000,54.135236
0.061374,-0.116611,-0.001793,0.003567,0.000000,1.000000,54.183529
0.061374,-0.116611,-0.001793,0.003607,0.000000,1.000000,54.231105
0.061374,-0.116611,-0.001793,0.003607,0.000000,1.000000,54.279124
0.061374,-0.116611,-0.001793,0.003607,0.000000,1.000000,54.327271
0.061374,-0.116611,-0.001793,0.003607,0.000000,1.000000,54.375068
0.061374,-0.116611,-0.001793,0.003607,0.000000,1.000000,54.423138
0.062909,-0.116611,-0.001840,0.003607,0.000000,1.000000,54.471099
0.061374,-0.116611,-0.001793,0.003607,0.000000,1.000000,54.519094
0.061374,-0.116611,-0.001793,0.003607,0.000000,1.000000,54.567131
0.061374,-0.116611,-0.001793,0.003607,0.000000,1.000000,54.615065
0.061374,-0.116611,-0.001793,0.003607,0.000000,1.000000,54.663239
0.062909,-0.116611,-0.001840,0.003607,0.000000,1.000000,54.711106
0.061374,-0.116611,-0.001793,0.003607,0.000000,1.000000,54.759079
0.062909,-0.116611,-0.001840,0.003607,0.000000,1.000000,54.807161
0.062909,-0.116611,-0.001840,0.003607,0.000000,1.000000,54.855158
0.062909,-0.116611,-0.001840,0.003607,0.000000,1.000000,54.903164
0.062909,-0.116611,-0.001840,0.003607,0.000000,1.000000,54.951203
0.064443,-0.116611,-0.001887,0.003607,0.000000,1.000000,54.999247
0.064443,-0.116611,-0.001887,0.003607,0.000000,1.000000,55.050162
0.064443,-0.116611,-0.001887,0.003607,0.000000,1.000000,55.095095
0.064443,-0.116611,-0.001887,0.003607,0.000000,1.000000,55.143029
0.062909,-0.116611,-0.001840,0.003607,0.000000,1.000000,55.191128
0.064443,-0.116611,-0.001887,0.003607,0.000000,1.000000,55.239110
0.064443,-0.116611,-0.001887,0.003607,0.000000,1.000000,55.287110
0.064443,-0.116611,-0.001887,0.003607,0.000000,1.000000,55.335195
0.065977,-0.116611,-0.001934,0.003607,0.000000,1.000000,55.383250
0.064443,-0.116611,-0.001887,0.003607,0.000000,1.000000,55.431060
0.065977,-0.116611,-0.001934,0.003607,0.000000,1.000000,55.479107
0.064443,-0.116611,-0.001887,0.003607,0.000000,1.000000,55.527225
0.065977,-0.116611,-0.001934,0.003607,0.000000,1.000000,55.575111
0.065977,-0.116611,-0.001934,0.003607,0.000000,1.000000,55.623084
0.065977,-0.116611,-0.001934,0.003607,0.000000,1.000000,55.670956
0.065977,-0.116611,-0.001934,0.003607,0.000000,1.000000,55.719175
0.065977,-0.116611,-0.001934,0.003607,0.000000,1.000000,55.767147
0.065977,-0.116611,-0.001934,0.003607,0.000000,1.000000,55.815106
0.065977,-0.116611,-0.001934,0.003607,0.000000,1.000000,55.863005
0.065977,-0.116611,-0.001934,0.003607,0.000000,1.000000,55.911093
0.065977,-0.116611,-0.001934,0.003607,0.000000,1.000000,55.958979
0.065977,-0.116611,-0.001934,0.003607,0.000000,1.000000,56.007091
0.065977,-0.116611,-0.001934,0.003607,0.000000,1.000000,56.055051
0.065977,-0.116611,-0.001934,0.003607,0.000000,1.000000,56.103019
0.067512,-0.116611,-0.001982,0.003607,0.000000,1.000000,56.150959
0.065977,-0.116611,-0.001934,0.003607,0.000000,1.000000,56.199173
0.065977,-0.116611,-0.001934,0.003607,0.000000,1.000000,56.247125
0.065977,-0.116611,-0.001934,0.003607,0.000000,1.000000,56.295717
0.065977,-0.116611,-0.001934,0.003607,0.000000,1.000000,56.343003
0.065977,-0.116611,-0.001934,0.003607,0.000000,1.000000,56.391166
0.065977,-0.116611,-0.001934,0.003607,0.000000,1.000000,56.439024
0.065977,-0.116611,-0.001934,0.003607,0.000000,1.000000,56.487229
0.065977,-0.116611,-0.001934,0.003607,0.000000,1.000000,56.535101
0.067512,-0.116611,-0.001982,0.003607,0.000000,1.000000,56.583197
0.067512,-0.118145,-0.001982,0.003662,0.000000,1.000000,56.630997
0.069046,-0.119680,-0.002029,0.003717,0.000000,1.000000,56.679000
0.072115,-0.122748,-0.002204,0.003923,0.000000,1.000000,56.727152
0.082855,-0.133489,-0.002811,0.004667,0.000000,1.000000,56.775184
0.099733,-0.153436,-0.003890,0.006476,-1.000000,1.000000,56.823053
0.125817,-0.185657,-0.005930,0.010584,-1.000000,2.000000,56.871089
0.161107,-0.227085,-0.009771,0.017327,-2.000000,3.000000,56.919110
0.201001,-0.274650,-0.014771,0.027966,-3.000000,5.000000,56.967039
0.243963,-0.329886,-0.020909,0.044552,-4.000000,8.000000,57.015050
0.286924,-0.385123,-0.027408,0.061933,-5.000000,11.000000,57.063113
0.328352,-0.441894,-0.033246,0.083028,-6.000000,14.000000,57.111064
0.369780,-0.495597,-0.038940,0.100115,-7.000000,17.000000,57.159102
0.408139,-0.541627,-0.044719,0.104725,-8.000000,18.000000,57.207068
0.441894,-0.579986,-0.048841,0.106410,-8.000000,18.000000,57.255090
0.471047,-0.610673,-0.052258,0.103238,-9.000000,18.000000,57.303133
0.497131,-0.633689,-0.055274,0.098789,-9.000000,17.000000,57.351106
0.521681,-0.649032,-0.058285,0.093863,-10.000000,16.000000,57.399045
0.541627,-0.661307,-0.061575,0.095099,-11.000000,16.000000,57.447073
0.560040,-0.672048,-0.064732,0.097375,-11.000000,17.000000,57.495118
0.576918,-0.684323,-0.067737,0.103945,-12.000000,18.000000,57.542959
0.592261,-0.698132,-0.071603,0.111697,-12.000000,19.000000,57.590932
0.606070,-0.711941,-0.075189,0.120008,-13.000000,21.000000,57.638987
0.621414,-0.725750,-0.080621,0.125714,-14.000000,22.000000,57.686925
0.627551,-0.733422,-0.078084,0.124521,-13.000000,21.000000,57.734921
0.627551,-0.731888,-0.074563,0.118639,-13.000000,20.000000,57.783015
0.627551,-0.731888,-0.074202,0.118119,-13.000000,20.000000,57.831136
0.627551,-0.731888,-0.074202,0.118119,-13.000000,20.000000,57.879311
0.627551,-0.731888,-0.074202,0.118119,-13.000000,20.000000,57.927172
0.627551,-0.731888,-0.074202,0.118119,-13.000000,20.000000,57.975080
0.627551,-0.731888,-0.074202,0.118119,-13.000000,20.000000,58.022940
0.627551,-0.731888,-0.074202,0.118119,-13.000000,20.000000,58.073559
0.627551,-0.731888,-0.074202,0.118119,-13.000000,20.000000,58.119074
0.627551,-0.731888,-0.074202,0.118119,-13.000000,20.000000,58.167073
0.627551,-0.731888,-0.074202,0.118119,-13.000000,20.000000,58.215061
0.627551,-0.731888,-0.074202,0.118119,-13.000000,20.000000,58.262964
0.627551,-0.731888,-0.074202,0.118119,-13.000000,20.000000,58.310915
0.627551,-0.731888,-0.074202,0.118119,-13.000000,20.000000,58.358892
0.627551,-0.731888,-0.074202,0.118119,-13.000000,20.000000,58.406976
0.627551,-0.731888,-0.074202,0.118119,-13.000000,20.000000,58.454996
0.627551,-0.731888,-0.074202,0.118119,-13.000000,20.000000,58.502949
0.627551,-0.731888,-0.074202,0.118119,-13.000000,20.000000,58.550906
0.627551,-0.731888,-0.074202,0.118119,-13.000000,20.000000,58.599046
0.627551,-0.731888,-0.074202,0.118119,-13.000000,20.000000,58.646948
0.627551,-0.731888,-0.074202,0.118119,-13.000000,20.000000,58.695100
0.627551,-0.731888,-0.074202,0.118119,-13.000000,20.000000,58.743086
0.627551,-0.731888,-0.074202,0.118119,-13.000000,20.000000,58.790948
0.627551,-0.731888,-0.074202,0.118119,-13.000000,20.000000,58.838982
0.627551,-0.731888,-0.074202,0.118119,-13.000000,20.000000,58.886948
0.627551,-0.731888,-0.074202,0.118119,-13.000000,20.000000,58.935034
0.627551,-0.731888,-0.074202,0.118119,-13.000000,20.000000,58.983001
0.627551,-0.731888,-0.074202,0.118119,-13.000000,20.000000,59.031027
0.627551,-0.731888,-0.074202,0.118119,-13.000000,20.000000,59.079001
0.627551,-0.731888,-0.074202,0.118119,-13.000000,20.000000,59.126975
0.627551,-0.731888,-0.074202,0.118119,-13.000000,20.000000,59.175042
0.627551,-0.731888,-0.074202,0.118119,-13.000000,20.000000,59.222990
0.627551,-0.731888,-0.074202,0.118119,-13.000000,20.000000,59.270993
0.627551,-0.731888,-0.074202,0.118119,-13.000000,20.000000,59.319026
0.627551,-0.731888,-0.074202,0.118119,-13.000000,20.000000,59.366962
0.627551,-0.731888,-0.074202,0.118119,-13.000000,20.000000,59.414837
0.627551,-0.731888,-0.074202,0.118119,-13.000000,20.000000,59.462904
0.627551,-0.731888,-0.074202,0.118119,-13.000000,20.000000,59.511064
0.627551,-0.731888,-0.074202,0.118119,-13.000000,20.000000,59.558998
0.627551,-0.731888,-0.074202,0.118119,-13.000000,20.000000,59.606947
0.627551,-0.731888,-0.074202,0.118119,-13.000000,20.000000,59.654989
0.627551,-0.731888,-0.074202,0.118119,-13.000000,20.000000,59.702948
0.627551,-0.731888,-0.074202,0.118119,-13.000000,20.000000,59.750955
0.627551,-0.731888,-0.074202,0.118119,-13.000000,20.000000,59.798987
0.627551,-0.731888,-0.074202,0.118119,-13.000000,20.000000,59.846971
0.627551,-0.731888,-0.074202,0.118119,-13.000000,20.000000,59.895038
0.627551,-0.731888,-0.074202,0.118119,-13.000000,20.000000,59.942904
0.627551,-0.731888,-0.074202,0.118119,-13.000000,20.000000,59.991042
0.627551,-0.731888,-0.074202,0.118119,-13.000000,20.000000,60.038886
0.627551,-0.731888,-0.074202,0.118119,-13.000000,20.000000,60.086914
0.627551,-0.731888,-0.074202,0.118119,-13.000000,20.000000,60.134976
0.627551,-0.731888,-0.074202,0.118119,-13.000000,20.000000,60.183099
0.627551,-0.731888,-0.074202,0.118119,-13.000000,20.000000,60.230988
0.627551,-0.731888,-0.074202,0.118119,-13.000000,20.000000,60.278932
0.627551,-0.731888,-0.074202,0.118119,-13.000000,20.000000,60.326950
0.627551,-0.731888,-0.074202,0.118119,-13.000000,20.000000,60.375024
0.627551,-0.731888,-0.074202,0.118119,-13.000000,20.000000,60.423064
0.627551,-0.733422,-0.074202,0.118902,-13.000000,20.000000,60.470896
0.627551,-0.731888,-0.074202,0.118119,-13.000000,20.000000,60.518934
0.627551,-0.731888,-0.074202,0.118119,-13.000000,20.000000,60.566922
0.627551,-0.731888,-0.074202,0.118119,-13.000000,20.000000,60.614961
0.627551,-0.731888,-0.074202,0.118119,-13.000000,20.000000,60.663022
0.627551,-0.731888,-0.074202,0.118119,-13.000000,20.000000,60.710910
0.627551,-0.731888,-0.074202,0.118119,-13.000000,20.000000,60.759010
0.627551,-0.731888,-0.074202,0.118119,-13.000000,20.000000,60.806829
0.627551,-0.731888,-0.074202,0.118119,-13.000000,20.000000,60.854813
0.627551,-0.731888,-0.074202,0.118119,-13.000000,20.000000,60.902962
0.627551,-0.731888,-0.074202,0.118119,-13.000000,20.000000,60.950993
0.627551,-0.731888,-0.074202,0.118119,-13.000000,20.000000,60.999021
0.627551,-0.731888,-0.074202,0.118119,-13.000000,20.000000,61.047157
0.627551,-0.731888,-0.074202,0.118119,-13.000000,20.000000,61.094907
0.627551,-0.731888,-0.074202,0.118119,-13.000000,20.000000,61.142928
0.627551,-0.731888,-0.074202,0.118119,-13.000000,20.000000,61.190951
0.627551,-0.731888,-0.074202,0.118119,-13.000000,20.000000,61.238955
0.627551,-0.731888,-0.074202,0.118119,-13.000000,20.000000,61.287038
0.627551,-0.731888,-0.074202,0.118119,-13.000000,20.000000,61.335013
0.627551,-0.731888,-0.074202,0.118119,-13.000000,20.000000,61.382881
0.627551,-0.731888,-0.074202,0.118119,-13.000000,20.000000,61.431027
0.627551,-0.731888,-0.074202,0.118119,-13.000000,20.000000,61.479703
0.627551,-0.731888,-0.074202,0.118119,-13.000000,20.000000,61.526956
0.627551,-0.731888,-0.074202,0.118119,-13.000000,20.000000,61.574883
0.627551,-0.731888,-0.074202,0.118119,-13.000000,20.000000,61.622979
0.627551,-0.731888,-0.074202,0.118119,-13.000000,20.000000,61.670953
0.627551,-0.730353,-0.074202,0.117340,-13.000000,20.000000,61.718925
0.624483,-0.724216,-0.072629,0.113026,-12.000000,19.000000,61.766945
0.615277,-0.708872,-0.069256,0.107315,-12.000000,18.000000,61.814894
0.595330,-0.679719,-0.064838,0.101823,-11.000000,17.000000,61.863029
0.570780,-0.636757,-0.060643,0.096483,-10.000000,17.000000,61.911008
0.538559,-0.586124,-0.055663,0.089284,-10.000000,15.000000,61.959033
0.498666,-0.520146,-0.049767,0.078118,-9.000000,13.000000,62.006917
0.455704,-0.446497,-0.042607,0.062295,-7.000000,11.000000,62.055000
0.409673,-0.365177,-0.035125,0.043702,-6.000000,7.000000,62.102978
0.360574,-0.274650,-0.027702,0.026630,-5.000000,5.000000,62.150917
0.313008,-0.187191,-0.020651,0.012510,-4.000000,2.000000,62.198836
0.268512,-0.101267,-0.015367,0.001491,-3.000000,0.000000,62.246887
0.225550,-0.024550,-0.011078,-0.006055,-2.000000,-1.000000,62.294958
0.188726,0.036825,-0.007870,-0.008782,-1.000000,-2.000000,62.342971
0.150367,0.067512,-0.005480,-0.004913,-1.000000,-1.000000,62.390882
0.116611,0.070580,-0.003618,-0.002463,-1.000000,0.000000,62.438900
0.088993,0.069046,-0.002346,-0.001994,0.000000,0.000000,62.486844
0.061374,0.067512,-0.001270,-0.001946,0.000000,0.000000,62.534805
0.049099,0.067512,-0.001035,-0.001982,0.000000,0.000000,62.582920
0.044496,0.067512,-0.001156,-0.001982,0.000000,0.000000,62.630919
0.044496,0.067512,-0.001252,-0.001982,0.000000,0.000000,62.678876
0.044496,0.065977,-0.001286,-0.001934,0.000000,0.000000,62.726915
0.044496,0.065977,-0.001286,-0.001934,0.000000,0.000000,62.774974
0.044496,0.065977,-0.001286,-0.001934,0.000000,0.000000,62.822875
0.046031,0.065977,-0.001332,-0.001934,0.000000,0.000000,62.870844
0.046031,0.064443,-0.001332,-0.001887,0.000000,0.000000,62.918915
0.047565,0.064443,-0.001377,-0.001887,0.000000,0.000000,62.966934
0.047565,0.065977,-0.001377,-0.001934,0.000000,0.000000,63.014779
0.047565,0.064443,-0.001377,-0.001887,0.000000,0.000000,63.063043
0.047565,0.064443,-0.001377,-0.001887,0.000000,0.000000,63.110866
0.047565,0.062909,-0.001377,-0.001840,0.000000,0.000000,63.158925
0.047565,0.062909,-0.001377,-0.001840,0.000000,0.000000,63.206857
0.047565,0.062909,-0.001377,-0.001840,0.000000,0.000000,63.254876
0.049099,0.062909,-0.001423,-0.001840,0.000000,0.000000,63.302781
0.049099,0.062909,-0.001423,-0.001840,0.000000,0.000000,63.350878
0.049099,0.062909,-0.001423,-0.001840,0.000000,0.000000,63.398785
0.047565,0.061374,-0.001377,-0.001793,0.000000,0.000000,63.446946
0.049099,0.061374,-0.001423,-0.001793,0.000000,0.000000,63.494843
0.049099,0.061374,-0.001423,-0.001793,0.000000,0.000000,63.542852
0.049099,0.061374,-0.001423,-0.001793,0.000000,0.000000,63.590979
0.049099,0.061374,-0.001423,-0.001793,0.000000,0.000000,63.638799
0.049099,0.061374,-0.001423,-0.001793,0.000000,0.000000,63.687095
0.049099,0.061374,-0.001423,-0.001793,0.000000,0.000000,63.734803
0.049099,0.059840,-0.001423,-0.001747,0.000000,0.000000,63.782968
0.049099,0.059840,-0.001423,-0.001747,0.000000,0.000000,63.830965
0.049099,0.059840,-0.001423,-0.001747,0.000000,0.000000,63.878970
0.049099,0.059840,-0.001423,-0.001747,0.000000,0.000000,63.926802
0.049099,0.058306,-0.001423,-0.001700,0.000000,0.000000,63.974864
0.049099,0.056771,-0.001423,-0.001653,0.000000,0.000000,64.022858
0.049099,0.056771,-0.001423,-0.001653,0.000000,0.000000,64.070921
0.049099,0.056771,-0.001423,-0.001653,0.000000,0.000000,64.118904
0.049099,0.056771,-0.001423,-0.001653,0.000000,0.000000,64.166887
0.049099,0.056771,-0.001423,-0.001653,0.000000,0.000000,64.214906
0.049099,0.055237,-0.001423,-0.001607,0.000000,0.000000,64.262781
0.049099,0.055237,-0.001423,-0.001607,0.000000,0.000000,64.310899
0.049099,0.055237,-0.001423,-0.001607,0.000000,0.000000,64.358781
0.049099,0.055237,-0.001423,-0.001607,0.000000,0.000000,64.406780
0.049099,0.055237,-0.001423,-0.001607,0.000000,0.000000,64.454778
0.049099,0.053702,-0.001423,-0.001561,0.000000,0.000000,64.502822
0.049099,0.053702,-0.001423,-0.001561,0.000000,0.000000,64.553262
0.049099,0.053702,-0.001423,-0.001561,0.000000,0.000000,64.598797
0.049099,0.053702,-0.001423,-0.001561,0.000000,0.000000,64.646823
0.049099,0.052168,-0.001423,-0.001515,0.000000,0.000000,64.694787
0.049099,0.052168,-0.001423,-0.001515,0.000000,0.000000,64.742819
0.049099,0.052168,-0.001423,-0.001515,0.000000,0.000000,64.790809
0.049099,0.050634,-0.001423,-0.001469,0.000000,0.000000,64.838774
0.049099,0.050634,-0.001423,-0.001469,0.000000,0.000000,64.886852
0.049099,0.050634,-0.001423,-0.001469,0.000000,0.000000,64.934899
0.049099,0.049099,-0.001423,-0.001423,0.000000,0.000000,64.982836
0.049099,0.049099,-0.001423,-0.001423,0.000000,0.000000,65.030880
0.049099,0.049099,-0.001423,-0.001423,0.000000,0.000000,65.078765
0.050634,0.049099,-0.001469,-0.001423,0.000000,0.000000,65.126790
0.049099,0.049099,-0.001423,-0.001423,0.000000,0.000000,65.175273
0.049099,0.047565,-0.001423,-0.001377,0.000000,0.000000,65.222749
0.049099,0.047565,-0.001423,-0.001377,0.000000,0.000000,65.270886
0.050634,0.047565,-0.001469,-0.001377,0.000000,0.000000,65.318893
0.049099,0.046031,-0.001423,-0.001332,0.000000,0.000000,65.366871
0.049099,0.046031,-0.001423,-0.001332,0.000000,0.000000,65.414701
0.049099,0.046031,-0.001423,-0.001332,0.000000,0.000000,65.462820
0.049099,0.044496,-0.001423,-0.001286,0.000000,0.000000,65.510778
0.049099,0.044496,-0.001423,-0.001286,0.000000,0.000000,65.558805
0.049099,0.044496,-0.001423,-0.001286,0.000000,0.000000,65.606852
0.050634,0.044496,-0.001469,-0.001286,0.000000,0.000000,65.654778
0.049099,0.042962,-0.001423,-0.001241,0.000000,0.000000,65.702969
0.052168,0.041428,-0.001515,-0.001161,0.000000,0.000000,65.750850
0.055237,0.036825,-0.001683,-0.000961,0.000000,0.000000,65.798665
0.064443,0.024550,-0.002205,-0.000412,0.000000,0.000000,65.847005
0.082855,0.001534,-0.003346,0.000681,-1.000000,0.000000,65.894766
0.110474,-0.035290,-0.005519,0.002925,-1.000000,1.000000,65.942793
0.145764,-0.076718,-0.008756,0.006208,-2.000000,1.000000,65.990913
0.182588,-0.119680,-0.012363,0.009580,-2.000000,2.000000,66.038800
0.220947,-0.167245,-0.016699,0.014752,-3.000000,3.000000,66.086874
0.260840,-0.217878,-0.021724,0.021487,-4.000000,4.000000,66.134863
0.300734,-0.266978,-0.027113,0.028433,-5.000000,5.000000,66.182862
0.340627,-0.319146,-0.033519,0.039817,-6.000000,7.000000,66.230772
0.383589,-0.369780,-0.042899,0.052874,-7.000000,9.000000,66.278994
0.426551,-0.420413,-0.054398,0.063852,-9.000000,11.000000,66.326811
0.464910,-0.467978,-0.061921,0.075478,-11.000000,13.000000,66.374864
0.500200,-0.507872,-0.067645,0.079421,-12.000000,14.000000,66.422796
0.529353,-0.541627,-0.068718,0.079738,-12.000000,14.000000,66.470747
0.553902,-0.570780,-0.069105,0.081124,-12.000000,14.000000,66.518825
0.570780,-0.593796,-0.068039,0.084474,-12.000000,14.000000,66.566751
0.584589,-0.615277,-0.068113,0.087778,-12.000000,15.000000,66.614810
0.596864,-0.636757,-0.071098,0.093223,-12.000000,16.000000,66.662779
0.610673,-0.655170,-0.075749,0.099438,-13.000000,17.000000,66.710750
0.622948,-0.672048,-0.080099,0.105379,-14.000000,18.000000,66.758771
0.635223,-0.687391,-0.083602,0.110969,-14.000000,19.000000,66.806748
0.647498,-0.702735,-0.088337,0.116897,-15.000000,20.000000,66.854804
0.655170,-0.711941,-0.088464,0.115856,-15.000000,20.000000,66.902785
0.656704,-0.713475,-0.085634,0.110121,-15.000000,19.000000,66.950756
0.656704,-0.711941,-0.084762,0.108331,-15.000000,19.000000,66.998747
0.656704,-0.711941,-0.084762,0.108331,-15.000000,19.000000,67.046737
0.656704,-0.713475,-0.084762,0.109058,-15.000000,19.000000,67.094793
0.656704,-0.713475,-0.084762,0.109058,-15.000000,19.000000,67.142663
0.656704,-0.713475,-0.084762,0.109058,-15.000000,19.000000,67.190698
0.656704,-0.713475,-0.084762,0.109058,-15.000000,19.000000,67.238609
0.656704,-0.713475,-0.084762,0.109058,-15.000000,19.000000,67.286687
0.656704,-0.713475,-0.084762,0.109058,-15.000000,19.000000,67.334680
0.656704,-0.713475,-0.084762,0.109058,-15.000000,19.000000,67.382823
0.656704,-0.711941,-0.084762,0.108331,-15.000000,19.000000,67.431029
0.656704,-0.713475,-0.084762,0.109058,-15.000000,19.000000,67.480695
0.656704,-0.711941,-0.084762,0.108331,-15.000000,19.000000,67.526663
0.656704,-0.711941,-0.084762,0.108331,-15.000000,19.000000,67.574664
0.656704,-0.713475,-0.084762,0.109058,-15.000000,19.000000,67.622709
0.656704,-0.713475,-0.084762,0.109058,-15.000000,19.000000,67.670810
0.656704,-0.713475,-0.084762,0.109058,-15.000000,19.000000,67.718816
0.656704,-0.713475,-0.084762,0.109058,-15.000000,19.000000,67.766716
0.656704,-0.713475,-0.084762,0.109058,-15.000000,19.000000,67.814698
0.656704,-0.713475,-0.084762,0.109058,-15.000000,19.000000,67.862785
0.656704,-0.713475,-0.084762,0.109058,-15.000000,19.000000,67.910613
0.656704,-0.713475,-0.084762,0.109058,-15.000000,19.000000,67.958774
0.656704,-0.711941,-0.084762,0.108331,-15.000000,19.000000,68.006703
0.656704,-0.713475,-0.084762,0.109058,-15.000000,19.000000,68.054787
0.656704,-0.713475,-0.084762,0.109058,-15.000000,19.000000,68.102936
0.656704,-0.713475,-0.084762,0.109058,-15.000000,19.000000,68.150748
0.656704,-0.713475,-0.084762,0.109058,-15.000000,19.000000,68.198780
0.656704,-0.713475,-0.084762,0.109058,-15.000000,19.000000,68.246780
0.656704,-0.713475,-0.084762,0.109058,-15.000000,19.000000,68.294731
0.656704,-0.713475,-0.084762,0.109058,-15.000000,19.000000,68.342861
0.656704,-0.713475,-0.084762,0.109058,-15.000000,19.000000,68.390630
0.656704,-0.713475,-0.084762,0.109058,-15.000000,19.000000,68.438858
0.656704,-0.713475,-0.084762,0.109058,-15.000000,19.000000,68.486633
0.656704,-0.711941,-0.084762,0.108331,-15.000000,19.000000,68.534882
0.656704,-0.711941,-0.084762,0.108331,-15.000000,19.000000,68.582705
0.656704,-0.713475,-0.084762,0.109058,-15.000000,19.000000,68.630750
0.656704,-0.713475,-0.084762,0.109058,-15.000000,19.000000,68.678757
0.656704,-0.711941,-0.084762,0.108331,-15.000000,19.000000,68.726669
0.656704,-0.713475,-0.084762,0.109058,-15.000000,19.000000,68.774727
0.656704,-0.711941,-0.084762,0.108331,-15.000000,19.000000,68.822769
0.656704,-0.713475,-0.084762,0.109058,-15.000000,19.000000,68.870671
0.656704,-0.713475,-0.084762,0.109058,-15.000000,19.000000,68.918708
0.656704,-0.713475,-0.084762,0.109058,-15.000000,19.000000,68.966902
0.656704,-0.713475,-0.084762,0.109058,-15.000000,19.000000,69.014831
0.656704,-0.713475,-0.084762,0.109058,-15.000000,19.000000,69.062973
0.656704,-0.713475,-0.084762,0.109058,-15.000000,19.000000,69.110835
0.656704,-0.713475,-0.084762,0.109058,-15.000000,19.000000,69.158749
0.656704,-0.713475,-0.084762,0.109058,-15.000000,19.000000,69.206695
0.655170,-0.713475,-0.084175,0.109058,-14.000000,19.000000,69.254928
0.656704,-0.711941,-0.084762,0.108331,-15.000000,19.000000,69.302681
0.656704,-0.713475,-0.084762,0.109058,-15.000000,19.000000,69.350716
0.656704,-0.711941,-0.084762,0.108331,-15.000000,19.000000,69.398630
0.656704,-0.713475,-0.084762,0.109058,-15.000000,19.000000,69.446935
0.656704,-0.713475,-0.084762,0.109058,-15.000000,19.000000,69.494849
0.656704,-0.713475,-0.084762,0.109058,-15.000000,19.000000,69.542763
0.656704,-0.711941,-0.084762,0.108331,-15.000000,19.000000,69.590784
0.656704,-0.713475,-0.084762,0.109058,-15.000000,19.000000,69.638656
0.656704,-0.713475,-0.084762,0.109058,-15.000000,19.000000,69.686753
0.656704,-0.713475,-0.084762,0.109058,-15.000000,19.000000,69.734717
0.656704,-0.711941,-0.084762,0.108331,-15.000000,19.000000,69.782643
0.656704,-0.711941,-0.084762,0.108331,-15.000000,19.000000,69.830740
0.656704,-0.713475,-0.084762,0.109058,-15.000000,19.000000,69.878738
0.656704,-0.713475,-0.084762,0.109058,-15.000000,19.000000,69.926549
0.656704,-0.711941,-0.084762,0.108331,-15.000000,19.000000,69.974760
0.656704,-0.713475,-0.084762,0.109058,-15.000000,19.000000,70.022704
0.656704,-0.711941,-0.084762,0.108331,-15.000000,19.000000,70.070647
0.656704,-0.711941,-0.084762,0.108331,-15.000000,19.000000,70.118729
0.656704,-0.713475,-0.084762,0.109058,-15.000000,19.000000,70.166586
0.656704,-0.711941,-0.084762,0.108331,-15.000000,19.000000,70.214536
0.656704,-0.713475,-0.084762,0.109058,-15.000000,19.000000,70.262674
0.656704,-0.711941,-0.084762,0.108331,-15.000000,19.000000,70.310656
0.656704,-0.711941,-0.084762,0.108331,-15.000000,19.000000,70.358722
0.656704,-0.713475,-0.084762,0.109058,-15.000000,19.000000,70.406665
0.656704,-0.711941,-0.084762,0.108331,-15.000000,19.000000,70.454613
0.656704,-0.713475,-0.084762,0.109058,-15.000000,19.000000,70.502676
0.656704,-0.713475,-0.084762,0.109058,-15.000000,19.000000,70.550758
0.656704,-0.713475,-0.084762,0.109058,-15.000000,19.000000,70.598755
0.653635,-0.711941,-0.083004,0.108331,-14.000000,19.000000,70.646621
0.638292,-0.710407,-0.077391,0.107207,-13.000000,18.000000,70.694616
0.613742,-0.698132,-0.073460,0.100911,-13.000000,17.000000,70.742672
0.583055,-0.681254,-0.068769,0.096021,-12.000000,16.000000,70.790682
0.543162,-0.653635,-0.061789,0.089782,-11.000000,15.000000,70.838679
0.497131,-0.619880,-0.054133,0.083578,-9.000000,14.000000,70.886970
0.448032,-0.579986,-0.044350,0.075652,-8.000000,13.000000,70.934627
0.398932,-0.535490,-0.035366,0.065203,-6.000000,11.000000,70.982654
0.346764,-0.486391,-0.026442,0.053833,-5.000000,9.000000,71.030740
0.299199,-0.434223,-0.019590,0.043342,-3.000000,7.000000,71.078647
0.253169,-0.382054,-0.014083,0.033317,-2.000000,6.000000,71.126732
0.207138,-0.329886,-0.009917,0.024745,-2.000000,4.000000,71.174751
0.165710,-0.277718,-0.006755,0.017919,-1.000000,3.000000,71.222741
0.128886,-0.227085,-0.004360,0.012421,-1.000000,2.000000,71.270585
0.092061,-0.176451,-0.002485,0.007955,0.000000,1.000000,71.318665
0.061374,-0.131955,-0.001160,0.004773,0.000000,1.000000,71.366623
0.042962,-0.095130,-0.000699,0.002638,0.000000,0.000000,71.414649
0.038359,-0.064443,-0.000915,0.001289,0.000000,0.000000,71.462614
0.036825,-0.047565,-0.001061,0.000911,0.000000,0.000000,71.510666
0.038359,-0.046031,-0.001106,0.001232,0.000000,0.000000,71.558574
0.038359,-0.046031,-0.001106,0.001332,0.000000,0.000000,71.606486
0.038359,-0.047565,-0.001106,0.001377,0.000000,0.000000,71.654583
0.038359,-0.047565,-0.001106,0.001377,0.000000,0.000000,71.702577
0.038359,-0.047565,-0.001106,0.001377,0.000000,0.000000,71.750668
0.039893,-0.047565,-0.001151,0.001377,0.000000,0.000000,71.798709
0.039893,-0.047565,-0.001151,0.001377,0.000000,0.000000,71.846598
0.039893,-0.047565,-0.001151,0.001377,0.000000,0.000000,71.894716
0.039893,-0.047565,-0.001151,0.001377,0.000000,0.000000,71.942747
0.041428,-0.049099,-0.001196,0.001423,0.000000,0.000000,71.990660
0.041428,-0.047565,-0.001196,0.001377,0.000000,0.000000,72.038656
0.041428,-0.047565,-0.001196,0.001377,0.000000,0.000000,72.086546
0.041428,-0.049099,-0.001196,0.001423,0.000000,0.000000,72.134700
0.041428,-0.049099,-0.001196,0.001423,0.000000,0.000000,72.182699
0.041428,-0.049099,-0.001196,0.001423,0.000000,0.000000,72.230804
0.041428,-0.049099,-0.001196,0.001423,0.000000,0.000000,72.278618
0.041428,-0.049099,-0.001196,0.001423,0.000000,0.000000,72.326621
0.041428,-0.049099,-0.001196,0.001423,0.000000,0.000000,72.374631
0.041428,-0.049099,-0.001196,0.001423,0.000000,0.000000,72.422632
0.041428,-0.049099,-0.001196,0.001423,0.000000,0.000000,72.470558
0.041428,-0.049099,-0.001196,0.001423,0.000000,0.000000,72.518669
0.042962,-0.049099,-0.001241,0.001423,0.000000,0.000000,72.566552
0.041428,-0.049099,-0.001196,0.001423,0.000000,0.000000,72.614596
0.041428,-0.050634,-0.001196,0.001469,0.000000,0.000000,72.662606
0.042962,-0.050634,-0.001241,0.001469,0.000000,0.000000,72.710682
0.042962,-0.050634,-0.001241,0.001469,0.000000,0.000000,72.758549
0.041428,-0.052168,-0.001196,0.001515,0.000000,0.000000,72.806555
0.042962,-0.052168,-0.001241,0.001515,0.000000,0.000000,72.854636
0.042962,-0.052168,-0.001241,0.001515,0.000000,0.000000,72.903282
0.042962,-0.052168,-0.001241,0.001515,0.000000,0.000000,72.950609
0.042962,-0.052168,-0.001241,0.001515,0.000000,0.000000,72.998557
0.042962,-0.053702,-0.001241,0.001561,0.000000,0.000000,73.046540
0.042962,-0.053702,-0.001241,0.001561,0.000000,0.000000,73.094643
0.042962,-0.053702,-0.001241,0.001561,0.000000,0.000000,73.142570
0.042962,-0.053702,-0.001241,0.001561,0.000000,0.000000,73.190637
0.042962,-0.053702,-0.001241,0.001561,0.000000,0.000000,73.238506
0.042962,-0.053702,-0.001241,0.001561,0.000000,0.000000,73.286585
0.042962,-0.053702,-0.001241,0.001561,0.000000,0.000000,73.334405
0.042962,-0.055237,-0.001241,0.001607,0.000000,0.000000,73.382514
0.042962,-0.055237,-0.001241,0.001607,0.000000,0.000000,73.430468
0.042962,-0.055237,-0.001241,0.001607,0.000000,0.000000,73.478455
0.042962,-0.055237,-0.001241,0.001607,0.000000,0.000000,73.526535
0.042962,-0.055237,-0.001241,0.001607,0.000000,0.000000,73.574754
0.042962,-0.056771,-0.001241,0.001653,0.000000,0.000000,73.622524
0.042962,-0.056771,-0.001241,0.001653,0.000000,0.000000,73.670550
0.042962,-0.056771,-0.001241,0.001653,0.000000,0.000000,73.718544
0.042962,-0.058306,-0.001241,0.001700,0.000000,0.000000,73.766513
0.042962,-0.056771,-0.001241,0.001653,0.000000,0.000000,73.814497
0.042962,-0.058306,-0.001241,0.001700,0.000000,0.000000,73.862596
0.042962,-0.059840,-0.001241,0.001747,0.000000,0.000000,73.910569
0.042962,-0.059840,-0.001241,0.001747,0.000000,0.000000,73.958595
0.042962,-0.059840,-0.001241,0.001747,0.000000,0.000000,74.006587
0.042962,-0.059840,-0.001241,0.001747,0.000000,0.000000,74.055228
0.042962,-0.061374,-0.001241,0.001793,0.000000,0.000000,74.102474
0.042962,-0.061374,-0.001241,0.001793,0.000000,0.000000,74.150542
0.042962,-0.062909,-0.001241,0.001840,0.000000,0.000000,74.198516
0.041428,-0.061374,-0.001196,0.001793,0.000000,0.000000,74.246604
0.042962,-0.062909,-0.001241,0.001840,0.000000,0.000000,74.294495
0.042962,-0.062909,-0.001241,0.001840,0.000000,0.000000,74.342613
0.042962,-0.064443,-0.001241,0.001887,0.000000,0.000000,74.390526
0.042962,-0.064443,-0.001241,0.001887,0.000000,0.000000,74.438563
0.044496,-0.064443,-0.001286,0.001887,0.000000,0.000000,74.486508
0.044496,-0.065977,-0.001286,0.001934,0.000000,0.000000,74.534454
0.044496,-0.067512,-0.001286,0.001982,0.000000,0.000000,74.583687
0.044496,-0.067512,-0.001286,0.002020,0.000000,0.000000,74.630422
0.046031,-0.072115,-0.001368,0.002248,0.000000,0.000000,74.678473
0.053702,-0.084390,-0.001721,0.002927,0.000000,1.000000,74.726500
0.069046,-0.104336,-0.002610,0.004283,0.000000,1.000000,74.774576
0.093596,-0.135023,-0.004194,0.007163,-1.000000,1.000000,74.822499
0.125817,-0.174917,-0.006864,0.012114,-1.000000,2.000000,74.870612
0.161107,-0.220947,-0.010379,0.018817,-2.000000,3.000000,74.918474
0.197932,-0.266978,-0.013648,0.026029,-2.000000,4.000000,74.966525
0.237825,-0.316077,-0.018469,0.035950,-3.000000,6.000000,75.014411
0.277718,-0.368245,-0.023890,0.051026,-4.000000,9.000000,75.062430
0.319146,-0.420413,-0.031672,0.067436,-5.000000,12.000000,75.110545
0.365177,-0.475650,-0.041321,0.091651,-7.000000,16.000000,75.158597
0.411207,-0.526284,-0.054787,0.108614,-9.000000,19.000000,75.206642
0.457238,-0.572315,-0.066334,0.116462,-11.000000,20.000000,75.254556
0.495597,-0.607605,-0.073227,0.116878,-13.000000,20.000000,75.302497
0.530887,-0.636757,-0.075966,0.108347,-13.000000,19.000000,75.350591
0.555437,-0.653635,-0.074079,0.100389,-13.000000,17.000000,75.398513
0.573849,-0.665910,-0.070220,0.097051,-12.000000,17.000000,75.446389
0.586124,-0.676651,-0.067653,0.099370,-12.000000,17.000000,75.494556
0.598399,-0.688926,-0.070677,0.104860,-12.000000,18.000000,75.542517
0.612208,-0.702735,-0.075307,0.113935,-13.000000,20.000000,75.590465
0.624483,-0.716544,-0.080657,0.122386,-14.000000,21.000000,75.638475
0.633689,-0.725750,-0.081135,0.122914,-14.000000,21.000000,75.686390
0.635223,-0.727284,-0.077672,0.116910,-13.000000,20.000000,75.734322
0.633689,-0.727284,-0.076326,0.115795,-13.000000,20.000000,75.782600
0.633689,-0.727284,-0.076326,0.115795,-13.000000,20.000000,75.830444
0.633689,-0.727284,-0.076326,0.115795,-13.000000,20.000000,75.878592
0.633689,-0.727284,-0.076326,0.115795,-13.000000,20.000000,75.926487
0.633689,-0.725750,-0.076326,0.115030,-13.000000,20.000000,75.974602
0.633689,-0.727284,-0.076326,0.115795,-13.000000,20.000000,76.022516
0.633689,-0.727284,-0.076326,0.115795,-13.000000,20.000000,76.070512
0.633689,-0.727284,-0.076326,0.115795,-13.000000,20.000000,76.118445
0.633689,-0.727284,-0.076326,0.115795,-13.000000,20.000000,76.166532
0.633689,-0.727284,-0.076326,0.115795,-13.000000,20.000000,76.214425
0.633689,-0.725750,-0.076326,0.115030,-13.000000,20.000000,76.262453
0.633689,-0.727284,-0.076326,0.115795,-13.000000,20.000000,76.310567
0.633689,-0.727284,-0.076326,0.115795,-13.000000,20.000000,76.358443
0.633689,-0.727284,-0.076326,0.115795,-13.000000,20.000000,76.406379
0.633689,-0.727284,-0.076326,0.115795,-13.000000,20.000000,76.454392
0.633689,-0.725750,-0.076326,0.115030,-13.000000,20.000000,76.502480
0.633689,-0.727284,-0.076326,0.115795,-13.000000,20.000000,76.550561
0.633689,-0.727284,-0.076326,0.115795,-13.000000,20.000000,76.598608
0.633689,-0.725750,-0.076326,0.115030,-13.000000,20.000000,76.646407
0.633689,-0.727284,-0.076326,0.115795,-13.000000,20.000000,76.694394
0.633689,-0.727284,-0.076326,0.115795,-13.000000,20.000000,76.742436
0.633689,-0.727284,-0.076326,0.115795,-13.000000,20.000000,76.790498
0.633689,-0.727284,-0.076326,0.115795,-13.000000,20.000000,76.838648
0.633689,-0.727284,-0.076326,0.115795,-13.000000,20.000000,76.887216
0.633689,-0.727284,-0.076326,0.115795,-13.000000,20.000000,76.934527
0.633689,-0.727284,-0.076326,0.115795,-13.000000,20.000000,76.985502
0.633689,-0.727284,-0.076326,0.115795,-13.000000,20.000000,77.030434
0.635223,-0.727284,-0.076865,0.115795,-13.000000,20.000000,77.078324
0.633689,-0.727284,-0.076326,0.115795,-13.000000,20.000000,77.126467
0.633689,-0.727284,-0.076326,0.115795,-13.000000,20.000000,77.174419
0.633689,-0.727284,-0.076326,0.115795,-13.000000,20.000000,77.222446
0.633689,-0.727284,-0.076326,0.115795,-13.000000,20.000000,77.270478
0.633689,-0.727284,-0.076326,0.115795,-13.000000,20.000000,77.318443
0.633689,-0.727284,-0.076326,0.115795,-13.000000,20.000000,77.366490
0.633689,-0.727284,-0.076326,0.115795,-13.000000,20.000000,77.414451
0.635223,-0.727284,-0.076865,0.115795,-13.000000,20.000000,77.462529
0.633689,-0.727284,-0.076326,0.115795,-13.000000,20.000000,77.510409
0.633689,-0.727284,-0.076326,0.115795,-13.000000,20.000000,77.558486
0.633689,-0.727284,-0.076326,0.115795,-13.000000,20.000000,77.606543
0.633689,-0.727284,-0.076326,0.115795,-13.000000,20.000000,77.654391
0.633689,-0.727284,-0.076326,0.115795,-13.000000,20.000000,77.702545
0.633689,-0.727284,-0.076326,0.115795,-13.000000,20.000000,77.750445
0.633689,-0.727284,-0.076326,0.115795,-13.000000,20.000000,77.798426
0.633689,-0.727284,-0.076326,0.115795,-13.000000,20.000000,77.846461
0.633689,-0.727284,-0.076326,0.115795,-13.000000,20.000000,77.894390
0.633689,-0.727284,-0.076326,0.115795,-13.000000,20.000000,77.942454
0.633689,-0.727284,-0.076326,0.115795,-13.000000,20.000000,77.990349
0.633689,-0.727284,-0.076326,0.115795,-13.000000,20.000000,78.038390
0.633689,-0.727284,-0.076326,0.115795,-13.000000,20.000000,78.086486
0.633689,-0.727284,-0.076326,0.115795,-13.000000,20.000000,78.134334
0.633689,-0.727284,-0.076326,0.115795,-13.000000,20.000000,78.182493
0.633689,-0.727284,-0.076326,0.115795,-13.000000,20.000000,78.230779
0.633689,-0.727284,-0.076326,0.115795,-13.000000,20.000000,78.278489
0.633689,-0.727284,-0.076326,0.115795,-13.000000,20.000000,78.326631
0.633689,-0.727284,-0.076326,0.115795,-13.000000,20.000000,78.374506
0.633689,-0.727284,-0.076326,0.115795,-13.000000,20.000000,78.422434
0.633689,-0.727284,-0.076326,0.115795,-13.000000,20.000000,78.470510
0.633689,-0.727284,-0.076326,0.115795,-13.000000,20.000000,78.518376
0.633689,-0.727284,-0.076326,0.115795,-13.000000,20.000000,78.566427
0.633689,-0.727284,-0.076326,0.115795,-13.000000,20.000000,78.614504
0.633689,-0.727284,-0.076326,0.115795,-13.000000,20.000000,78.662489
0.633689,-0.727284,-0.076326,0.115795,-13.000000,20.000000,78.710472
0.633689,-0.725750,-0.076326,0.115030,-13.000000,20.000000,78.758427
0.633689,-0.727284,-0.076326,0.115795,-13.000000,20.000000,78.806460
0.633689,-0.727284,-0.076326,0.115795,-13.000000,20.000000,78.854407
0.633689,-0.727284,-0.076326,0.115795,-13.000000,20.000000,78.902493
0.633689,-0.727284,-0.076326,0.115795,-13.000000,20.000000,78.950533
0.633689,-0.727284,-0.076326,0.115795,-13.000000,20.000000,78.998429
0.633689,-0.727284,-0.076326,0.115795,-13.000000,20.000000,79.046386
0.633689,-0.727284,-0.076326,0.115795,-13.000000,20.000000,79.094436
0.633689,-0.727284,-0.076326,0.115795,-13.000000,20.000000,79.142382
0.633689,-0.727284,-0.076326,0.115795,-13.000000,20.000000,79.190352
0.633689,-0.727284,-0.076326,0.115795,-13.000000,20.000000,79.238576
0.633689,-0.727284,-0.076326,0.115795,-13.000000,20.000000,79.286464
0.633689,-0.727284,-0.076326,0.115795,-13.000000,20.000000,79.334426
0.633689,-0.727284,-0.076326,0.115795,-13.000000,20.000000,79.382311
0.633689,-0.727284,-0.076326,0.115795,-13.000000,20.000000,79.430338
0.633689,-0.727284,-0.076326,0.115795,-13.000000,20.000000,79.478369
0.633689,-0.727284,-0.076326,0.115795,-13.000000,20.000000,79.526383
0.633689,-0.727284,-0.076326,0.115795,-13.000000,20.000000,79.574449
0.632154,-0.727284,-0.075790,0.115795,-13.000000,20.000000,79.622384
0.624483,-0.724216,-0.072281,0.113849,-12.000000,20.000000,79.670449
0.606070,-0.711941,-0.067782,0.107380,-12.000000,18.000000,79.718494
0.581521,-0.690460,-0.063808,0.102069,-11.000000,17.000000,79.766434
0.547765,-0.655170,-0.058942,0.096682,-10.000000,17.000000,79.814439
0.507872,-0.610673,-0.052855,0.089654,-9.000000,15.000000,79.862369
0.461841,-0.556971,-0.045368,0.079296,-8.000000,14.000000,79.910336
0.414276,-0.498666,-0.037175,0.067142,-6.000000,12.000000,79.958445
0.362108,-0.426551,-0.028860,0.052047,-5.000000,9.000000,80.006470
0.313008,-0.352902,-0.021663,0.037930,-4.000000,7.000000,80.054434
0.266978,-0.273115,-0.015450,0.023880,-3.000000,4.000000,80.102341
0.220947,-0.194863,-0.010865,0.012621,-2.000000,2.000000,80.150417
0.181054,-0.118145,-0.007671,0.003988,-1.000000,1.000000,80.198342
0.144229,-0.052168,-0.005195,-0.001740,-1.000000,0.000000,80.246364
0.110474,0.007672,-0.003310,-0.005457,-1.000000,-1.000000,80.294406
0.087458,0.052168,-0.002286,-0.005994,0.000000,-1.000000,80.342390
0.069046,0.070580,-0.001662,-0.003601,0.000000,-1.000000,80.390437
0.062909,0.069046,-0.001608,-0.002108,0.000000,0.000000,80.438548
0.062909,0.065977,-0.001805,-0.001899,0.000000,0.000000,80.486491
0.062909,0.065977,-0.001840,-0.001899,0.000000,0.000000,80.534364
0.062909,0.065977,-0.001840,-0.001934,0.000000,0.000000,80.582426
0.062909,0.064443,-0.001840,-0.001887,0.000000,0.000000,80.630393
0.061374,0.065977,-0.001793,-0.001934,0.000000,0.000000,80.678463
0.062909,0.064443,-0.001840,-0.001887,0.000000,0.000000,80.726327
0.062909,0.064443,-0.001840,-0.001887,0.000000,0.000000,80.774301
0.062909,0.062909,-0.001840,-0.001840,0.000000,0.000000,80.822279
0.062909,0.062909,-0.001840,-0.001840,0.000000,0.000000,80.870369
0.062909,0.062909,-0.001840,-0.001840,0.000000,0.000000,80.918281
0.062909,0.062909,-0.001840,-0.001840,0.000000,0.000000,80.966372
0.062909,0.061374,-0.001840,-0.001793,0.000000,0.000000,81.014266
0.062909,0.061374,-0.001840,-0.001793,0.000000,0.000000,81.062376
0.062909,0.061374,-0.001840,-0.001793,0.000000,0.000000,81.110207
0.062909,0.059840,-0.001840,-0.001747,0.000000,0.000000,81.158508
0.062909,0.059840,-0.001840,-0.001747,0.000000,0.000000,81.206326
0.062909,0.059840,-0.001840,-0.001747,0.000000,0.000000,81.254303
0.062909,0.058306,-0.001840,-0.001700,0.000000,0.000000,81.302316
0.062909,0.058306,-0.001840,-0.001700,0.000000,0.000000,81.350404
0.062909,0.058306,-0.001840,-0.001700,0.000000,0.000000,81.398350
0.062909,0.056771,-0.001840,-0.001653,0.000000,0.000000,81.446328
0.062909,0.056771,-0.001840,-0.001653,0.000000,0.000000,81.494480
0.062909,0.055237,-0.001840,-0.001607,0.000000,0.000000,81.542442
0.062909,0.055237,-0.001840,-0.001607,0.000000,0.000000,81.590253
0.062909,0.055237,-0.001840,-0.001607,0.000000,0.000000,81.638338
0.064443,0.055237,-0.001887,-0.001607,0.000000,0.000000,81.686347
0.062909,0.053702,-0.001840,-0.001561,0.000000,0.000000,81.734313
0.062909,0.053702,-0.001840,-0.001561,0.000000,0.000000,81.783920
0.062909,0.053702,-0.001840,-0.001561,0.000000,0.000000,81.830315
0.062909,0.052168,-0.001840,-0.001515,0.000000,0.000000,81.878341
0.062909,0.052168,-0.001840,-0.001515,0.000000,0.000000,81.926335
0.062909,0.052168,-0.001840,-0.001515,0.000000,0.000000,81.974293
0.062909,0.050634,-0.001840,-0.001469,0.000000,0.000000,82.022297
0.062909,0.050634,-0.001840,-0.001469,0.000000,0.000000,82.070330
0.062909,0.050634,-0.001840,-0.001469,0.000000,0.000000,82.118284
0.062909,0.049099,-0.001840,-0.001423,0.000000,0.000000,82.166301
0.062909,0.049099,-0.001840,-0.001423,0.000000,0.000000,82.214308
0.062909,0.049099,-0.001840,-0.001423,0.000000,0.000000,82.262329
0.062909,0.049099,-0.001840,-0.001423,0.000000,0.000000,82.310430
0.062909,0.047565,-0.001840,-0.001377,0.000000,0.000000,82.358338
0.062909,0.047565,-0.001840,-0.001377,0.000000,0.000000,82.406237
0.064443,0.047565,-0.001887,-0.001377,0.000000,0.000000,82.454471
0.064443,0.046031,-0.001887,-0.001332,0.000000,0.000000,82.502304
0.062909,0.046031,-0.001840,-0.001332,0.000000,0.000000,82.550273
0.064443,0.046031,-0.001887,-0.001332,0.000000,0.000000,82.598305
0.062909,0.044496,-0.001840,-0.001286,0.000000,0.000000,82.646365
0.064443,0.044496,-0.001887,-0.001286,0.000000,0.000000,82.694457
0.064443,0.044496,-0.001887,-0.001286,0.000000,0.000000,82.742565
0.064443,0.044496,-0.001887,-0.001286,0.000000,0.000000,82.790346
0.064443,0.042962,-0.001887,-0.001241,0.000000,0.000000,82.838321
0.062909,0.042962,-0.001840,-0.001241,0.000000,0.000000,82.886345
0.064443,0.042962,-0.001887,-0.001241,0.000000,0.000000,82.934264
0.064443,0.041428,-0.001887,-0.001196,0.000000,0.000000,82.982363
0.062909,0.039893,-0.001840,-0.001151,0.000000,0.000000,83.030295
0.064443,0.041428,-0.001887,-0.001196,0.000000,0.000000,83.078367
0.064443,0.039893,-0.001887,-0.001151,0.000000,0.000000,83.126368
0.064443,0.038359,-0.001887,-0.001106,0.000000,0.000000,83.174470
0.064443,0.038359,-0.001887,-0.001106,0.000000,0.000000,83.222331
0.064443,0.036825,-0.001887,-0.001061,0.000000,0.000000,83.270266
0.064443,0.036825,-0.001887,-0.001061,0.000000,0.000000,83.318336
0.064443,0.036825,-0.001887,-0.001061,0.000000,0.000000,83.366226
0.064443,0.035290,-0.001887,-0.001016,0.000000,0.000000,83.414140
0.064443,0.033756,-0.001887,-0.000971,0.000000,0.000000,83.465456
0.065977,0.033756,-0.001934,-0.000971,0.000000,0.000000,83.510280
0.065977,0.033756,-0.001934,-0.000971,0.000000,0.000000,83.558444
0.065977,0.032221,-0.001934,-0.000926,0.000000,0.000000,83.606168
0.067512,0.030687,-0.001982,-0.000882,0.000000,0.000000,83.654458
0.067512,0.029153,-0.001982,-0.000803,0.000000,0.000000,83.702280
0.075183,0.019947,-0.002393,-0.000405,0.000000,0.000000,83.750249
0.088993,0.003069,-0.003231,0.000393,-1.000000,0.000000,83.798193
0.113542,-0.026084,-0.005053,0.001944,-1.000000,0.000000,83.846345
0.148832,-0.064443,-0.008954,0.004753,-2.000000,1.000000,83.894272
0.193329,-0.107405,-0.015892,0.008415,-3.000000,1.000000,83.942357
0.243963,-0.154970,-0.024994,0.013171,-4.000000,2.000000,83.990197
0.296131,-0.205604,-0.036333,0.019969,-6.000000,3.000000,84.038338
0.348299,-0.254703,-0.047526,0.026557,-8.000000,5.000000,84.086270
0.400467,-0.303802,-0.059683,0.034687,-10.000000,6.000000,84.134399
0.449566,-0.351367,-0.071224,0.044339,-12.000000,8.000000,84.182234
0.494062,-0.397398,-0.080621,0.051238,-14.000000,9.000000,84.230103
0.533956,-0.440360,-0.084899,0.059672,-15.000000,10.000000,84.278569
0.566177,-0.480253,-0.086915,0.068243,-15.000000,12.000000,84.326296
0.592261,-0.517078,-0.085613,0.074902,-15.000000,13.000000,84.374268
0.610673,-0.549299,-0.083007,0.080613,-14.000000,14.000000,84.422361
0.624483,-0.579986,-0.082908,0.088307,-14.000000,15.000000,84.470195
0.636757,-0.609139,-0.084181,0.096136,-14.000000,16.000000,84.518306
0.649032,-0.635223,-0.088945,0.103374,-15.000000,18.000000,84.566146
0.661307,-0.661307,-0.093937,0.113418,-16.000000,19.000000,84.614208
0.672048,-0.684323,-0.097375,0.120584,-17.000000,21.000000,84.662318
0.679719,-0.702735,-0.098660,0.122054,-17.000000,21.000000,84.710329
0.684323,-0.705803,-0.098164,0.109589,-17.000000,19.000000,84.758421
0.682788,-0.704269,-0.095716,0.104364,-16.000000,18.000000,84.806298
0.684323,-0.702735,-0.095928,0.103663,-16.000000,18.000000,84.854299
0.684323,-0.702735,-0.095928,0.104053,-16.000000,18.000000,84.902145
0.684323,-0.702735,-0.095928,0.104053,-16.000000,18.000000,84.950187
0.684323,-0.702735,-0.095928,0.104053,-16.000000,18.000000,84.998129
0.682788,-0.702735,-0.095276,0.104053,-16.000000,18.000000,85.046207
0.684323,-0.701200,-0.095928,0.103354,-16.000000,18.000000,85.094285
0.682788,-0.702735,-0.095276,0.104053,-16.000000,18.000000,85.142432
0.684323,-0.702735,-0.095928,0.104053,-16.000000,18.000000,85.190215
0.684323,-0.702735,-0.095928,0.104053,-16.000000,18.000000,85.238327
0.684323,-0.702735,-0.095928,0.104053,-16.000000,18.000000,85.286221
0.684323,-0.702735,-0.095928,0.104053,-16.000000,18.000000,85.334467
0.684323,-0.702735,-0.095928,0.104053,-16.000000,18.000000,85.382354
0.684323,-0.702735,-0.095928,0.104053,-16.000000,18.000000,85.430236
0.684323,-0.702735,-0.095928,0.104053,-16.000000,18.000000,85.478234
0.684323,-0.702735,-0.095928,0.104053,-16.000000,18.000000,85.526201
0.684323,-0.702735,-0.095928,0.104053,-16.000000,18.000000,85.574296
0.684323,-0.702735,-0.095928,0.104053,-16.000000,18.000000,85.622288
0.684323,-0.702735,-0.095928,0.104053,-16.000000,18.000000,85.670204
0.684323,-0.702735,-0.095928,0.104053,-16.000000,18.000000,85.718291
0.684323,-0.702735,-0.095928,0.104053,-16.000000,18.000000,85.766172
0.684323,-0.701200,-0.095928,0.103354,-16.000000,18.000000,85.814337
0.684323,-0.702735,-0.095928,0.104053,-16.000000,18.000000,85.862138
0.684323,-0.702735,-0.095928,0.104053,-16.000000,18.000000,85.910264
0.684323,-0.702735,-0.095928,0.104053,-16.000000,18.000000,85.958310
0.684323,-0.702735,-0.095928,0.104053,-16.000000,18.000000,86.006208
0.684323,-0.702735,-0.095928,0.104053,-16.000000,18.000000,86.054280
0.684323,-0.702735,-0.095928,0.104053,-16.000000,18.000000,86.102262
0.684323,-0.702735,-0.095928,0.104053,-16.000000,18.000000,86.150281
0.684323,-0.702735,-0.095928,0.104053,-16.000000,18.000000,86.198337
0.684323,-0.702735,-0.095928,0.104053,-16.000000,18.000000,86.246390
0.682788,-0.702735,-0.095276,0.104053,-16.000000,18.000000,86.294184
0.684323,-0.702735,-0.095928,0.104053,-16.000000,18.000000,86.342200
0.684323,-0.702735,-0.095928,0.104053,-16.000000,18.000000,86.390259
0.684323,-0.702735,-0.095928,0.104053,-16.000000,18.000000,86.438140
0.684323,-0.702735,-0.095928,0.104053,-16.000000,18.000000,86.486230
0.684323,-0.702735,-0.095928,0.104053,-16.000000,18.000000,86.534208
0.684323,-0.702735,-0.095928,0.104053,-16.000000,18.000000,86.582140
0.684323,-0.702735,-0.095928,0.104053,-16.000000,18.000000,86.630294
0.684323,-0.702735,-0.095928,0.104053,-16.000000,18.000000,86.678192
0.684323,-0.702735,-0.095928,0.104053,-16.000000,18.000000,86.726243
0.684323,-0.702735,-0.095928,0.104053,-16.000000,18.000000,86.774403
0.684323,-0.702735,-0.095928,0.104053,-16.000000,18.000000,86.822267
0.682788,-0.701200,-0.095276,0.103354,-16.000000,18.000000,86.870246
0.684323,-0.702735,-0.095928,0.104053,-16.000000,18.000000,86.918297
0.684323,-0.701200,-0.095928,0.103354,-16.000000,18.000000,86.966201
0.684323,-0.702735,-0.095928,0.104053,-16.000000,18.000000,87.014251
0.684323,-0.702735,-0.095928,0.104053,-16.000000,18.000000,87.062162
0.684323,-0.702735,-0.095928,0.104053,-16.000000,18.000000,87.110144
0.682788,-0.702735,-0.095276,0.104053,-16.000000,18.000000,87.158135
0.684323,-0.702735,-0.095928,0.104053,-16.000000,18.000000,87.206273
0.684323,-0.702735,-0.095928,0.104053,-16.000000,18.000000,87.254123
0.684323,-0.702735,-0.095928,0.104053,-16.000000,18.000000,87.302151
0.684323,-0.702735,-0.095928,0.104053,-16.000000,18.000000,87.350112
0.684323,-0.702735,-0.095928,0.104053,-16.000000,18.000000,87.398158
0.682788,-0.701200,-0.095276,0.103354,-16.000000,18.000000,87.446208
0.684323,-0.702735,-0.095928,0.104053,-16.000000,18.000000,87.494169
0.684323,-0.702735,-0.095928,0.104053,-16.000000,18.000000,87.542319
0.684323,-0.702735,-0.095928,0.104053,-16.000000,18.000000,87.590178
0.684323,-0.702735,-0.095928,0.104053,-16.000000,18.000000,87.638290
0.684323,-0.702735,-0.095928,0.104053,-16.000000,18.000000,87.686242
0.684323,-0.702735,-0.095928,0.104053,-16.000000,18.000000,87.734110
0.682788,-0.702735,-0.095276,0.104053,-16.000000,18.000000,87.782170
0.684323,-0.702735,-0.095928,0.104053,-16.000000,18.000000,87.830221
0.684323,-0.702735,-0.095928,0.104053,-16.000000,18.000000,87.878158
0.684323,-0.702735,-0.095928,0.104053,-16.000000,18.000000,87.926208
0.682788,-0.702735,-0.095276,0.104053,-16.000000,18.000000,87.974101
0.684323,-0.702735,-0.095928,0.104053,-16.000000,18.000000,88.022202
0.684323,-0.702735,-0.095928,0.104053,-16.000000,18.000000,88.070191
0.684323,-0.702735,-0.095928,0.104053,-16.000000,18.000000,88.118052
0.684323,-0.702735,-0.095928,0.104053,-16.000000,18.000000,88.166123
0.682788,-0.702735,-0.095276,0.104053,-16.000000,18.000000,88.214177
0.684323,-0.702735,-0.095928,0.104053,-16.000000,18.000000,88.262235
0.684323,-0.702735,-0.095928,0.104053,-16.000000,18.000000,88.310549
0.684323,-0.702735,-0.095928,0.104053,-16.000000,18.000000,88.358292
0.684323,-0.702735,-0.095928,0.104053,-16.000000,18.000000,88.406121
0.684323,-0.702735,-0.095928,0.104053,-16.000000,18.000000,88.454314
0.684323,-0.701200,-0.095928,0.103354,-16.000000,18.000000,88.502208
0.684323,-0.702735,-0.095928,0.104053,-16.000000,18.000000,88.550217
0.682788,-0.702735,-0.095276,0.104053,-16.000000,18.000000,88.598148
0.682788,-0.702735,-0.095276,0.104053,-16.000000,18.000000,88.646048
0.682788,-0.702735,-0.095276,0.104053,-16.000000,18.000000,88.694109
0.678185,-0.701200,-0.092702,0.103354,-16.000000,18.000000,88.742029
0.664376,-0.696597,-0.087394,0.100372,-15.000000,17.000000,88.790075
0.641361,-0.682788,-0.082629,0.094626,-14.000000,16.000000,88.838157
0.609139,-0.661307,-0.077597,0.089003,-13.000000,15.000000,88.886082
0.570780,-0.630620,-0.070405,0.084548,-12.000000,14.000000,88.934135
0.524750,-0.590727,-0.060976,0.078349,-10.000000,13.000000,88.982117
0.474116,-0.544696,-0.051453,0.069188,-9.000000,12.000000,89.030184
0.423482,-0.492528,-0.040972,0.058227,-7.000000,10.000000,89.078050
0.369780,-0.435757,-0.031122,0.046610,-5.000000,8.000000,89.126132
0.316077,-0.377451,-0.022785,0.034644,-4.000000,6.000000,89.173988
0.265443,-0.320680,-0.016272,0.024962,-3.000000,4.000000,89.222094
0.214810,-0.265443,-0.010991,0.017303,-2.000000,3.000000,89.270240
0.170313,-0.213275,-0.007324,0.011176,-1.000000,2.000000,89.318314
0.127351,-0.165710,-0.004423,0.007092,-1.000000,1.000000,89.366057
0.090527,-0.124283,-0.002411,0.004215,0.000000,1.000000,89.414093
0.059840,-0.090527,-0.001095,0.002413,0.000000,0.000000,89.462280
0.039893,-0.062909,-0.000592,0.001310,0.000000,0.000000,89.510107
0.035290,-0.052168,-0.000824,0.001157,0.000000,0.000000,89.558155
0.033756,-0.052168,-0.000937,0.001480,0.000000,0.000000,89.606027
0.033756,-0.052168,-0.000971,0.001515,0.000000,0.000000,89.654008
0.033756,-0.052168,-0.000971,0.001515,0.000000,0.000000,89.702107
0.033756,-0.052168,-0.000971,0.001515,0.000000,0.000000,89.749998
0.035290,-0.052168,-0.001016,0.001515,0.000000,0.000000,89.798094
0.035290,-0.052168,-0.001016,0.001515,0.000000,0.000000,89.846128
0.035290,-0.052168,-0.001016,0.001515,0.000000,0.000000,89.893986
0.036825,-0.053702,-0.001061,0.001561,0.000000,0.000000,89.942119
0.036825,-0.053702,-0.001061,0.001561,0.000000,0.000000,89.990065
