pos_R [rad],pos_L [rad],tau_R [.],tau_L [.],cur_R [mA.], cur_L [mA.],time [s]
0.000000,0.000000,-0.000000,-0.000000,0.000000,0.000000,0.000003
-0.003069,0.003069,0.000088,-0.000088,0.000000,0.000000,0.045201
-0.001534,0.003069,0.000044,-0.000088,0.000000,0.000000,0.093062
-0.001534,0.003069,0.000044,-0.000088,0.000000,0.000000,0.141071
-0.003069,0.003069,0.000088,-0.000088,0.000000,0.000000,0.189067
-0.001534,0.003069,0.000044,-0.000088,0.000000,0.000000,0.237134
-0.003069,0.003069,0.000088,-0.000088,0.000000,0.000000,0.285129
-0.003069,0.003069,0.000088,-0.000088,0.000000,0.000000,0.333191
-0.001534,0.003069,0.000044,-0.000088,0.000000,0.000000,0.381251
-0.003069,0.003069,0.000088,-0.000088,0.000000,0.000000,0.429173
-0.001534,0.003069,0.000044,-0.000088,0.000000,0.000000,0.477134
-0.003069,0.003069,0.000088,-0.000088,0.000000,0.000000,0.525141
-0.001534,0.003069,0.000044,-0.000088,0.000000,0.000000,0.572980
-0.001534,0.003069,0.000044,-0.000088,0.000000,0.000000,0.621063
-0.001534,0.003069,0.000044,-0.000088,0.000000,0.000000,0.669003
-0.003069,0.003069,0.000088,-0.000088,0.000000,0.000000,0.717164
-0.001534,0.001534,0.000044,-0.000044,0.000000,0.000000,0.765177
-0.003069,0.001534,0.000088,-0.000044,0.000000,0.000000,0.813003
-0.003069,0.001534,0.000088,-0.000044,0.000000,0.000000,0.861106
-0.001534,0.001534,0.000044,-0.000044,0.000000,0.000000,0.909110
-0.003069,0.001534,0.000088,-0.000044,0.000000,0.000000,0.957072
-0.003069,0.001534,0.000088,-0.000044,0.000000,0.000000,1.005140
-0.001534,0.001534,0.000044,-0.000044,0.000000,0.000000,1.053312
-0.003069,0.000000,0.000088,-0.000000,0.000000,0.000000,1.101060
-0.003069,0.000000,0.000088,-0.000000,0.000000,0.000000,1.149066
-0.001534,0.000000,0.000044,-0.000000,0.000000,0.000000,1.196984
-0.001534,0.000000,0.000044,-0.000000,0.000000,0.000000,1.245073
-0.001534,0.000000,0.000044,-0.000000,0.000000,0.000000,1.293127
-0.003069,0.000000,0.000088,-0.000000,0.000000,0.000000,1.341128
-0.001534,0.000000,0.000044,-0.000000,0.000000,0.000000,1.389099
-0.001534,0.000000,0.000044,-0.000000,0.000000,0.000000,1.437113
-0.003069,0.000000,0.000088,-0.000000,0.000000,0.000000,1.485085
-0.003069,0.000000,0.000088,-0.000000,0.000000,0.000000,1.533154
-0.001534,0.000000,0.000044,-0.000000,0.000000,0.000000,1.581041
-0.001534,0.000000,0.000044,-0.000000,0.000000,0.000000,1.629047
-0.001534,0.000000,0.000044,-0.000000,0.000000,0.000000,1.677066
-0.003069,0.000000,0.000088,-0.000000,0.000000,0.000000,1.724946
-0.001534,0.000000,0.000044,-0.000000,0.000000,0.000000,1.773045
-0.003069,0.000000,0.000088,-0.000000,0.000000,0.000000,1.821116
-0.003069,-0.001534,0.000088,0.000044,0.000000,0.000000,1.869061
-0.001534,0.000000,0.000044,-0.000000,0.000000,0.000000,1.916986
-0.001534,-0.001534,0.000044,0.000044,0.000000,0.000000,1.965061
-0.001534,-0.001534,0.000044,0.000044,0.000000,0.000000,2.013115
-0.001534,-0.001534,0.000044,0.000044,0.000000,0.000000,2.061058
-0.001534,-0.001534,0.000044,0.000044,0.000000,0.000000,2.108934
-0.001534,-0.001534,0.000044,0.000044,0.000000,0.000000,2.157055
-0.001534,-0.001534,0.000044,0.000044,0.000000,0.000000,2.205042
0.000000,-0.001534,-0.000000,0.000044,0.000000,0.000000,2.253088
-0.001534,-0.001534,0.000044,0.000044,0.000000,0.000000,2.300980
0.000000,-0.001534,-0.000000,0.000044,0.000000,0.000000,2.349135
0.000000,-0.001534,-0.000000,0.000044,0.000000,0.000000,2.397100
0.000000,-0.001534,-0.000000,0.000044,0.000000,0.000000,2.445004
0.000000,-0.001534,-0.000000,0.000044,0.000000,0.000000,2.493164
0.000000,-0.001534,-0.000000,0.000044,0.000000,0.000000,2.541227
0.000000,-0.001534,-0.000000,0.000044,0.000000,0.000000,2.589083
0.000000,-0.001534,-0.000000,0.000044,0.000000,0.000000,2.637194
0.001534,-0.001534,-0.000044,0.000044,0.000000,0.000000,2.685103
0.001534,-0.001534,-0.000044,0.000044,0.000000,0.000000,2.733097
0.001534,-0.003069,-0.000044,0.000088,0.000000,0.000000,2.781086
0.001534,-0.001534,-0.000044,0.000044,0.000000,0.000000,2.829046
0.001534,-0.001534,-0.000044,0.000044,0.000000,0.000000,2.877097
0.001534,-0.001534,-0.000044,0.000044,0.000000,0.000000,2.925079
0.001534,-0.001534,-0.000044,0.000044,0.000000,0.000000,2.973037
0.001534,-0.001534,-0.000044,0.000044,0.000000,0.000000,3.021171
0.003069,-0.003069,-0.000088,0.000088,0.000000,0.000000,3.069016
0.003069,-0.003069,-0.000088,0.000088,0.000000,0.000000,3.117053
0.004603,-0.004603,-0.000166,0.000166,0.000000,0.000000,3.165027
0.007672,-0.007672,-0.000254,0.000254,0.000000,0.000000,3.212979
0.010740,-0.009206,-0.000377,0.000333,0.000000,0.000000,3.261112
0.018412,-0.018412,-0.000710,0.000749,0.000000,0.000000,3.309048
0.030687,-0.030687,-0.001252,0.001252,0.000000,0.000000,3.357092
0.046031,-0.046031,-0.001907,0.001907,0.000000,0.000000,3.405014
0.064443,-0.064443,-0.002760,0.002760,0.000000,0.000000,3.453192
0.084390,-0.085924,-0.003705,0.003879,-1.000000,1.000000,3.501012
0.104336,-0.112008,-0.004521,0.005593,-1.000000,1.000000,3.549048
0.121214,-0.139626,-0.004991,0.007004,-1.000000,1.000000,3.597033
0.133489,-0.165710,-0.005047,0.008489,-1.000000,1.000000,3.645091
0.142695,-0.193329,-0.005230,0.010827,-1.000000,2.000000,3.693030
0.153436,-0.224016,-0.005595,0.013908,-1.000000,2.000000,3.741206
0.162642,-0.257772,-0.005907,0.017991,-1.000000,3.000000,3.788966
0.170313,-0.294596,-0.006260,0.022795,-1.000000,4.000000,3.837073
0.179520,-0.329886,-0.006698,0.029163,-1.000000,5.000000,3.885067
0.188726,-0.368245,-0.007272,0.036596,-1.000000,6.000000,3.933033
0.201001,-0.408139,-0.008053,0.047156,-1.000000,8.000000,3.981017
0.211741,-0.448032,-0.008810,0.057177,-2.000000,10.000000,4.029008
0.224016,-0.484856,-0.009549,0.064591,-2.000000,11.000000,4.076979
0.236291,-0.518612,-0.010332,0.073602,-2.000000,13.000000,4.125015
0.250100,-0.550834,-0.011468,0.079312,-2.000000,14.000000,4.173025
0.262375,-0.576918,-0.012366,0.079933,-2.000000,14.000000,4.221203
0.277718,-0.599933,-0.013811,0.081963,-2.000000,14.000000,4.269114
0.297665,-0.618345,-0.016804,0.084482,-3.000000,14.000000,4.317083
0.323749,-0.633689,-0.021787,0.089033,-4.000000,15.000000,4.365099
0.357505,-0.649032,-0.029563,0.092516,-5.000000,16.000000,4.412926
0.392795,-0.662842,-0.039307,0.096995,-7.000000,17.000000,4.460887
0.431154,-0.675116,-0.051374,0.101057,-9.000000,17.000000,4.508922
0.469513,-0.684323,-0.060117,0.102772,-10.000000,18.000000,4.557104
0.501734,-0.693529,-0.063350,0.104826,-11.000000,18.000000,4.605079
0.523215,-0.699666,-0.059917,0.105815,-10.000000,18.000000,4.652947
0.535490,-0.705803,-0.054047,0.108686,-9.000000,19.000000,4.700932
0.541627,-0.715010,-0.051637,0.115071,-9.000000,20.000000,4.749008
0.544696,-0.727284,-0.050692,0.125078,-9.000000,21.000000,4.797069
0.544696,-0.742628,-0.050382,0.138380,-9.000000,24.000000,4.845001
0.544696,-0.762575,-0.050117,0.154395,-9.000000,26.000000,4.893017
0.547765,-0.784056,-0.051138,0.175998,-9.000000,30.000000,4.941019
0.549299,-0.805537,-0.051521,0.191722,-9.000000,33.000000,4.988947
0.549299,-0.817811,-0.051251,0.188085,-9.000000,32.000000,5.037043
0.550834,-0.822414,-0.051634,0.177332,-9.000000,30.000000,5.084951
0.552368,-0.822414,-0.052019,0.172602,-9.000000,30.000000,5.133055
0.552368,-0.822414,-0.052019,0.172602,-9.000000,30.000000,5.180945
0.553902,-0.822414,-0.052407,0.172602,-9.000000,30.000000,5.228952
0.556971,-0.822414,-0.053468,0.172602,-9.000000,30.000000,5.276778
0.560040,-0.822414,-0.054594,0.172602,-9.000000,30.000000,5.325040
0.561574,-0.820880,-0.055380,0.171526,-9.000000,29.000000,5.372952
0.567711,-0.820880,-0.057031,0.171526,-10.000000,29.000000,5.420941
0.570780,-0.820880,-0.057872,0.171526,-10.000000,29.000000,5.468969
0.573849,-0.820880,-0.058324,0.171526,-10.000000,29.000000,5.516919
0.575383,-0.822414,-0.058104,0.172602,-10.000000,30.000000,5.564905
0.575383,-0.820880,-0.058104,0.171526,-10.000000,29.000000,5.612903
0.575383,-0.820880,-0.058104,0.171526,-10.000000,29.000000,5.660903
0.575383,-0.820880,-0.058104,0.171526,-10.000000,29.000000,5.708870
0.575383,-0.820880,-0.058104,0.171526,-10.000000,29.000000,5.756918
0.575383,-0.820880,-0.058104,0.171526,-10.000000,29.000000,5.804811
0.573849,-0.822414,-0.057680,0.172602,-10.000000,30.000000,5.852999
0.575383,-0.820880,-0.058104,0.171526,-10.000000,29.000000,5.900890
0.575383,-0.822414,-0.058104,0.172602,-10.000000,30.000000,5.949021
0.575383,-0.820880,-0.058104,0.171526,-10.000000,29.000000,5.996946
0.575383,-0.820880,-0.058104,0.171526,-10.000000,29.000000,6.045025
0.575383,-0.820880,-0.058104,0.171526,-10.000000,29.000000,6.092886
0.575383,-0.820880,-0.058104,0.171526,-10.000000,29.000000,6.140966
0.575383,-0.820880,-0.058104,0.171526,-10.000000,29.000000,6.188886
0.575383,-0.820880,-0.058104,0.171526,-10.000000,29.000000,6.236948
0.575383,-0.820880,-0.058104,0.171526,-10.000000,29.000000,6.284941
0.575383,-0.820880,-0.058104,0.171526,-10.000000,29.000000,6.333134
0.575383,-0.820880,-0.058104,0.171526,-10.000000,29.000000,6.381107
0.575383,-0.822414,-0.058104,0.172602,-10.000000,30.000000,6.429087
0.575383,-0.820880,-0.058104,0.171526,-10.000000,29.000000,6.477011
0.575383,-0.820880,-0.058104,0.171526,-10.000000,29.000000,6.525233
0.575383,-0.820880,-0.058104,0.171526,-10.000000,29.000000,6.572927
0.575383,-0.820880,-0.058104,0.171526,-10.000000,29.000000,6.620892
0.575383,-0.820880,-0.058104,0.171526,-10.000000,29.000000,6.668820
0.575383,-0.820880,-0.058104,0.171526,-10.000000,29.000000,6.716890
0.575383,-0.820880,-0.058104,0.171526,-10.000000,29.000000,6.765078
0.575383,-0.820880,-0.058104,0.171526,-10.000000,29.000000,6.813044
0.575383,-0.820880,-0.058104,0.171526,-10.000000,29.000000,6.860854
0.575383,-0.820880,-0.058104,0.171526,-10.000000,29.000000,6.908909
0.575383,-0.820880,-0.058104,0.171526,-10.000000,29.000000,6.956975
0.573849,-0.820880,-0.057680,0.171526,-10.000000,29.000000,7.005094
0.575383,-0.820880,-0.058104,0.171526,-10.000000,29.000000,7.052879
0.575383,-0.820880,-0.058104,0.171526,-10.000000,29.000000,7.100861
0.575383,-0.820880,-0.058104,0.171526,-10.000000,29.000000,7.148899
0.575383,-0.820880,-0.058104,0.171526,-10.000000,29.000000,7.197006
0.575383,-0.820880,-0.058104,0.171526,-10.000000,29.000000,7.245048
0.575383,-0.820880,-0.058104,0.171526,-10.000000,29.000000,7.292864
0.575383,-0.820880,-0.058104,0.171526,-10.000000,29.000000,7.341029
0.575383,-0.820880,-0.058104,0.171526,-10.000000,29.000000,7.388976
0.575383,-0.820880,-0.058104,0.171526,-10.000000,29.000000,7.437057
0.575383,-0.820880,-0.058104,0.171526,-10.000000,29.000000,7.484965
0.575383,-0.820880,-0.058104,0.171526,-10.000000,29.000000,7.532918
0.575383,-0.820880,-0.058104,0.171526,-10.000000,29.000000,7.580916
0.575383,-0.820880,-0.058104,0.171526,-10.000000,29.000000,7.628848
0.575383,-0.819346,-0.058104,0.169881,-10.000000,29.000000,7.676847
0.575383,-0.811674,-0.058104,0.163523,-10.000000,28.000000,7.724990
0.575383,-0.796330,-0.058104,0.155024,-10.000000,27.000000,7.772879
0.575383,-0.771781,-0.058104,0.146833,-10.000000,25.000000,7.820908
0.572315,-0.738025,-0.057015,0.138177,-10.000000,24.000000,7.868867
0.566177,-0.695063,-0.054937,0.127876,-9.000000,22.000000,7.916750
0.556971,-0.647498,-0.052542,0.113802,-9.000000,20.000000,7.964954
0.543162,-0.595330,-0.049681,0.096060,-9.000000,16.000000,8.012871
0.520146,-0.538559,-0.046545,0.076286,-8.000000,13.000000,8.060848
0.494062,-0.480253,-0.042120,0.060346,-7.000000,10.000000,8.108903
0.461841,-0.425016,-0.037502,0.044783,-6.000000,8.000000,8.156773
0.428085,-0.369780,-0.033220,0.032143,-6.000000,6.000000,8.204928
0.391261,-0.322215,-0.028075,0.022533,-5.000000,4.000000,8.252823
0.352902,-0.280787,-0.023015,0.015881,-4.000000,3.000000,8.301015
0.309940,-0.247031,-0.018448,0.011640,-3.000000,2.000000,8.348941
0.268512,-0.220947,-0.014450,0.008873,-2.000000,2.000000,8.396900
0.225550,-0.202535,-0.011078,0.007325,-2.000000,1.000000,8.445039
0.177985,-0.188726,-0.007763,0.006418,-1.000000,1.000000,8.492911
0.133489,-0.179520,-0.004866,0.005940,-1.000000,1.000000,8.540865
0.088993,-0.173382,-0.002303,0.005678,0.000000,1.000000,8.588808
0.046031,-0.168779,-0.000085,0.005515,0.000000,1.000000,8.636829
0.016878,-0.165710,0.000693,0.005446,0.000000,1.000000,8.684820
0.006137,-0.164176,0.000255,0.005420,0.000000,1.000000,8.733031
0.006137,-0.161107,-0.000107,0.005250,0.000000,1.000000,8.781026
0.004603,-0.154970,-0.000132,0.004961,0.000000,1.000000,8.828956
0.004603,-0.151901,-0.000132,0.004836,0.000000,1.000000,8.877040
0.004603,-0.148832,-0.000132,0.004713,0.000000,1.000000,8.924904
0.003069,-0.145764,-0.000088,0.004623,0.000000,1.000000,8.972931
0.004603,-0.141161,-0.000132,0.004443,0.000000,1.000000,9.020993
0.004603,-0.139626,-0.000132,0.004383,0.000000,1.000000,9.068886
0.004603,-0.136558,-0.000132,0.004266,0.000000,1.000000,9.116957
0.006137,-0.133489,-0.000175,0.004149,0.000000,1.000000,9.164933
0.006137,-0.130420,-0.000175,0.004034,0.000000,1.000000,9.212929
0.007672,-0.127351,-0.000219,0.003920,0.000000,1.000000,9.261017
0.007672,-0.124283,-0.000219,0.003807,0.000000,1.000000,9.308863
0.007672,-0.122748,-0.000219,0.003752,0.000000,1.000000,9.356985
0.007672,-0.119680,-0.000219,0.003641,0.000000,1.000000,9.404857
0.007672,-0.116611,-0.000219,0.003531,0.000000,1.000000,9.452869
0.007672,-0.113542,-0.000219,0.003423,0.000000,1.000000,9.500869
0.009206,-0.112008,-0.000263,0.003369,0.000000,1.000000,9.548831
0.009206,-0.108939,-0.000263,0.003262,0.000000,1.000000,9.596990
0.009206,-0.107405,-0.000263,0.003209,0.000000,1.000000,9.644981
0.009206,-0.104336,-0.000263,0.003104,0.000000,1.000000,9.692833
0.009206,-0.102802,-0.000263,0.003052,0.000000,1.000000,9.740920
0.009206,-0.099733,-0.000263,0.002983,0.000000,1.000000,9.788948
0.010740,-0.096664,-0.000307,0.002846,0.000000,0.000000,9.836844
0.010740,-0.095130,-0.000307,0.002795,0.000000,0.000000,9.884963
0.010740,-0.092061,-0.000307,0.002693,0.000000,0.000000,9.932930
0.010740,-0.090527,-0.000307,0.002677,0.000000,0.000000,9.980867
0.010740,-0.087458,-0.000307,0.002543,0.000000,0.000000,10.028840
0.010740,-0.084390,-0.000307,0.002444,0.000000,0.000000,10.076966
0.010740,-0.082855,-0.000307,0.002395,0.000000,0.000000,10.124910
0.010740,-0.079786,-0.000307,0.002297,0.000000,0.000000,10.173028
0.010740,-0.078252,-0.000307,0.002282,0.000000,0.000000,10.220827
0.010740,-0.078252,-0.000307,0.002318,0.000000,0.000000,10.268931
0.010740,-0.078252,-0.000307,0.002318,0.000000,0.000000,10.316967
0.010740,-0.076718,-0.000307,0.002270,0.000000,0.000000,10.364885
0.010740,-0.076718,-0.000307,0.002270,0.000000,0.000000,10.413000
0.010740,-0.078252,-0.000307,0.002318,0.000000,0.000000,10.460998
0.010740,-0.076718,-0.000307,0.002270,0.000000,0.000000,10.508875
0.010740,-0.078252,-0.000307,0.002318,0.000000,0.000000,10.556723
0.010740,-0.076718,-0.000307,0.002270,0.000000,0.000000,10.604860
0.010740,-0.078252,-0.000307,0.002318,0.000000,0.000000,10.652804
0.010740,-0.078252,-0.000307,0.002318,0.000000,0.000000,10.700783
0.010740,-0.078252,-0.000307,0.002318,0.000000,0.000000,10.748774
0.010740,-0.078252,-0.000307,0.002318,0.000000,0.000000,10.796887
0.010740,-0.078252,-0.000307,0.002318,0.000000,0.000000,10.844986
0.010740,-0.078252,-0.000307,0.002318,0.000000,0.000000,10.892831
0.010740,-0.078252,-0.000307,0.002318,0.000000,0.000000,10.940812
0.010740,-0.076718,-0.000307,0.002270,0.000000,0.000000,10.988764
0.010740,-0.078252,-0.000307,0.002318,0.000000,0.000000,11.037054
0.010740,-0.078252,-0.000307,0.002318,0.000000,0.000000,11.084980
0.010740,-0.078252,-0.000307,0.002318,0.000000,0.000000,11.132835
0.010740,-0.078252,-0.000307,0.002318,0.000000,0.000000,11.180814
0.010740,-0.078252,-0.000307,0.002318,0.000000,0.000000,11.228739
0.010740,-0.078252,-0.000307,0.002318,0.000000,0.000000,11.277502
0.010740,-0.076718,-0.000307,0.002270,0.000000,0.000000,11.324904
0.010740,-0.076718,-0.000307,0.002270,0.000000,0.000000,11.372906
0.010740,-0.078252,-0.000307,0.002318,0.000000,0.000000,11.420948
0.010740,-0.078252,-0.000307,0.002318,0.000000,0.000000,11.468902
0.010740,-0.078252,-0.000307,0.002318,0.000000,0.000000,11.516929
0.010740,-0.078252,-0.000307,0.002318,0.000000,0.000000,11.564778
0.010740,-0.078252,-0.000307,0.002318,0.000000,0.000000,11.612748
0.010740,-0.078252,-0.000307,0.002318,0.000000,0.000000,11.660862
0.010740,-0.078252,-0.000307,0.002318,0.000000,0.000000,11.709071
0.010740,-0.078252,-0.000307,0.002318,0.000000,0.000000,11.756884
0.010740,-0.078252,-0.000307,0.002318,0.000000,0.000000,11.804891
0.010740,-0.078252,-0.000307,0.002318,0.000000,0.000000,11.852773
0.010740,-0.078252,-0.000307,0.002318,0.000000,0.000000,11.900681
0.010740,-0.078252,-0.000307,0.002318,0.000000,0.000000,11.948769
0.012275,-0.078252,-0.000351,0.002318,0.000000,0.000000,11.996835
0.010740,-0.079786,-0.000307,0.002367,0.000000,0.000000,12.045017
0.010740,-0.079786,-0.000307,0.002367,0.000000,0.000000,12.092778
0.010740,-0.081321,-0.000307,0.002416,0.000000,0.000000,12.140700
0.010740,-0.081321,-0.000307,0.002416,0.000000,0.000000,12.188874
0.010740,-0.081321,-0.000307,0.002416,0.000000,0.000000,12.236810
0.012275,-0.081321,-0.000351,0.002416,0.000000,0.000000,12.284711
0.012275,-0.081321,-0.000351,0.002416,0.000000,0.000000,12.332839
0.012275,-0.081321,-0.000351,0.002416,0.000000,0.000000,12.380708
0.012275,-0.081321,-0.000351,0.002416,0.000000,0.000000,12.428786
0.012275,-0.081321,-0.000351,0.002416,0.000000,0.000000,12.476867
0.012275,-0.081321,-0.000351,0.002416,0.000000,0.000000,12.524748
0.012275,-0.081321,-0.000351,0.002416,0.000000,0.000000,12.572897
0.012275,-0.081321,-0.000351,0.002416,0.000000,0.000000,12.620903
0.012275,-0.082855,-0.000351,0.002465,0.000000,0.000000,12.668768
0.012275,-0.081321,-0.000351,0.002416,0.000000,0.000000,12.716831
0.012275,-0.081321,-0.000351,0.002416,0.000000,0.000000,12.764763
0.012275,-0.081321,-0.000351,0.002416,0.000000,0.000000,12.813011
0.012275,-0.081321,-0.000351,0.002416,0.000000,0.000000,12.860950
0.012275,-0.081321,-0.000351,0.002416,0.000000,0.000000,12.908848
0.012275,-0.081321,-0.000351,0.002416,0.000000,0.000000,12.956797
0.012275,-0.081321,-0.000351,0.002416,0.000000,0.000000,13.004744
0.013809,-0.081321,-0.000395,0.002416,0.000000,0.000000,13.052830
0.012275,-0.081321,-0.000351,0.002416,0.000000,0.000000,13.100768
0.013809,-0.081321,-0.000395,0.002416,0.000000,0.000000,13.148802
0.013809,-0.082855,-0.000395,0.002465,0.000000,0.000000,13.196796
0.015344,-0.082855,-0.000439,0.002465,0.000000,0.000000,13.244818
0.015344,-0.081321,-0.000439,0.002416,0.000000,0.000000,13.292850
0.013809,-0.081321,-0.000395,0.002416,0.000000,0.000000,13.340881
0.015344,-0.082855,-0.000439,0.002465,0.000000,0.000000,13.388807
0.015344,-0.081321,-0.000439,0.002416,0.000000,0.000000,13.436665
0.015344,-0.081321,-0.000439,0.002416,0.000000,0.000000,13.484792
0.015344,-0.081321,-0.000439,0.002416,0.000000,0.000000,13.532717
0.015344,-0.082855,-0.000439,0.002465,0.000000,0.000000,13.581015
0.016878,-0.082855,-0.000483,0.002465,0.000000,0.000000,13.629391
0.016878,-0.082855,-0.000483,0.002465,0.000000,0.000000,13.676693
0.016878,-0.082855,-0.000483,0.002465,0.000000,0.000000,13.724668
0.015344,-0.082855,-0.000439,0.002465,0.000000,0.000000,13.772844
0.016878,-0.082855,-0.000483,0.002465,0.000000,0.000000,13.820792
0.016878,-0.082855,-0.000483,0.002465,0.000000,0.000000,13.868776
0.016878,-0.082855,-0.000483,0.002465,0.000000,0.000000,13.916703
0.018412,-0.082855,-0.000527,0.002465,0.000000,0.000000,13.964890
0.016878,-0.081321,-0.000483,0.002416,0.000000,0.000000,14.012678
0.018412,-0.082855,-0.000527,0.002465,0.000000,0.000000,14.060803
0.018412,-0.082855,-0.000527,0.002465,0.000000,0.000000,14.108703
0.018412,-0.082855,-0.000527,0.002465,0.000000,0.000000,14.156702
0.018412,-0.082855,-0.000527,0.002465,0.000000,0.000000,14.204793
0.019947,-0.084390,-0.000606,0.002554,0.000000,0.000000,14.252679
0.023015,-0.087458,-0.000731,0.002698,0.000000,0.000000,14.300649
0.033756,-0.098199,-0.001251,0.003340,0.000000,1.000000,14.348775
0.053702,-0.115077,-0.002303,0.004394,0.000000,1.000000,14.396770
0.084390,-0.138092,-0.004458,0.006368,-1.000000,1.000000,14.444719
0.122748,-0.168779,-0.008342,0.009438,-1.000000,2.000000,14.492860
0.170313,-0.207138,-0.014589,0.014461,-3.000000,2.000000,14.540770
0.222482,-0.251634,-0.023451,0.021853,-4.000000,4.000000,14.588691
0.279253,-0.299199,-0.036240,0.031945,-6.000000,5.000000,14.636762
0.339093,-0.349833,-0.053769,0.043998,-9.000000,8.000000,14.684652
0.402001,-0.400467,-0.072881,0.059683,-12.000000,10.000000,14.732957
0.458772,-0.448032,-0.092051,0.068846,-16.000000,12.000000,14.780622
0.507872,-0.486391,-0.100258,0.070202,-17.000000,12.000000,14.828751
0.547765,-0.520146,-0.094828,0.070635,-16.000000,12.000000,14.876767
0.575383,-0.546231,-0.082813,0.069527,-14.000000,12.000000,14.924839
0.589192,-0.563108,-0.072832,0.066823,-12.000000,11.000000,14.972841
0.595330,-0.576918,-0.066643,0.065728,-11.000000,11.000000,15.020761
0.598399,-0.590727,-0.065497,0.069112,-11.000000,12.000000,15.069003
0.599933,-0.603002,-0.065586,0.073134,-11.000000,13.000000,15.116679
0.601467,-0.616811,-0.066059,0.078957,-11.000000,14.000000,15.164823
0.603002,-0.635223,-0.066535,0.088284,-11.000000,15.000000,15.212689
0.603002,-0.652101,-0.066205,0.095143,-11.000000,16.000000,15.260780
0.604536,-0.667445,-0.066682,0.101769,-11.000000,17.000000,15.308820
0.606070,-0.681254,-0.067162,0.106557,-12.000000,18.000000,15.356642
0.606070,-0.695063,-0.067162,0.111622,-12.000000,19.000000,15.404639
0.606070,-0.708872,-0.067162,0.116980,-12.000000,20.000000,15.452708
0.606070,-0.719613,-0.067162,0.121056,-12.000000,21.000000,15.500702
0.606070,-0.731888,-0.067162,0.126167,-12.000000,22.000000,15.548632
0.606070,-0.741094,-0.067162,0.129866,-12.000000,22.000000,15.596752
0.606070,-0.750300,-0.067162,0.133758,-12.000000,23.000000,15.644630
0.606070,-0.759506,-0.067162,0.139038,-12.000000,24.000000,15.692730
0.606070,-0.770246,-0.067162,0.146760,-12.000000,25.000000,15.740742
0.606070,-0.780987,-0.067162,0.154940,-12.000000,27.000000,15.788668
0.606070,-0.788659,-0.067162,0.155644,-12.000000,27.000000,15.836672
0.606070,-0.788659,-0.067162,0.150839,-12.000000,26.000000,15.884672
0.606070,-0.788659,-0.067162,0.150210,-12.000000,26.000000,15.932695
0.606070,-0.787124,-0.067162,0.149254,-12.000000,26.000000,15.980758
0.606070,-0.788659,-0.067162,0.150210,-12.000000,26.000000,16.028672
0.606070,-0.788659,-0.067162,0.150210,-12.000000,26.000000,16.076704
0.606070,-0.788659,-0.067162,0.150210,-12.000000,26.000000,16.124748
0.606070,-0.788659,-0.067162,0.150210,-12.000000,26.000000,16.172730
0.606070,-0.788659,-0.067162,0.150210,-12.000000,26.000000,16.220782
0.606070,-0.787124,-0.067162,0.149254,-12.000000,26.000000,16.268723
0.606070,-0.788659,-0.067162,0.150210,-12.000000,26.000000,16.316633
0.606070,-0.788659,-0.067162,0.150210,-12.000000,26.000000,16.364763
0.606070,-0.788659,-0.067162,0.150210,-12.000000,26.000000,16.412885
0.606070,-0.788659,-0.067162,0.150210,-12.000000,26.000000,16.461345
0.606070,-0.788659,-0.067162,0.150210,-12.000000,26.000000,16.508891
0.606070,-0.788659,-0.067162,0.150210,-12.000000,26.000000,16.556582
0.606070,-0.788659,-0.067162,0.150210,-12.000000,26.000000,16.604518
0.606070,-0.788659,-0.067162,0.150210,-12.000000,26.000000,16.652732
0.606070,-0.788659,-0.067162,0.150210,-12.000000,26.000000,16.700660
0.606070,-0.787124,-0.067162,0.149254,-12.000000,26.000000,16.748691
0.598399,-0.784056,-0.064044,0.146438,-11.000000,25.000000,16.796783
0.583055,-0.773315,-0.060214,0.139708,-10.000000,24.000000,16.844581
0.560040,-0.750300,-0.056529,0.132123,-10.000000,23.000000,16.892729
0.529353,-0.713475,-0.052564,0.127639,-9.000000,22.000000,16.940625
0.494062,-0.662842,-0.047250,0.121627,-8.000000,21.000000,16.988626
0.452635,-0.601467,-0.040663,0.110219,-7.000000,19.000000,17.036611
0.409673,-0.526284,-0.034022,0.091026,-6.000000,16.000000,17.084622
0.363642,-0.441894,-0.026859,0.067341,-5.000000,12.000000,17.132659
0.316077,-0.352902,-0.021036,0.044648,-4.000000,8.000000,17.181191
0.268512,-0.260840,-0.015607,0.024887,-3.000000,4.000000,17.228729
0.224016,-0.173382,-0.011447,0.010573,-2.000000,2.000000,17.276601
0.176451,-0.092061,-0.007656,0.000774,-1.000000,0.000000,17.324694
0.135023,-0.023015,-0.004824,-0.004771,-1.000000,-1.000000,17.372591
0.101267,0.030687,-0.002921,-0.006330,-1.000000,-1.000000,17.420774
0.072115,0.056771,-0.001644,-0.003767,0.000000,-1.000000,17.468741
0.050634,0.055237,-0.000942,-0.001768,0.000000,0.000000,17.516523
0.041428,0.055237,-0.000895,-0.001607,0.000000,0.000000,17.564663
0.041428,0.053702,-0.001161,-0.001561,0.000000,0.000000,17.612576
0.041428,0.052168,-0.001196,-0.001515,0.000000,0.000000,17.660839
0.041428,0.052168,-0.001196,-0.001515,0.000000,0.000000,17.708650
0.041428,0.052168,-0.001196,-0.001515,0.000000,0.000000,17.756574
0.041428,0.052168,-0.001196,-0.001515,0.000000,0.000000,17.804681
0.041428,0.052168,-0.001196,-0.001515,0.000000,0.000000,17.852586
0.042962,0.052168,-0.001241,-0.001515,0.000000,0.000000,17.900577
0.042962,0.050634,-0.001241,-0.001469,0.000000,0.000000,17.948690
0.042962,0.050634,-0.001241,-0.001469,0.000000,0.000000,17.996626
0.042962,0.050634,-0.001241,-0.001469,0.000000,0.000000,18.044800
0.042962,0.049099,-0.001241,-0.001423,0.000000,0.000000,18.092654
0.042962,0.049099,-0.001241,-0.001423,0.000000,0.000000,18.140644
0.042962,0.049099,-0.001241,-0.001423,0.000000,0.000000,18.188664
0.044496,0.049099,-0.001286,-0.001423,0.000000,0.000000,18.236633
0.044496,0.049099,-0.001286,-0.001423,0.000000,0.000000,18.284583
0.044496,0.047565,-0.001286,-0.001377,0.000000,0.000000,18.332627
0.044496,0.047565,-0.001286,-0.001377,0.000000,0.000000,18.380627
0.044496,0.047565,-0.001286,-0.001377,0.000000,0.000000,18.428681
0.044496,0.047565,-0.001286,-0.001377,0.000000,0.000000,18.476549
0.046031,0.046031,-0.001332,-0.001332,0.000000,0.000000,18.524595
0.046031,0.046031,-0.001332,-0.001332,0.000000,0.000000,18.572564
0.046031,0.046031,-0.001332,-0.001332,0.000000,0.000000,18.620721
0.046031,0.046031,-0.001332,-0.001332,0.000000,0.000000,18.668610
0.047565,0.044496,-0.001377,-0.001286,0.000000,0.000000,18.716751
0.047565,0.046031,-0.001377,-0.001332,0.000000,0.000000,18.764638
0.049099,0.044496,-0.001423,-0.001286,0.000000,0.000000,18.812663
0.049099,0.044496,-0.001423,-0.001286,0.000000,0.000000,18.860559
0.049099,0.044496,-0.001423,-0.001286,0.000000,0.000000,18.908574
0.049099,0.042962,-0.001423,-0.001241,0.000000,0.000000,18.956863
0.049099,0.042962,-0.001423,-0.001241,0.000000,0.000000,19.004720
0.050634,0.042962,-0.001469,-0.001241,0.000000,0.000000,19.052575
0.050634,0.041428,-0.001469,-0.001196,0.000000,0.000000,19.100758
0.050634,0.041428,-0.001469,-0.001196,0.000000,0.000000,19.148611
0.052168,0.041428,-0.001515,-0.001196,0.000000,0.000000,19.196645
0.052168,0.039893,-0.001515,-0.001151,0.000000,0.000000,19.244700
0.052168,0.039893,-0.001515,-0.001151,0.000000,0.000000,19.292583
0.052168,0.041428,-0.001515,-0.001196,0.000000,0.000000,19.340594
0.053702,0.039893,-0.001561,-0.001151,0.000000,0.000000,19.388716
0.053702,0.039893,-0.001561,-0.001151,0.000000,0.000000,19.436713
0.053702,0.039893,-0.001561,-0.001151,0.000000,0.000000,19.484519
0.053702,0.039893,-0.001561,-0.001151,0.000000,0.000000,19.532584
0.053702,0.039893,-0.001561,-0.001151,0.000000,0.000000,19.580691
0.055237,0.039893,-0.001607,-0.001151,0.000000,0.000000,19.628644
0.055237,0.039893,-0.001607,-0.001151,0.000000,0.000000,19.676545
0.055237,0.038359,-0.001607,-0.001106,0.000000,0.000000,19.724523
0.056771,0.039893,-0.001653,-0.001151,0.000000,0.000000,19.772701
0.056771,0.038359,-0.001653,-0.001106,0.000000,0.000000,19.820584
0.056771,0.038359,-0.001653,-0.001106,0.000000,0.000000,19.868443
0.056771,0.038359,-0.001653,-0.001106,0.000000,0.000000,19.916602
0.058306,0.038359,-0.001700,-0.001106,0.000000,0.000000,19.964429
0.058306,0.036825,-0.001700,-0.001061,0.000000,0.000000,20.012635
0.058306,0.036825,-0.001700,-0.001061,0.000000,0.000000,20.060625
0.058306,0.036825,-0.001700,-0.001061,0.000000,0.000000,20.109190
0.058306,0.036825,-0.001700,-0.001061,0.000000,0.000000,20.156539
0.058306,0.036825,-0.001700,-0.001061,0.000000,0.000000,20.204535
0.059840,0.036825,-0.001747,-0.001061,0.000000,0.000000,20.252541
0.059840,0.036825,-0.001747,-0.001061,0.000000,0.000000,20.300536
0.059840,0.036825,-0.001747,-0.001061,0.000000,0.000000,20.348760
0.059840,0.035290,-0.001747,-0.001016,0.000000,0.000000,20.396666
0.061374,0.035290,-0.001793,-0.001016,0.000000,0.000000,20.444646
0.061374,0.035290,-0.001793,-0.001016,0.000000,0.000000,20.492632
0.061374,0.035290,-0.001793,-0.001016,0.000000,0.000000,20.540685
0.061374,0.035290,-0.001793,-0.001016,0.000000,0.000000,20.588685
0.061374,0.035290,-0.001793,-0.001016,0.000000,0.000000,20.636790
0.062909,0.035290,-0.001840,-0.001016,0.000000,0.000000,20.684633
0.062909,0.033756,-0.001840,-0.000971,0.000000,0.000000,20.732649
0.064443,0.032221,-0.001887,-0.000926,0.000000,0.000000,20.780631
0.067512,0.030687,-0.002060,-0.000847,0.000000,0.000000,20.828683
0.076718,0.024550,-0.002548,-0.000603,0.000000,0.000000,20.876494
0.093596,0.012275,-0.003656,-0.000044,-1.000000,0.000000,20.924606
0.122748,-0.007672,-0.006124,0.000831,-1.000000,0.000000,20.972592
0.164176,-0.038359,-0.011621,0.002614,-2.000000,0.000000,21.020564
0.216344,-0.078252,-0.021293,0.005877,-4.000000,1.000000,21.068524
0.276184,-0.127351,-0.037784,0.011190,-6.000000,2.000000,21.116617
0.340627,-0.176451,-0.060590,0.016666,-10.000000,3.000000,21.164503
0.408139,-0.225550,-0.085885,0.023166,-15.000000,4.000000,21.212645
0.471047,-0.277718,-0.110950,0.031054,-19.000000,5.000000,21.260542
0.524750,-0.320680,-0.116609,0.034776,-20.000000,6.000000,21.308508
0.564643,-0.362108,-0.104606,0.038493,-18.000000,7.000000,21.356567
0.589192,-0.400467,-0.086219,0.044209,-15.000000,8.000000,21.404690
0.599933,-0.435757,-0.073106,0.049876,-13.000000,9.000000,21.452526
0.604536,-0.469513,-0.068929,0.057170,-12.000000,10.000000,21.500512
0.607605,-0.506337,-0.068375,0.069584,-12.000000,12.000000,21.548512
0.609139,-0.544696,-0.068469,0.084807,-12.000000,15.000000,21.596635
0.609139,-0.579986,-0.068131,0.096744,-12.000000,17.000000,21.644508
0.609139,-0.612208,-0.068131,0.103924,-12.000000,18.000000,21.692455
0.609139,-0.642895,-0.068131,0.113554,-12.000000,19.000000,21.740418
0.609139,-0.665910,-0.068131,0.115666,-12.000000,20.000000,21.788476
0.609139,-0.687391,-0.068131,0.118051,-12.000000,20.000000,21.836878
0.609139,-0.704269,-0.068131,0.119298,-12.000000,20.000000,21.884541
0.609139,-0.716544,-0.068131,0.122386,-12.000000,21.000000,21.932504
0.609139,-0.728819,-0.068131,0.125896,-12.000000,22.000000,21.980521
0.609139,-0.739559,-0.068131,0.130336,-12.000000,22.000000,22.028680
0.609139,-0.748765,-0.068131,0.134142,-12.000000,23.000000,22.076445
0.609139,-0.759506,-0.068131,0.140330,-12.000000,24.000000,22.124457
0.609139,-0.768712,-0.068131,0.145827,-12.000000,25.000000,22.172556
0.609139,-0.777918,-0.068131,0.151505,-12.000000,26.000000,22.220551
0.609139,-0.785590,-0.068131,0.153684,-12.000000,26.000000,22.268570
0.609139,-0.785590,-0.068131,0.148925,-12.000000,26.000000,22.316459
0.609139,-0.785590,-0.068131,0.148303,-12.000000,25.000000,22.364582
0.609139,-0.785590,-0.068131,0.148303,-12.000000,25.000000,22.412594
0.609139,-0.785590,-0.068131,0.148303,-12.000000,25.000000,22.460635
0.609139,-0.785590,-0.068131,0.148303,-12.000000,25.000000,22.508481
0.609139,-0.785590,-0.068131,0.148303,-12.000000,25.000000,22.556440
0.609139,-0.785590,-0.068131,0.148303,-12.000000,25.000000,22.604507
0.609139,-0.785590,-0.068131,0.148303,-12.000000,25.000000,22.652567
0.609139,-0.785590,-0.068131,0.148303,-12.000000,25.000000,22.700481
0.609139,-0.785590,-0.068131,0.148303,-12.000000,25.000000,22.748494
0.607605,-0.785590,-0.067645,0.148303,-12.000000,25.000000,22.796548
0.609139,-0.785590,-0.068131,0.148303,-12.000000,25.000000,22.844612
0.609139,-0.785590,-0.068131,0.148303,-12.000000,25.000000,22.892519
0.609139,-0.785590,-0.068131,0.148303,-12.000000,25.000000,22.940520
0.607605,-0.785590,-0.067645,0.148303,-12.000000,25.000000,22.988449
0.609139,-0.785590,-0.068131,0.148303,-12.000000,25.000000,23.036477
0.609139,-0.785590,-0.068131,0.148303,-12.000000,25.000000,23.084468
0.609139,-0.785590,-0.068131,0.148303,-12.000000,25.000000,23.132489
0.609139,-0.785590,-0.068131,0.148303,-12.000000,25.000000,23.180499
0.609139,-0.785590,-0.068131,0.148303,-12.000000,25.000000,23.228552
0.609139,-0.785590,-0.068131,0.148303,-12.000000,25.000000,23.276486
0.609139,-0.785590,-0.068131,0.148303,-12.000000,25.000000,23.324546
0.609139,-0.785590,-0.068131,0.148303,-12.000000,25.000000,23.372393
0.609139,-0.785590,-0.068131,0.148303,-12.000000,25.000000,23.420507
0.609139,-0.785590,-0.068131,0.148303,-12.000000,25.000000,23.468470
0.609139,-0.785590,-0.068131,0.148303,-12.000000,25.000000,23.516427
0.609139,-0.785590,-0.068131,0.148303,-12.000000,25.000000,23.564503
0.609139,-0.785590,-0.068131,0.148303,-12.000000,25.000000,23.612521
0.609139,-0.785590,-0.068131,0.148303,-12.000000,25.000000,23.660618
0.607605,-0.785590,-0.067645,0.148303,-12.000000,25.000000,23.708564
0.609139,-0.785590,-0.068131,0.148303,-12.000000,25.000000,23.756404
0.609139,-0.785590,-0.068131,0.148303,-12.000000,25.000000,23.804326
0.609139,-0.785590,-0.068131,0.148303,-12.000000,25.000000,23.852556
0.609139,-0.785590,-0.068131,0.148303,-12.000000,25.000000,23.900537
0.609139,-0.785590,-0.068131,0.148303,-12.000000,25.000000,23.948426
0.609139,-0.785590,-0.068131,0.148303,-12.000000,25.000000,23.996496
0.609139,-0.785590,-0.068131,0.148303,-12.000000,25.000000,24.044369
0.609139,-0.785590,-0.068131,0.148303,-12.000000,25.000000,24.092413
0.609139,-0.785590,-0.068131,0.148303,-12.000000,25.000000,24.140467
0.609139,-0.785590,-0.068131,0.148303,-12.000000,25.000000,24.188454
0.609139,-0.785590,-0.068131,0.148303,-12.000000,25.000000,24.236603
0.609139,-0.785590,-0.068131,0.148303,-12.000000,25.000000,24.285147
0.609139,-0.785590,-0.068131,0.148303,-12.000000,25.000000,24.332409
0.609139,-0.785590,-0.068131,0.148303,-12.000000,25.000000,24.380616
0.609139,-0.785590,-0.068131,0.148303,-12.000000,25.000000,24.428448
0.609139,-0.785590,-0.068131,0.148303,-12.000000,25.000000,24.476375
0.609139,-0.785590,-0.068131,0.148303,-12.000000,25.000000,24.524561
0.609139,-0.785590,-0.068131,0.148303,-12.000000,25.000000,24.572369
0.609139,-0.785590,-0.068131,0.148303,-12.000000,25.000000,24.620559
0.607605,-0.785590,-0.067645,0.148303,-12.000000,25.000000,24.668566
0.609139,-0.785590,-0.068131,0.148303,-12.000000,25.000000,24.716514
0.609139,-0.785590,-0.068131,0.148303,-12.000000,25.000000,24.764600
0.607605,-0.785590,-0.067645,0.148303,-12.000000,25.000000,24.812452
0.607605,-0.785590,-0.067645,0.148303,-12.000000,25.000000,24.860557
0.609139,-0.785590,-0.068131,0.148303,-12.000000,25.000000,24.908545
0.609139,-0.785590,-0.068131,0.148303,-12.000000,25.000000,24.956546
0.609139,-0.785590,-0.068131,0.148303,-12.000000,25.000000,25.004456
0.609139,-0.785590,-0.068131,0.148303,-12.000000,25.000000,25.052413
0.609139,-0.785590,-0.068131,0.148303,-12.000000,25.000000,25.100470
0.609139,-0.785590,-0.068131,0.148303,-12.000000,25.000000,25.148322
0.609139,-0.785590,-0.068131,0.148303,-12.000000,25.000000,25.196365
0.609139,-0.785590,-0.068131,0.148303,-12.000000,25.000000,25.244434
0.609139,-0.785590,-0.068131,0.148303,-12.000000,25.000000,25.292468
0.609139,-0.785590,-0.068131,0.148303,-12.000000,25.000000,25.340436
0.609139,-0.785590,-0.068131,0.148303,-12.000000,25.000000,25.388487
0.609139,-0.785590,-0.068131,0.148303,-12.000000,25.000000,25.436377
0.609139,-0.785590,-0.068131,0.148303,-12.000000,25.000000,25.484444
0.609139,-0.785590,-0.068131,0.148303,-12.000000,25.000000,25.532519
0.609139,-0.785590,-0.068131,0.148303,-12.000000,25.000000,25.580252
0.603002,-0.784056,-0.065446,0.147358,-11.000000,25.000000,25.628430
0.589192,-0.777918,-0.061753,0.142233,-11.000000,24.000000,25.676375
0.566177,-0.759506,-0.057717,0.134038,-10.000000,23.000000,25.724463
0.535490,-0.728819,-0.053497,0.128526,-9.000000,22.000000,25.772402
0.497131,-0.685857,-0.048672,0.121238,-8.000000,21.000000,25.820508
0.455704,-0.632154,-0.042607,0.113167,-7.000000,19.000000,25.868524
0.411207,-0.569246,-0.034852,0.096775,-6.000000,17.000000,25.916337
0.365177,-0.498666,-0.027529,0.077307,-5.000000,13.000000,25.964456
0.316077,-0.423482,-0.021036,0.056072,-4.000000,10.000000,26.012417
0.271581,-0.345230,-0.015924,0.037835,-3.000000,6.000000,26.060248
0.225550,-0.270047,-0.011408,0.023073,-2.000000,4.000000,26.108454
0.179520,-0.194863,-0.007870,0.012126,-1.000000,2.000000,26.156371
0.138092,-0.130420,-0.005050,0.005216,-1.000000,1.000000,26.204408
0.099733,-0.073649,-0.002864,0.000957,0.000000,0.000000,26.252470
0.069046,-0.027618,-0.001502,-0.001214,0.000000,0.000000,26.300422
0.049099,0.001534,-0.000913,-0.001464,0.000000,0.000000,26.348440
0.047565,0.012275,-0.001218,-0.000828,0.000000,0.000000,26.396471
0.047565,0.010740,-0.001377,-0.000342,0.000000,0.000000,26.444399
0.047565,0.010740,-0.001377,-0.000307,0.000000,0.000000,26.492461
0.049099,0.009206,-0.001423,-0.000263,0.000000,0.000000,26.540350
0.049099,0.010740,-0.001423,-0.000307,0.000000,0.000000,26.588544
0.049099,0.009206,-0.001423,-0.000263,0.000000,0.000000,26.636376
0.049099,0.009206,-0.001423,-0.000263,0.000000,0.000000,26.684401
0.049099,0.009206,-0.001423,-0.000263,0.000000,0.000000,26.732306
0.049099,0.009206,-0.001423,-0.000263,0.000000,0.000000,26.780431
0.049099,0.007672,-0.001423,-0.000219,0.000000,0.000000,26.828348
0.049099,0.007672,-0.001423,-0.000219,0.000000,0.000000,26.876503
0.049099,0.007672,-0.001423,-0.000219,0.000000,0.000000,26.924384
0.049099,0.007672,-0.001423,-0.000219,0.000000,0.000000,26.972340
0.049099,0.007672,-0.001423,-0.000219,0.000000,0.000000,27.020424
0.049099,0.007672,-0.001423,-0.000219,0.000000,0.000000,27.068429
0.049099,0.007672,-0.001423,-0.000219,0.000000,0.000000,27.116312
0.049099,0.007672,-0.001423,-0.000219,0.000000,0.000000,27.164548
0.049099,0.007672,-0.001423,-0.000219,0.000000,0.000000,27.212453
0.050634,0.006137,-0.001469,-0.000175,0.000000,0.000000,27.260302
0.050634,0.006137,-0.001469,-0.000175,0.000000,0.000000,27.308276
0.050634,0.006137,-0.001469,-0.000175,0.000000,0.000000,27.356654
0.050634,0.006137,-0.001469,-0.000175,0.000000,0.000000,27.404412
0.050634,0.006137,-0.001469,-0.000175,0.000000,0.000000,27.452534
0.050634,0.006137,-0.001469,-0.000175,0.000000,0.000000,27.500386
0.050634,0.006137,-0.001469,-0.000175,0.000000,0.000000,27.548454
0.050634,0.006137,-0.001469,-0.000175,0.000000,0.000000,27.596363
0.052168,0.004603,-0.001515,-0.000132,0.000000,0.000000,27.644407
0.052168,0.004603,-0.001515,-0.000132,0.000000,0.000000,27.692254
0.052168,0.004603,-0.001515,-0.000132,0.000000,0.000000,27.740388
0.052168,0.004603,-0.001515,-0.000132,0.000000,0.000000,27.788381
0.052168,0.004603,-0.001515,-0.000132,0.000000,0.000000,27.836425
0.052168,0.004603,-0.001515,-0.000132,0.000000,0.000000,27.884442
0.053702,0.003069,-0.001561,-0.000088,0.000000,0.000000,27.932386
0.053702,0.003069,-0.001561,-0.000088,0.000000,0.000000,27.980359
0.053702,0.003069,-0.001561,-0.000088,0.000000,0.000000,28.028266
0.053702,0.003069,-0.001561,-0.000088,0.000000,0.000000,28.076372
0.053702,0.003069,-0.001561,-0.000088,0.000000,0.000000,28.124302
0.055237,0.003069,-0.001607,-0.000088,0.000000,0.000000,28.172385
0.055237,0.003069,-0.001607,-0.000088,0.000000,0.000000,28.220426
0.055237,0.003069,-0.001607,-0.000088,0.000000,0.000000,28.268381
0.055237,0.003069,-0.001607,-0.000088,0.000000,0.000000,28.316367
0.055237,0.001534,-0.001607,-0.000044,0.000000,0.000000,28.364239
0.056771,0.001534,-0.001653,-0.000044,0.000000,0.000000,28.412279
0.055237,0.001534,-0.001607,-0.000044,0.000000,0.000000,28.460479
0.056771,0.001534,-0.001653,-0.000044,0.000000,0.000000,28.508259
0.056771,0.000000,-0.001653,-0.000000,0.000000,0.000000,28.556267
0.056771,0.000000,-0.001653,-0.000000,0.000000,0.000000,28.604280
0.056771,0.000000,-0.001653,-0.000000,0.000000,0.000000,28.652455
0.056771,0.000000,-0.001653,-0.000000,0.000000,0.000000,28.700466
0.058306,0.000000,-0.001700,-0.000000,0.000000,0.000000,28.748345
0.058306,0.000000,-0.001700,-0.000000,0.000000,0.000000,28.796656
0.058306,0.000000,-0.001700,-0.000000,0.000000,0.000000,28.844563
0.058306,0.000000,-0.001700,-0.000000,0.000000,0.000000,28.892261
0.058306,0.000000,-0.001700,-0.000000,0.000000,0.000000,28.940275
0.058306,0.000000,-0.001700,-0.000000,0.000000,0.000000,28.988395
0.058306,-0.001534,-0.001700,0.000044,0.000000,0.000000,29.036325
0.058306,-0.001534,-0.001700,0.000044,0.000000,0.000000,29.084310
0.058306,-0.001534,-0.001700,0.000044,0.000000,0.000000,29.132268
0.058306,-0.001534,-0.001700,0.000044,0.000000,0.000000,29.180242
0.059840,-0.001534,-0.001747,0.000044,0.000000,0.000000,29.228240
0.059840,-0.001534,-0.001747,0.000044,0.000000,0.000000,29.276365
0.059840,-0.003069,-0.001747,0.000088,0.000000,0.000000,29.324251
0.059840,-0.003069,-0.001747,0.000088,0.000000,0.000000,29.372236
0.059840,-0.003069,-0.001747,0.000088,0.000000,0.000000,29.420367
0.059840,-0.003069,-0.001747,0.000088,0.000000,0.000000,29.468243
0.059840,-0.003069,-0.001747,0.000088,0.000000,0.000000,29.516263
0.059840,-0.003069,-0.001747,0.000088,0.000000,0.000000,29.564424
0.059840,-0.003069,-0.001747,0.000088,0.000000,0.000000,29.612325
0.061374,-0.004603,-0.001793,0.000132,0.000000,0.000000,29.660283
0.061374,-0.004603,-0.001793,0.000132,0.000000,0.000000,29.708268
0.059840,-0.004603,-0.001747,0.000132,0.000000,0.000000,29.756438
0.061374,-0.006137,-0.001793,0.000175,0.000000,0.000000,29.804816
0.062909,-0.007672,-0.001878,0.000254,0.000000,0.000000,29.852258
0.069046,-0.012275,-0.002198,0.000456,0.000000,0.000000,29.900293
0.082855,-0.024550,-0.003014,0.001018,-1.000000,0.000000,29.948266
0.105871,-0.044496,-0.004715,0.002059,-1.000000,0.000000,29.996348
0.141161,-0.073649,-0.008210,0.004117,-1.000000,1.000000,30.044467
0.184123,-0.115077,-0.014099,0.008110,-2.000000,1.000000,30.092251
0.230153,-0.158039,-0.021742,0.012627,-4.000000,2.000000,30.140450
0.279253,-0.202535,-0.029532,0.016828,-5.000000,3.000000,30.188310
0.322215,-0.242428,-0.034071,0.020724,-6.000000,4.000000,30.236320
0.363642,-0.280787,-0.037743,0.022953,-6.000000,4.000000,30.284190
0.397398,-0.316077,-0.040227,0.026351,-7.000000,5.000000,30.332366
0.426551,-0.352902,-0.042060,0.032913,-7.000000,6.000000,30.380483
0.451100,-0.389726,-0.043260,0.040802,-7.000000,7.000000,30.428314
0.472581,-0.428085,-0.045101,0.049312,-8.000000,8.000000,30.476274
0.489459,-0.461841,-0.044624,0.056526,-8.000000,10.000000,30.524271
0.500200,-0.497131,-0.044239,0.063512,-8.000000,11.000000,30.572205
0.509406,-0.530887,-0.045111,0.074182,-8.000000,13.000000,30.620232
0.517078,-0.561574,-0.045811,0.081357,-8.000000,14.000000,30.668366
0.523215,-0.592261,-0.046751,0.089264,-8.000000,15.000000,30.716439
0.524750,-0.619880,-0.046311,0.098680,-8.000000,17.000000,30.764309
0.529353,-0.645964,-0.047033,0.108273,-8.000000,19.000000,30.812378
0.530887,-0.670513,-0.047388,0.115780,-8.000000,20.000000,30.860267
0.532421,-0.690460,-0.047450,0.119602,-8.000000,20.000000,30.908406
0.533956,-0.705803,-0.047808,0.120081,-8.000000,21.000000,30.956111
0.537024,-0.719613,-0.048833,0.123993,-8.000000,21.000000,31.004271
0.541627,-0.731888,-0.049942,0.130605,-9.000000,22.000000,31.052335
0.546231,-0.745697,-0.051431,0.136746,-9.000000,23.000000,31.100171
0.552368,-0.757972,-0.053864,0.143938,-9.000000,25.000000,31.148295
0.558505,-0.770246,-0.055474,0.149772,-10.000000,26.000000,31.196463
0.567711,-0.780987,-0.058516,0.154940,-10.000000,27.000000,31.244373
0.573849,-0.791727,-0.060244,0.161928,-10.000000,28.000000,31.292373
0.578452,-0.802468,-0.060483,0.169183,-10.000000,29.000000,31.340111
0.579986,-0.807071,-0.060051,0.166601,-10.000000,29.000000,31.388121
0.579986,-0.807071,-0.059392,0.162096,-10.000000,28.000000,31.436204
0.581521,-0.807071,-0.059827,0.162096,-10.000000,28.000000,31.484202
0.581521,-0.807071,-0.059827,0.162096,-10.000000,28.000000,31.532133
0.579986,-0.807071,-0.059392,0.162096,-10.000000,28.000000,31.580170
0.579986,-0.807071,-0.059392,0.162096,-10.000000,28.000000,31.628227
0.579986,-0.807071,-0.059392,0.162096,-10.000000,28.000000,31.676267
0.579986,-0.807071,-0.059392,0.162096,-10.000000,28.000000,31.724128
0.579986,-0.807071,-0.059392,0.162096,-10.000000,28.000000,31.772183
0.579986,-0.807071,-0.059392,0.162096,-10.000000,28.000000,31.820199
0.581521,-0.807071,-0.059827,0.162096,-10.000000,28.000000,31.868150
0.579986,-0.808605,-0.059392,0.163121,-10.000000,28.000000,31.916291
0.581521,-0.807071,-0.059827,0.162096,-10.000000,28.000000,31.964146
0.581521,-0.807071,-0.059827,0.162096,-10.000000,28.000000,32.012223
0.579986,-0.807071,-0.059392,0.162096,-10.000000,28.000000,32.060081
0.581521,-0.807071,-0.059827,0.162096,-10.000000,28.000000,32.108065
0.581521,-0.808605,-0.059827,0.163121,-10.000000,28.000000,32.156114
0.581521,-0.808605,-0.059827,0.163121,-10.000000,28.000000,32.204256
0.581521,-0.807071,-0.059827,0.162096,-10.000000,28.000000,32.252271
0.579986,-0.807071,-0.059392,0.162096,-10.000000,28.000000,32.300188
0.581521,-0.807071,-0.059827,0.162096,-10.000000,28.000000,32.348421
0.581521,-0.807071,-0.059827,0.162096,-10.000000,28.000000,32.396364
0.579986,-0.808605,-0.059392,0.163121,-10.000000,28.000000,32.444185
0.581521,-0.808605,-0.059827,0.163121,-10.000000,28.000000,32.492292
0.581521,-0.807071,-0.059827,0.162096,-10.000000,28.000000,32.540264
0.581521,-0.807071,-0.059827,0.162096,-10.000000,28.000000,32.588091
0.581521,-0.807071,-0.059827,0.162096,-10.000000,28.000000,32.636232
0.579986,-0.808605,-0.059392,0.163121,-10.000000,28.000000,32.684216
0.579986,-0.807071,-0.059392,0.162096,-10.000000,28.000000,32.732318
0.581521,-0.807071,-0.059827,0.162096,-10.000000,28.000000,32.780258
0.579986,-0.807071,-0.059392,0.162096,-10.000000,28.000000,32.828273
0.579986,-0.807071,-0.059392,0.162096,-10.000000,28.000000,32.876234
0.581521,-0.807071,-0.059827,0.162096,-10.000000,28.000000,32.924183
0.581521,-0.807071,-0.059827,0.162096,-10.000000,28.000000,32.972151
0.581521,-0.808605,-0.059827,0.163121,-10.000000,28.000000,33.020122
0.581521,-0.807071,-0.059827,0.162096,-10.000000,28.000000,33.068153
0.581521,-0.807071,-0.059827,0.162096,-10.000000,28.000000,33.116194
0.579986,-0.807071,-0.059392,0.162096,-10.000000,28.000000,33.164293
0.579986,-0.807071,-0.059392,0.162096,-10.000000,28.000000,33.212300
0.579986,-0.807071,-0.059392,0.162096,-10.000000,28.000000,33.260164
0.579986,-0.807071,-0.059392,0.162096,-10.000000,28.000000,33.308218
0.581521,-0.807071,-0.059827,0.162096,-10.000000,28.000000,33.356243
0.579986,-0.807071,-0.059392,0.162096,-10.000000,28.000000,33.404176
0.581521,-0.807071,-0.059827,0.162096,-10.000000,28.000000,33.452162
0.581521,-0.807071,-0.059827,0.162096,-10.000000,28.000000,33.500241
0.581521,-0.807071,-0.059827,0.162096,-10.000000,28.000000,33.548127
0.581521,-0.807071,-0.059827,0.162096,-10.000000,28.000000,33.596156
0.581521,-0.807071,-0.059827,0.162096,-10.000000,28.000000,33.644237
0.581521,-0.807071,-0.059827,0.162096,-10.000000,28.000000,33.692153
0.579986,-0.807071,-0.059392,0.162096,-10.000000,28.000000,33.740268
0.579986,-0.808605,-0.059392,0.163121,-10.000000,28.000000,33.788825
0.581521,-0.807071,-0.059827,0.162096,-10.000000,28.000000,33.836112
0.581521,-0.807071,-0.059827,0.162096,-10.000000,28.000000,33.884162
0.579986,-0.807071,-0.059392,0.162096,-10.000000,28.000000,33.932165
0.579986,-0.807071,-0.059392,0.162096,-10.000000,28.000000,33.980169
0.581521,-0.807071,-0.059827,0.162096,-10.000000,28.000000,34.028208
0.579986,-0.807071,-0.059392,0.162096,-10.000000,28.000000,34.076147
0.581521,-0.807071,-0.059827,0.162096,-10.000000,28.000000,34.124104
0.579986,-0.807071,-0.059392,0.162096,-10.000000,28.000000,34.172278
0.579986,-0.807071,-0.059392,0.162096,-10.000000,28.000000,34.220103
0.581521,-0.807071,-0.059827,0.162096,-10.000000,28.000000,34.268111
0.579986,-0.807071,-0.059392,0.162096,-10.000000,28.000000,34.316277
0.579986,-0.807071,-0.059392,0.162096,-10.000000,28.000000,34.364182
0.581521,-0.807071,-0.059827,0.162096,-10.000000,28.000000,34.412227
0.579986,-0.807071,-0.059392,0.162096,-10.000000,28.000000,34.460217
0.581521,-0.807071,-0.059827,0.162096,-10.000000,28.000000,34.508063
0.581521,-0.807071,-0.059827,0.162096,-10.000000,28.000000,34.556038
0.579986,-0.807071,-0.059392,0.162096,-10.000000,28.000000,34.604123
0.579986,-0.807071,-0.059392,0.162096,-10.000000,28.000000,34.652272
0.579986,-0.807071,-0.059392,0.162096,-10.000000,28.000000,34.700181
0.576918,-0.807071,-0.058085,0.162096,-10.000000,28.000000,34.748169
0.567711,-0.805537,-0.055296,0.160526,-9.000000,28.000000,34.796088
0.555437,-0.797865,-0.052739,0.154465,-9.000000,26.000000,34.845986
0.535490,-0.787124,-0.048641,0.148025,-8.000000,25.000000,34.892279
0.514009,-0.771781,-0.045151,0.140499,-8.000000,24.000000,34.940149
0.490994,-0.751834,-0.041035,0.132056,-7.000000,23.000000,34.988059
0.466444,-0.728819,-0.036214,0.122499,-6.000000,21.000000,35.036167
0.444963,-0.702735,-0.032397,0.111478,-6.000000,19.000000,35.084158
0.423482,-0.675116,-0.028346,0.101932,-5.000000,17.000000,35.132077
0.403535,-0.645964,-0.025463,0.090593,-4.000000,16.000000,35.180124
0.382054,-0.618345,-0.022427,0.079961,-4.000000,14.000000,35.228099
0.362108,-0.589192,-0.020062,0.069076,-3.000000,12.000000,35.276105
0.337558,-0.561574,-0.017774,0.060644,-3.000000,10.000000,35.324096
0.314543,-0.533956,-0.015527,0.052475,-3.000000,9.000000,35.372103
0.293062,-0.506337,-0.013637,0.046365,-2.000000,8.000000,35.420303
0.266978,-0.477185,-0.011702,0.040052,-2.000000,7.000000,35.468039
0.242428,-0.448032,-0.010068,0.035379,-2.000000,6.000000,35.516267
0.214810,-0.411207,-0.008490,0.030370,-1.000000,5.000000,35.564049
0.187191,-0.375917,-0.006886,0.025802,-1.000000,4.000000,35.612267
0.159573,-0.337558,-0.005451,0.021071,-1.000000,4.000000,35.660227
0.135023,-0.300734,-0.004262,0.016921,-1.000000,3.000000,35.708046
0.112008,-0.263909,-0.003246,0.013211,-1.000000,2.000000,35.756178
0.090527,-0.230153,-0.002409,0.010356,0.000000,2.000000,35.804216
0.072115,-0.197932,-0.001767,0.007844,0.000000,1.000000,35.852273
0.061374,-0.170313,-0.001516,0.006052,0.000000,1.000000,35.900032
0.059840,-0.145764,-0.001678,0.004712,0.000000,1.000000,35.948101
0.059840,-0.122748,-0.001747,0.003685,0.000000,1.000000,35.996075
0.059840,-0.101267,-0.001747,0.002811,0.000000,0.000000,36.044137
0.059840,-0.081321,-0.001747,0.002080,0.000000,0.000000,36.092355
0.061374,-0.073649,-0.001793,0.001908,0.000000,0.000000,36.140210
0.061374,-0.070580,-0.001793,0.002008,0.000000,0.000000,36.188049
0.061374,-0.070580,-0.001793,0.002077,0.000000,0.000000,36.236170
0.062909,-0.072115,-0.001840,0.002125,0.000000,0.000000,36.284112
0.062909,-0.072115,-0.001840,0.002125,0.000000,0.000000,36.332136
0.062909,-0.072115,-0.001840,0.002125,0.000000,0.000000,36.380143
0.062909,-0.072115,-0.001840,0.002125,0.000000,0.000000,36.428108
0.062909,-0.072115,-0.001840,0.002125,0.000000,0.000000,36.476134
0.062909,-0.072115,-0.001840,0.002125,0.000000,0.000000,36.524092
0.064443,-0.073649,-0.001887,0.002173,0.000000,0.000000,36.572176
0.064443,-0.072115,-0.001887,0.002125,0.000000,0.000000,36.620236
0.064443,-0.072115,-0.001887,0.002125,0.000000,0.000000,36.668097
0.064443,-0.072115,-0.001887,0.002125,0.000000,0.000000,36.716209
0.064443,-0.072115,-0.001887,0.002125,0.000000,0.000000,36.764036
0.064443,-0.072115,-0.001887,0.002125,0.000000,0.000000,36.812135
0.064443,-0.072115,-0.001887,0.002125,0.000000,0.000000,36.860094
0.064443,-0.072115,-0.001887,0.002125,0.000000,0.000000,36.908150
0.064443,-0.072115,-0.001887,0.002125,0.000000,0.000000,36.955947
0.065977,-0.072115,-0.001934,0.002125,0.000000,0.000000,37.004036
0.065977,-0.072115,-0.001934,0.002125,0.000000,0.000000,37.052253
0.065977,-0.072115,-0.001934,0.002125,0.000000,0.000000,37.100118
0.065977,-0.073649,-0.001934,0.002173,0.000000,0.000000,37.148142
0.065977,-0.072115,-0.001934,0.002125,0.000000,0.000000,37.196101
0.065977,-0.072115,-0.001934,0.002125,0.000000,0.000000,37.243988
0.067512,-0.072115,-0.001982,0.002125,0.000000,0.000000,37.292114
0.067512,-0.072115,-0.001982,0.002125,0.000000,0.000000,37.340170
0.067512,-0.072115,-0.001982,0.002125,0.000000,0.000000,37.387959
0.067512,-0.072115,-0.001982,0.002125,0.000000,0.000000,37.436184
0.067512,-0.072115,-0.001982,0.002125,0.000000,0.000000,37.484078
0.067512,-0.072115,-0.001982,0.002125,0.000000,0.000000,37.531965
0.067512,-0.072115,-0.001982,0.002125,0.000000,0.000000,37.579979
0.069046,-0.072115,-0.002029,0.002125,0.000000,0.000000,37.628151
0.069046,-0.072115,-0.002029,0.002125,0.000000,0.000000,37.676014
0.067512,-0.072115,-0.001982,0.002125,0.000000,0.000000,37.724001
0.069046,-0.072115,-0.002029,0.002125,0.000000,0.000000,37.772056
0.069046,-0.072115,-0.002029,0.002125,0.000000,0.000000,37.820212
0.069046,-0.072115,-0.002029,0.002125,0.000000,0.000000,37.868076
0.069046,-0.072115,-0.002029,0.002125,0.000000,0.000000,37.916135
0.069046,-0.073649,-0.002029,0.002173,0.000000,0.000000,37.964049
0.070580,-0.072115,-0.002077,0.002125,0.000000,0.000000,38.012091
0.069046,-0.072115,-0.002029,0.002125,0.000000,0.000000,38.060174
0.070580,-0.072115,-0.002077,0.002125,0.000000,0.000000,38.108045
0.070580,-0.072115,-0.002077,0.002125,0.000000,0.000000,38.156036
0.070580,-0.072115,-0.002077,0.002125,0.000000,0.000000,38.204098
0.070580,-0.072115,-0.002077,0.002125,0.000000,0.000000,38.252288
0.070580,-0.072115,-0.002077,0.002125,0.000000,0.000000,38.300029
0.070580,-0.073649,-0.002077,0.002173,0.000000,0.000000,38.348243
0.072115,-0.072115,-0.002125,0.002125,0.000000,0.000000,38.396090
0.072115,-0.072115,-0.002125,0.002125,0.000000,0.000000,38.444093
0.072115,-0.072115,-0.002125,0.002125,0.000000,0.000000,38.492022
0.072115,-0.072115,-0.002125,0.002125,0.000000,0.000000,38.540032
0.072115,-0.072115,-0.002125,0.002125,0.000000,0.000000,38.588121
0.072115,-0.072115,-0.002125,0.002125,0.000000,0.000000,38.636012
0.073649,-0.072115,-0.002173,0.002125,0.000000,0.000000,38.684142
0.073649,-0.072115,-0.002173,0.002125,0.000000,0.000000,38.732095
0.073649,-0.073649,-0.002173,0.002173,0.000000,0.000000,38.780018
0.075183,-0.075183,-0.002260,0.002260,0.000000,0.000000,38.828062
0.078252,-0.078252,-0.002357,0.002357,0.000000,0.000000,38.876036
0.081321,-0.081321,-0.002543,0.002498,0.000000,0.000000,38.924003
0.093596,-0.093596,-0.003247,0.003247,-1.000000,1.000000,38.972001
0.110474,-0.107405,-0.004313,0.004091,-1.000000,1.000000,39.020052
0.133489,-0.130420,-0.006139,0.005678,-1.000000,1.000000,39.067919
0.164176,-0.154970,-0.008882,0.007643,-2.000000,1.000000,39.117986
0.199466,-0.185657,-0.012993,0.010010,-2.000000,2.000000,39.163955
0.239359,-0.213275,-0.019191,0.012653,-3.000000,2.000000,39.211906
0.283856,-0.247031,-0.027745,0.016893,-5.000000,3.000000,39.259956
0.331421,-0.283856,-0.037839,0.021469,-6.000000,4.000000,39.307994
0.378986,-0.319146,-0.048120,0.026791,-8.000000,5.000000,39.356069
0.421948,-0.355970,-0.054653,0.033441,-9.000000,6.000000,39.403930
0.457238,-0.394329,-0.056727,0.041754,-10.000000,7.000000,39.451920
0.483322,-0.431154,-0.054140,0.050052,-9.000000,9.000000,39.499948
0.501734,-0.466444,-0.050944,0.056343,-9.000000,10.000000,39.548060
0.514009,-0.501734,-0.048010,0.066477,-8.000000,11.000000,39.596045
0.523215,-0.537024,-0.047717,0.078102,-8.000000,13.000000,39.644080
0.527818,-0.569246,-0.047393,0.088104,-8.000000,15.000000,39.692073
0.530887,-0.601467,-0.047727,0.097043,-8.000000,17.000000,39.740051
0.533956,-0.629086,-0.047808,0.104830,-8.000000,18.000000,39.787935
0.533956,-0.655170,-0.047808,0.114867,-8.000000,20.000000,39.835977
0.533956,-0.679719,-0.047554,0.120396,-8.000000,21.000000,39.884155
0.535490,-0.699666,-0.047913,0.124359,-8.000000,21.000000,39.931904
0.537024,-0.716544,-0.048532,0.125686,-8.000000,22.000000,39.980124
0.540093,-0.730353,-0.049570,0.129763,-8.000000,22.000000,40.028047
0.544696,-0.742628,-0.050692,0.133465,-9.000000,23.000000,40.076054
0.549299,-0.751834,-0.052613,0.137252,-9.000000,24.000000,40.124014
0.556971,-0.764109,-0.055594,0.144477,-10.000000,25.000000,40.171978
0.567711,-0.774849,-0.059118,0.151063,-10.000000,26.000000,40.220005
0.576918,-0.787124,-0.062428,0.158901,-11.000000,27.000000,40.267928
0.586124,-0.797865,-0.065182,0.167746,-11.000000,29.000000,40.315813
0.589192,-0.804002,-0.063147,0.165769,-11.000000,28.000000,40.363933
0.589192,-0.802468,-0.062041,0.159052,-11.000000,27.000000,40.411952
0.589192,-0.802468,-0.062041,0.159052,-11.000000,27.000000,40.460048
0.587658,-0.802468,-0.061593,0.159052,-11.000000,27.000000,40.507932
0.587658,-0.802468,-0.061593,0.159052,-11.000000,27.000000,40.556026
0.589192,-0.802468,-0.062041,0.159052,-11.000000,27.000000,40.603965
0.589192,-0.802468,-0.062041,0.159052,-11.000000,27.000000,40.652049
0.587658,-0.802468,-0.061593,0.159052,-11.000000,27.000000,40.699982
0.589192,-0.802468,-0.062041,0.159052,-11.000000,27.000000,40.747924
0.587658,-0.802468,-0.061593,0.159052,-11.000000,27.000000,40.795912
0.587658,-0.802468,-0.061593,0.159052,-11.000000,27.000000,40.843968
0.589192,-0.802468,-0.062041,0.159052,-11.000000,27.000000,40.891853
0.589192,-0.802468,-0.062041,0.159052,-11.000000,27.000000,40.939915
0.589192,-0.802468,-0.062041,0.159052,-11.000000,27.000000,40.987991
0.587658,-0.802468,-0.061593,0.159052,-11.000000,27.000000,41.035840
0.589192,-0.802468,-0.062041,0.159052,-11.000000,27.000000,41.083949
0.587658,-0.802468,-0.061593,0.159052,-11.000000,27.000000,41.132070
0.587658,-0.802468,-0.061593,0.159052,-11.000000,27.000000,41.179944
0.589192,-0.802468,-0.062041,0.159052,-11.000000,27.000000,41.227846
0.589192,-0.802468,-0.062041,0.159052,-11.000000,27.000000,41.275990
0.589192,-0.802468,-0.062041,0.159052,-11.000000,27.000000,41.324015
0.587658,-0.802468,-0.061593,0.159052,-11.000000,27.000000,41.372070
0.589192,-0.802468,-0.062041,0.159052,-11.000000,27.000000,41.420477
0.589192,-0.802468,-0.062041,0.159052,-11.000000,27.000000,41.467951
0.589192,-0.802468,-0.062041,0.159052,-11.000000,27.000000,41.516030
0.589192,-0.802468,-0.062041,0.159052,-11.000000,27.000000,41.564000
0.587658,-0.802468,-0.061593,0.159052,-11.000000,27.000000,41.611973
0.589192,-0.802468,-0.062041,0.159052,-11.000000,27.000000,41.659834
0.589192,-0.802468,-0.062041,0.159052,-11.000000,27.000000,41.707814
0.589192,-0.802468,-0.062041,0.159052,-11.000000,27.000000,41.755999
0.587658,-0.802468,-0.061593,0.159052,-11.000000,27.000000,41.803978
0.587658,-0.802468,-0.061593,0.159052,-11.000000,27.000000,41.851978
0.589192,-0.802468,-0.062041,0.159052,-11.000000,27.000000,41.899968
0.587658,-0.802468,-0.061593,0.159052,-11.000000,27.000000,41.947921
0.587658,-0.802468,-0.061593,0.159052,-11.000000,27.000000,41.995979
0.589192,-0.802468,-0.062041,0.159052,-11.000000,27.000000,42.044044
0.587658,-0.802468,-0.061593,0.159052,-11.000000,27.000000,42.091851
0.587658,-0.802468,-0.061593,0.159052,-11.000000,27.000000,42.139888
0.589192,-0.802468,-0.062041,0.159052,-11.000000,27.000000,42.187866
0.589192,-0.802468,-0.062041,0.159052,-11.000000,27.000000,42.235885
0.587658,-0.802468,-0.061593,0.159052,-11.000000,27.000000,42.283770
0.589192,-0.802468,-0.062041,0.159052,-11.000000,27.000000,42.331996
0.587658,-0.802468,-0.061593,0.159052,-11.000000,27.000000,42.379844
0.587658,-0.802468,-0.061593,0.159052,-11.000000,27.000000,42.427977
0.587658,-0.802468,-0.061593,0.159052,-11.000000,27.000000,42.475918
0.589192,-0.802468,-0.062041,0.159052,-11.000000,27.000000,42.523815
0.587658,-0.802468,-0.061593,0.159052,-11.000000,27.000000,42.571865
0.589192,-0.802468,-0.062041,0.159052,-11.000000,27.000000,42.619813
0.589192,-0.802468,-0.062041,0.159052,-11.000000,27.000000,42.667744
0.589192,-0.802468,-0.062041,0.159052,-11.000000,27.000000,42.715827
0.587658,-0.802468,-0.061593,0.159052,-11.000000,27.000000,42.763807
0.589192,-0.802468,-0.062041,0.159052,-11.000000,27.000000,42.811857
0.587658,-0.802468,-0.061593,0.159052,-11.000000,27.000000,42.859840
0.589192,-0.802468,-0.062041,0.159052,-11.000000,27.000000,42.907898
0.589192,-0.802468,-0.062041,0.159052,-11.000000,27.000000,42.956016
0.589192,-0.802468,-0.062041,0.159052,-11.000000,27.000000,43.003988
0.589192,-0.802468,-0.062041,0.159052,-11.000000,27.000000,43.051916
0.589192,-0.802468,-0.062041,0.159052,-11.000000,27.000000,43.100051
0.589192,-0.802468,-0.062041,0.159052,-11.000000,27.000000,43.147805
0.589192,-0.802468,-0.062041,0.159052,-11.000000,27.000000,43.196023
0.589192,-0.802468,-0.062041,0.159052,-11.000000,27.000000,43.243939
0.587658,-0.802468,-0.061593,0.159052,-11.000000,27.000000,43.291798
0.589192,-0.802468,-0.062041,0.159052,-11.000000,27.000000,43.339967
0.587658,-0.802468,-0.061593,0.159052,-11.000000,27.000000,43.387849
0.589192,-0.802468,-0.062041,0.159052,-11.000000,27.000000,43.436063
0.589192,-0.802468,-0.062041,0.159052,-11.000000,27.000000,43.483883
0.589192,-0.802468,-0.062041,0.159052,-11.000000,27.000000,43.531878
0.587658,-0.802468,-0.061593,0.159052,-11.000000,27.000000,43.579956
0.589192,-0.802468,-0.062041,0.159052,-11.000000,27.000000,43.627989
0.587658,-0.802468,-0.061593,0.159052,-11.000000,27.000000,43.675848
0.586124,-0.800934,-0.060890,0.158048,-10.000000,27.000000,43.723978
0.579986,-0.799399,-0.058694,0.156511,-10.000000,27.000000,43.771860
0.569246,-0.796330,-0.055838,0.154112,-10.000000,26.000000,43.819936
0.552368,-0.788659,-0.052205,0.148666,-9.000000,25.000000,43.867992
0.532421,-0.776384,-0.049010,0.141811,-8.000000,24.000000,43.915930
0.509406,-0.757972,-0.044549,0.134657,-8.000000,23.000000,43.963779
0.486391,-0.733422,-0.040092,0.126017,-7.000000,22.000000,44.011893
0.461841,-0.702735,-0.035366,0.116238,-6.000000,20.000000,44.059947
0.440360,-0.665910,-0.031300,0.105324,-5.000000,18.000000,44.107861
0.418879,-0.626017,-0.027658,0.093288,-5.000000,16.000000,44.155972
0.400467,-0.584589,-0.024812,0.079605,-4.000000,14.000000,44.203880
0.382054,-0.541627,-0.022058,0.065104,-4.000000,11.000000,44.251831
0.366711,-0.500200,-0.020103,0.054105,-3.000000,9.000000,44.299707
0.349833,-0.458772,-0.018271,0.042613,-3.000000,7.000000,44.347926
0.328352,-0.420413,-0.016385,0.033847,-3.000000,6.000000,44.395935
0.305337,-0.382054,-0.014694,0.027513,-3.000000,5.000000,44.443968
0.282321,-0.345230,-0.012893,0.022026,-2.000000,4.000000,44.491849
0.256237,-0.308405,-0.011158,0.017730,-2.000000,3.000000,44.539821
0.228619,-0.273115,-0.009477,0.014023,-2.000000,2.000000,44.587930
0.197932,-0.236291,-0.007571,0.010812,-1.000000,2.000000,44.635966
0.171848,-0.207138,-0.006132,0.008312,-1.000000,1.000000,44.684007
0.147298,-0.179520,-0.004781,0.006471,-1.000000,1.000000,44.731900
0.125817,-0.156504,-0.003793,0.005167,-1.000000,1.000000,44.779957
0.107405,-0.138092,-0.003034,0.004262,-1.000000,1.000000,44.827866
0.090527,-0.119680,-0.002426,0.003504,0.000000,1.000000,44.875857
0.076718,-0.102802,-0.001963,0.002863,0.000000,0.000000,44.923958
0.069046,-0.087458,-0.001823,0.002327,0.000000,0.000000,44.972024
0.070580,-0.078252,-0.002077,0.002075,0.000000,0.000000,45.019841
0.067512,-0.076718,-0.001946,0.002200,0.000000,0.000000,45.067736
0.067512,-0.075183,-0.001982,0.002185,0.000000,0.000000,45.115974
0.067512,-0.075183,-0.001982,0.002221,0.000000,0.000000,45.163822
0.067512,-0.075183,-0.001982,0.002221,0.000000,0.000000,45.211892
0.067512,-0.075183,-0.001982,0.002221,0.000000,0.000000,45.259943
0.070580,-0.075183,-0.002115,0.002221,0.000000,0.000000,45.307672
0.069046,-0.076718,-0.002068,0.002270,0.000000,0.000000,45.356125
0.070580,-0.075183,-0.002077,0.002221,0.000000,0.000000,45.403871
0.070580,-0.075183,-0.002077,0.002221,0.000000,0.000000,45.451854
0.070580,-0.076718,-0.002077,0.002270,0.000000,0.000000,45.499747
0.072115,-0.076718,-0.002125,0.002270,0.000000,0.000000,45.547824
0.070580,-0.076718,-0.002077,0.002270,0.000000,0.000000,45.595946
0.070580,-0.076718,-0.002077,0.002270,0.000000,0.000000,45.643880
0.070580,-0.076718,-0.002077,0.002270,0.000000,0.000000,45.691781
0.072115,-0.078252,-0.002125,0.002318,0.000000,0.000000,45.739760
0.072115,-0.078252,-0.002125,0.002318,0.000000,0.000000,45.787874
0.070580,-0.076718,-0.002077,0.002270,0.000000,0.000000,45.835905
0.072115,-0.078252,-0.002125,0.002318,0.000000,0.000000,45.883958
0.072115,-0.078252,-0.002125,0.002318,0.000000,0.000000,45.931842
0.072115,-0.078252,-0.002125,0.002318,0.000000,0.000000,45.979988
0.072115,-0.076718,-0.002125,0.002270,0.000000,0.000000,46.027775
0.072115,-0.078252,-0.002125,0.002318,0.000000,0.000000,46.075798
0.072115,-0.078252,-0.002125,0.002318,0.000000,0.000000,46.123762
0.072115,-0.078252,-0.002125,0.002318,0.000000,0.000000,46.171892
0.072115,-0.078252,-0.002125,0.002318,0.000000,0.000000,46.219931
0.072115,-0.078252,-0.002125,0.002318,0.000000,0.000000,46.267804
0.072115,-0.078252,-0.002125,0.002318,0.000000,0.000000,46.315778
0.072115,-0.078252,-0.002125,0.002318,0.000000,0.000000,46.363838
0.072115,-0.078252,-0.002125,0.002318,0.000000,0.000000,46.411963
0.072115,-0.078252,-0.002125,0.002318,0.000000,0.000000,46.459882
0.072115,-0.078252,-0.002125,0.002318,0.000000,0.000000,46.507932
0.072115,-0.078252,-0.002125,0.002318,0.000000,0.000000,46.555955
0.072115,-0.078252,-0.002125,0.002318,0.000000,0.000000,46.603871
0.072115,-0.078252,-0.002125,0.002318,0.000000,0.000000,46.652059
0.072115,-0.078252,-0.002125,0.002318,0.000000,0.000000,46.699780
0.072115,-0.078252,-0.002125,0.002318,0.000000,0.000000,46.747681
0.072115,-0.078252,-0.002125,0.002318,0.000000,0.000000,46.795677
0.072115,-0.079786,-0.002125,0.002367,0.000000,0.000000,46.843913
0.072115,-0.078252,-0.002125,0.002318,0.000000,0.000000,46.891703
0.072115,-0.078252,-0.002125,0.002318,0.000000,0.000000,46.939741
0.072115,-0.078252,-0.002125,0.002318,0.000000,0.000000,46.987808
0.072115,-0.079786,-0.002125,0.002367,0.000000,0.000000,47.035747
0.072115,-0.078252,-0.002125,0.002318,0.000000,0.000000,47.083784
0.072115,-0.078252,-0.002125,0.002318,0.000000,0.000000,47.131766
0.072115,-0.079786,-0.002125,0.002367,0.000000,0.000000,47.179762
0.072115,-0.078252,-0.002125,0.002318,0.000000,0.000000,47.227724
0.072115,-0.079786,-0.002125,0.002367,0.000000,0.000000,47.275760
0.072115,-0.078252,-0.002125,0.002318,0.000000,0.000000,47.323765
0.072115,-0.078252,-0.002125,0.002318,0.000000,0.000000,47.371693
0.072115,-0.079786,-0.002125,0.002367,0.000000,0.000000,47.419874
0.072115,-0.079786,-0.002125,0.002367,0.000000,0.000000,47.467692
0.072115,-0.079786,-0.002125,0.002367,0.000000,0.000000,47.515872
0.072115,-0.079786,-0.002125,0.002367,0.000000,0.000000,47.563614
0.072115,-0.078252,-0.002125,0.002318,0.000000,0.000000,47.611808
0.072115,-0.079786,-0.002125,0.002367,0.000000,0.000000,47.659770
0.072115,-0.079786,-0.002125,0.002367,0.000000,0.000000,47.707742
0.072115,-0.079786,-0.002125,0.002367,0.000000,0.000000,47.755789
0.073649,-0.081321,-0.002173,0.002416,0.000000,0.000000,47.803723
0.075183,-0.082855,-0.002260,0.002505,0.000000,0.000000,47.851766
0.078252,-0.088993,-0.002399,0.002845,0.000000,0.000000,47.899791
0.087458,-0.099733,-0.002906,0.003465,0.000000,1.000000,47.947846
0.102802,-0.116611,-0.003912,0.004456,-1.000000,1.000000,47.995774
0.125817,-0.138092,-0.005613,0.006200,-1.000000,1.000000,48.043692
0.154970,-0.165710,-0.008316,0.008489,-1.000000,1.000000,48.091793
0.188726,-0.197932,-0.011774,0.011800,-2.000000,2.000000,48.139830
0.222482,-0.233222,-0.014998,0.016471,-3.000000,3.000000,48.187725
0.256237,-0.274650,-0.018336,0.022819,-3.000000,4.000000,48.235887
0.286924,-0.313008,-0.020134,0.028165,-3.000000,5.000000,48.283679
0.311474,-0.352902,-0.021376,0.035721,-4.000000,6.000000,48.331711
0.334489,-0.394329,-0.022065,0.045253,-4.000000,8.000000,48.379826
0.354436,-0.432688,-0.023071,0.053132,-4.000000,9.000000,48.427815
0.369780,-0.471047,-0.023674,0.060552,-4.000000,10.000000,48.475665
0.383589,-0.507872,-0.025061,0.071824,-4.000000,12.000000,48.523826
0.397398,-0.546231,-0.026974,0.085388,-5.000000,15.000000,48.571864
0.412742,-0.584589,-0.029742,0.101040,-5.000000,17.000000,48.619674
0.431154,-0.621414,-0.033294,0.118268,-6.000000,20.000000,48.667755
0.449566,-0.655170,-0.037229,0.130262,-6.000000,22.000000,48.715634
0.469513,-0.684323,-0.041900,0.135137,-7.000000,23.000000,48.763714
0.486391,-0.705803,-0.044723,0.131992,-8.000000,23.000000,48.811798
0.500200,-0.719613,-0.046269,0.125610,-8.000000,22.000000,48.859865
0.514009,-0.730353,-0.048010,0.125347,-8.000000,21.000000,48.907834
0.526284,-0.739559,-0.050957,0.129025,-9.000000,22.000000,48.955649
0.538559,-0.751834,-0.053321,0.137252,-9.000000,24.000000,49.003731
0.549299,-0.767178,-0.056135,0.153203,-10.000000,26.000000,49.051770
0.561574,-0.784056,-0.059505,0.168518,-10.000000,29.000000,49.099722
0.570780,-0.802468,-0.061368,0.179109,-11.000000,31.000000,49.150991
0.579986,-0.813208,-0.062647,0.178502,-11.000000,31.000000,49.195837
0.579986,-0.813208,-0.060051,0.167709,-10.000000,29.000000,49.243835
0.578452,-0.811674,-0.058960,0.165189,-10.000000,28.000000,49.291872
0.578452,-0.811674,-0.058960,0.165189,-10.000000,28.000000,49.339731
0.578452,-0.811674,-0.058960,0.165189,-10.000000,28.000000,49.387677
0.578452,-0.811674,-0.058960,0.165189,-10.000000,28.000000,49.435804
0.578452,-0.811674,-0.058960,0.165189,-10.000000,28.000000,49.483662
0.578452,-0.811674,-0.058960,0.165189,-10.000000,28.000000,49.531802
0.578452,-0.811674,-0.058960,0.165189,-10.000000,28.000000,49.579673
0.578452,-0.811674,-0.058960,0.165189,-10.000000,28.000000,49.627772
0.578452,-0.813208,-0.058960,0.166231,-10.000000,28.000000,49.675847
0.578452,-0.811674,-0.058960,0.165189,-10.000000,28.000000,49.723631
0.578452,-0.811674,-0.058960,0.165189,-10.000000,28.000000,49.771615
0.578452,-0.813208,-0.058960,0.166231,-10.000000,28.000000,49.819744
0.578452,-0.811674,-0.058960,0.165189,-10.000000,28.000000,49.867720
0.578452,-0.811674,-0.058960,0.165189,-10.000000,28.000000,49.915726
0.578452,-0.811674,-0.058960,0.165189,-10.000000,28.000000,49.963698
0.578452,-0.811674,-0.058960,0.165189,-10.000000,28.000000,50.011655
0.578452,-0.811674,-0.058960,0.165189,-10.000000,28.000000,50.059603
0.578452,-0.811674,-0.058960,0.165189,-10.000000,28.000000,50.107742
0.578452,-0.811674,-0.058960,0.165189,-10.000000,28.000000,50.155827
0.578452,-0.813208,-0.058960,0.166231,-10.000000,28.000000,50.203821
0.578452,-0.811674,-0.058960,0.165189,-10.000000,28.000000,50.251735
0.578452,-0.811674,-0.058960,0.165189,-10.000000,28.000000,50.299936
0.578452,-0.811674,-0.058960,0.165189,-10.000000,28.000000,50.347761
0.578452,-0.811674,-0.058960,0.165189,-10.000000,28.000000,50.396299
0.578452,-0.811674,-0.058960,0.165189,-10.000000,28.000000,50.443821
0.578452,-0.811674,-0.058960,0.165189,-10.000000,28.000000,50.491815
0.578452,-0.811674,-0.058960,0.165189,-10.000000,28.000000,50.539754
0.578452,-0.811674,-0.058960,0.165189,-10.000000,28.000000,50.587650
0.578452,-0.811674,-0.058960,0.165189,-10.000000,28.000000,50.635850
0.578452,-0.811674,-0.058960,0.165189,-10.000000,28.000000,50.683632
0.578452,-0.811674,-0.058960,0.165189,-10.000000,28.000000,50.731692
0.578452,-0.811674,-0.058960,0.165189,-10.000000,28.000000,50.779700
0.578452,-0.811674,-0.058960,0.165189,-10.000000,28.000000,50.827573
0.578452,-0.811674,-0.058960,0.165189,-10.000000,28.000000,50.875644
0.578452,-0.811674,-0.058960,0.165189,-10.000000,28.000000,50.923603
0.578452,-0.811674,-0.058960,0.165189,-10.000000,28.000000,50.971634
0.578452,-0.811674,-0.058960,0.165189,-10.000000,28.000000,51.019692
0.578452,-0.813208,-0.058960,0.166231,-10.000000,28.000000,51.067627
0.578452,-0.811674,-0.058960,0.165189,-10.000000,28.000000,51.115713
0.578452,-0.811674,-0.058960,0.165189,-10.000000,28.000000,51.163672
0.578452,-0.813208,-0.058960,0.166231,-10.000000,28.000000,51.211910
0.578452,-0.811674,-0.058960,0.165189,-10.000000,28.000000,51.259780
0.578452,-0.813208,-0.058960,0.166231,-10.000000,28.000000,51.307600
0.578452,-0.811674,-0.058960,0.165189,-10.000000,28.000000,51.355632
0.578452,-0.811674,-0.058960,0.165189,-10.000000,28.000000,51.403706
0.578452,-0.811674,-0.058960,0.165189,-10.000000,28.000000,51.451774
0.578452,-0.811674,-0.058960,0.165189,-10.000000,28.000000,51.499593
0.578452,-0.811674,-0.058960,0.165189,-10.000000,28.000000,51.547681
0.578452,-0.811674,-0.058960,0.165189,-10.000000,28.000000,51.595564
0.578452,-0.811674,-0.058960,0.165189,-10.000000,28.000000,51.643609
0.578452,-0.811674,-0.058960,0.165189,-10.000000,28.000000,51.691681
0.578452,-0.811674,-0.058960,0.165189,-10.000000,28.000000,51.739653
0.578452,-0.811674,-0.058960,0.165189,-10.000000,28.000000,51.787616
0.578452,-0.811674,-0.058960,0.165189,-10.000000,28.000000,51.835575
0.578452,-0.811674,-0.058960,0.165189,-10.000000,28.000000,51.883598
0.578452,-0.811674,-0.058960,0.165189,-10.000000,28.000000,51.931682
0.578452,-0.811674,-0.058960,0.165189,-10.000000,28.000000,51.979709
0.578452,-0.811674,-0.058960,0.165189,-10.000000,28.000000,52.027921
0.578452,-0.811674,-0.058960,0.165189,-10.000000,28.000000,52.075672
0.578452,-0.811674,-0.058960,0.165189,-10.000000,28.000000,52.123665
0.578452,-0.811674,-0.058960,0.165189,-10.000000,28.000000,52.171572
0.578452,-0.811674,-0.058960,0.165189,-10.000000,28.000000,52.219583
0.578452,-0.811674,-0.058960,0.165189,-10.000000,28.000000,52.267713
0.578452,-0.811674,-0.058960,0.165189,-10.000000,28.000000,52.315892
0.578452,-0.811674,-0.058960,0.165189,-10.000000,28.000000,52.363680
0.578452,-0.811674,-0.058960,0.165189,-10.000000,28.000000,52.411688
0.578452,-0.811674,-0.058960,0.165189,-10.000000,28.000000,52.459663
0.578452,-0.811674,-0.058960,0.165189,-10.000000,28.000000,52.507674
0.578452,-0.811674,-0.058960,0.165189,-10.000000,28.000000,52.555733
0.578452,-0.811674,-0.058960,0.165189,-10.000000,28.000000,52.603532
0.578452,-0.811674,-0.058960,0.165189,-10.000000,28.000000,52.651959
0.578452,-0.811674,-0.058960,0.165189,-10.000000,28.000000,52.700163
0.578452,-0.811674,-0.058960,0.165189,-10.000000,28.000000,52.747808
0.578452,-0.811674,-0.058960,0.165189,-10.000000,28.000000,52.795627
0.578452,-0.810140,-0.058960,0.163595,-10.000000,28.000000,52.843569
0.572315,-0.802468,-0.056677,0.157435,-10.000000,27.000000,52.891489
0.560040,-0.787124,-0.053414,0.149213,-9.000000,26.000000,52.939655
0.541627,-0.762575,-0.050125,0.142501,-9.000000,24.000000,52.987506
0.521681,-0.727284,-0.046486,0.133660,-8.000000,23.000000,53.035604
0.498666,-0.687391,-0.042221,0.120361,-7.000000,21.000000,53.083507
0.478719,-0.644429,-0.037805,0.105750,-6.000000,18.000000,53.131602
0.460307,-0.601467,-0.033533,0.087290,-6.000000,15.000000,53.179513
0.448032,-0.564643,-0.030704,0.069406,-5.000000,12.000000,53.227693
0.437291,-0.535490,-0.028802,0.055560,-5.000000,10.000000,53.275457
0.428085,-0.512475,-0.027320,0.045690,-5.000000,8.000000,53.323562
0.421948,-0.500200,-0.026423,0.040563,-5.000000,7.000000,53.371663
0.412742,-0.494062,-0.025166,0.038447,-4.000000,7.000000,53.419626
0.400467,-0.492528,-0.023640,0.038516,-4.000000,7.000000,53.467581
0.385123,-0.492528,-0.022002,0.038695,-4.000000,7.000000,53.515515
0.365177,-0.492528,-0.020236,0.038695,-3.000000,7.000000,53.563651
0.345230,-0.490994,-0.018395,0.038396,-3.000000,7.000000,53.611670
0.319146,-0.486391,-0.015957,0.037092,-3.000000,6.000000,53.659511
0.294596,-0.478719,-0.013910,0.035557,-2.000000,6.000000,53.707488
0.270047,-0.466444,-0.012063,0.033653,-2.000000,6.000000,53.755608
0.243963,-0.449566,-0.010286,0.031282,-2.000000,5.000000,53.803589
0.217878,-0.429620,-0.008584,0.029019,-1.000000,5.000000,53.851618
0.191794,-0.406604,-0.007066,0.026146,-1.000000,4.000000,53.899588
0.168779,-0.380520,-0.005803,0.023161,-1.000000,4.000000,53.948009
0.147298,-0.352902,-0.004682,0.020308,-1.000000,3.000000,53.995508
0.127351,-0.322215,-0.003820,0.017435,-1.000000,3.000000,54.043600
0.110474,-0.293062,-0.003146,0.014818,-1.000000,3.000000,54.091636
0.093596,-0.259306,-0.002540,0.012120,0.000000,2.000000,54.139728
0.079786,-0.225550,-0.002079,0.009755,0.000000,2.000000,54.187460
0.072115,-0.190260,-0.001898,0.007568,0.000000,1.000000,54.235471
0.072115,-0.156504,-0.002089,0.005634,0.000000,1.000000,54.283680
0.072115,-0.122748,-0.002125,0.003913,0.000000,1.000000,54.331528
0.072115,-0.090527,-0.002125,0.002413,0.000000,0.000000,54.379522
0.073649,-0.058306,-0.002173,0.001058,0.000000,0.000000,54.427593
0.073649,-0.038359,-0.002173,0.000506,0.000000,0.000000,54.475501
0.073649,-0.033756,-0.002173,0.000748,0.000000,0.000000,54.523560
0.073649,-0.030687,-0.002173,0.000814,0.000000,0.000000,54.571611
0.073649,-0.027618,-0.002173,0.000725,0.000000,0.000000,54.619438
0.073649,-0.024550,-0.002173,0.000636,0.000000,0.000000,54.667567
0.075183,-0.024550,-0.002221,0.000670,0.000000,0.000000,54.715506
0.075183,-0.023015,-0.002221,0.000660,0.000000,0.000000,54.763527
0.075183,-0.021481,-0.002221,0.000581,0.000000,0.000000,54.811585
0.075183,-0.019947,-0.002221,0.000537,0.000000,0.000000,54.859626
0.073649,-0.018412,-0.002173,0.000493,0.000000,0.000000,54.907645
0.075183,-0.016878,-0.002221,0.000449,0.000000,0.000000,54.955531
0.075183,-0.015344,-0.002221,0.000405,0.000000,0.000000,55.003503
0.075183,-0.015344,-0.002221,0.000439,0.000000,0.000000,55.051625
0.075183,-0.015344,-0.002221,0.000439,0.000000,0.000000,55.099540
0.075183,-0.015344,-0.002221,0.000439,0.000000,0.000000,55.147585
0.075183,-0.015344,-0.002221,0.000439,0.000000,0.000000,55.195582
0.075183,-0.015344,-0.002221,0.000439,0.000000,0.000000,55.243511
0.075183,-0.015344,-0.002221,0.000439,0.000000,0.000000,55.291552
0.075183,-0.015344,-0.002221,0.000439,0.000000,0.000000,55.339558
0.075183,-0.015344,-0.002221,0.000439,0.000000,0.000000,55.387514
0.075183,-0.015344,-0.002221,0.000439,0.000000,0.000000,55.435468
0.075183,-0.015344,-0.002221,0.000439,0.000000,0.000000,55.483511
0.076718,-0.015344,-0.002270,0.000439,0.000000,0.000000,55.531391
0.075183,-0.015344,-0.002221,0.000439,0.000000,0.000000,55.579439
0.075183,-0.015344,-0.002221,0.000439,0.000000,0.000000,55.627508
0.075183,-0.015344,-0.002221,0.000439,0.000000,0.000000,55.675531
0.075183,-0.015344,-0.002221,0.000439,0.000000,0.000000,55.723480
0.075183,-0.015344,-0.002221,0.000439,0.000000,0.000000,55.771557
0.075183,-0.015344,-0.002221,0.000439,0.000000,0.000000,55.819501
0.075183,-0.015344,-0.002221,0.000439,0.000000,0.000000,55.867475
0.075183,-0.015344,-0.002221,0.000439,0.000000,0.000000,55.915590
0.075183,-0.015344,-0.002221,0.000439,0.000000,0.000000,55.963543
0.076718,-0.015344,-0.002270,0.000439,0.000000,0.000000,56.011669
0.075183,-0.015344,-0.002221,0.000439,0.000000,0.000000,56.059515
0.075183,-0.015344,-0.002221,0.000439,0.000000,0.000000,56.107631
0.075183,-0.015344,-0.002221,0.000439,0.000000,0.000000,56.155502
0.076718,-0.015344,-0.002270,0.000439,0.000000,0.000000,56.203691
0.075183,-0.015344,-0.002221,0.000439,0.000000,0.000000,56.253300
0.075183,-0.015344,-0.002221,0.000439,0.000000,0.000000,56.299495
0.075183,-0.015344,-0.002221,0.000439,0.000000,0.000000,56.347548
0.075183,-0.015344,-0.002221,0.000439,0.000000,0.000000,56.395495
0.075183,-0.015344,-0.002221,0.000439,0.000000,0.000000,56.443516
0.075183,-0.015344,-0.002221,0.000439,0.000000,0.000000,56.491559
0.075183,-0.015344,-0.002221,0.000439,0.000000,0.000000,56.539461
0.075183,-0.015344,-0.002221,0.000439,0.000000,0.000000,56.587550
0.075183,-0.015344,-0.002221,0.000439,0.000000,0.000000,56.635461
0.075183,-0.016878,-0.002221,0.000483,0.000000,0.000000,56.683594
0.075183,-0.016878,-0.002221,0.000483,0.000000,0.000000,56.731570
0.076718,-0.018412,-0.002270,0.000527,0.000000,0.000000,56.779566
0.076718,-0.019947,-0.002270,0.000606,0.000000,0.000000,56.827562
0.079786,-0.023015,-0.002406,0.000695,0.000000,0.000000,56.875476
0.084390,-0.027618,-0.002643,0.000902,0.000000,0.000000,56.923410
0.093596,-0.038359,-0.003247,0.001439,-1.000000,0.000000,56.971577
0.110474,-0.055237,-0.004211,0.002282,-1.000000,0.000000,57.019418
0.131955,-0.079786,-0.005749,0.003745,-1.000000,1.000000,57.067630
0.156504,-0.107405,-0.007523,0.005537,-1.000000,1.000000,57.115517
0.182588,-0.136558,-0.009289,0.007248,-2.000000,1.000000,57.163582
0.208672,-0.164176,-0.011636,0.008882,-2.000000,2.000000,57.211623
0.237825,-0.194863,-0.014328,0.011568,-2.000000,2.000000,57.259534
0.266978,-0.230153,-0.017491,0.015713,-3.000000,3.000000,57.307504
0.297665,-0.270047,-0.020831,0.022236,-4.000000,4.000000,57.355627
0.326818,-0.309940,-0.025100,0.028495,-4.000000,5.000000,57.403598
0.360574,-0.352902,-0.030043,0.037756,-5.000000,6.000000,57.451409
0.389726,-0.397398,-0.034085,0.049853,-6.000000,9.000000,57.499631
0.417345,-0.440360,-0.038284,0.059672,-7.000000,10.000000,57.547486
0.443429,-0.481788,-0.041648,0.070525,-7.000000,12.000000,57.595582
0.466444,-0.524750,-0.044677,0.085662,-8.000000,15.000000,57.643478
0.486391,-0.564643,-0.047295,0.099586,-8.000000,17.000000,57.691460
0.504803,-0.599933,-0.049806,0.105470,-9.000000,18.000000,57.739405
0.518612,-0.632154,-0.050603,0.113194,-9.000000,19.000000,57.787487
0.530887,-0.659773,-0.051387,0.119503,-9.000000,20.000000,57.835536
0.541627,-0.682788,-0.053418,0.121969,-9.000000,21.000000,57.883401
0.552368,-0.701200,-0.056238,0.123165,-10.000000,21.000000,57.931625
0.563108,-0.715010,-0.059183,0.123181,-10.000000,21.000000,57.979541
0.573849,-0.728819,-0.062261,0.125896,-11.000000,22.000000,58.027460
0.583055,-0.738025,-0.065007,0.129493,-11.000000,22.000000,58.075613
0.593796,-0.747231,-0.067556,0.133278,-12.000000,23.000000,58.123504
0.603002,-0.756437,-0.070503,0.138538,-12.000000,24.000000,58.171596
0.609139,-0.765643,-0.071761,0.143974,-12.000000,25.000000,58.219560
0.616811,-0.774849,-0.072958,0.148233,-13.000000,25.000000,58.267479
0.618345,-0.779453,-0.071870,0.147632,-12.000000,25.000000,58.315478
0.618345,-0.779453,-0.071111,0.144551,-12.000000,25.000000,58.363409
0.618345,-0.779453,-0.071111,0.144551,-12.000000,25.000000,58.411527
0.619880,-0.779453,-0.071618,0.144551,-12.000000,25.000000,58.459395
0.619880,-0.779453,-0.071618,0.144551,-12.000000,25.000000,58.507367
0.619880,-0.779453,-0.071618,0.144551,-12.000000,25.000000,58.555535
0.618345,-0.779453,-0.071111,0.144551,-12.000000,25.000000,58.603359
0.619880,-0.779453,-0.071618,0.144551,-12.000000,25.000000,58.651537
0.618345,-0.779453,-0.071111,0.144551,-12.000000,25.000000,58.699417
0.618345,-0.779453,-0.071111,0.144551,-12.000000,25.000000,58.747368
0.618345,-0.779453,-0.071111,0.144551,-12.000000,25.000000,58.795389
0.619880,-0.779453,-0.071618,0.144551,-12.000000,25.000000,58.843396
0.618345,-0.779453,-0.071111,0.144551,-12.000000,25.000000,58.891423
0.619880,-0.779453,-0.071618,0.144551,-12.000000,25.000000,58.939526
0.619880,-0.779453,-0.071618,0.144551,-12.000000,25.000000,58.987356
0.618345,-0.779453,-0.071111,0.144551,-12.000000,25.000000,59.035442
0.619880,-0.779453,-0.071618,0.144551,-12.000000,25.000000,59.083412
0.619880,-0.779453,-0.071618,0.144551,-12.000000,25.000000,59.131701
0.618345,-0.779453,-0.071111,0.144551,-12.000000,25.000000,59.179444
0.618345,-0.779453,-0.071111,0.144551,-12.000000,25.000000,59.227649
0.618345,-0.779453,-0.071111,0.144551,-12.000000,25.000000,59.275565
0.618345,-0.779453,-0.071111,0.144551,-12.000000,25.000000,59.323525
0.618345,-0.779453,-0.071111,0.144551,-12.000000,25.000000,59.371424
0.619880,-0.779453,-0.071618,0.144551,-12.000000,25.000000,59.419398
0.618345,-0.779453,-0.071111,0.144551,-12.000000,25.000000,59.467462
0.618345,-0.779453,-0.071111,0.144551,-12.000000,25.000000,59.515404
0.618345,-0.779453,-0.071111,0.144551,-12.000000,25.000000,59.563390
0.619880,-0.779453,-0.071618,0.144551,-12.000000,25.000000,59.611357
0.618345,-0.779453,-0.071111,0.144551,-12.000000,25.000000,59.659357
0.618345,-0.779453,-0.071111,0.144551,-12.000000,25.000000,59.707410
0.618345,-0.779453,-0.071111,0.144551,-12.000000,25.000000,59.755372
0.619880,-0.779453,-0.071618,0.144551,-12.000000,25.000000,59.803461
0.619880,-0.779453,-0.071618,0.144551,-12.000000,25.000000,59.851334
0.618345,-0.779453,-0.071111,0.144551,-12.000000,25.000000,59.899460
0.618345,-0.779453,-0.071111,0.144551,-12.000000,25.000000,59.947313
0.619880,-0.779453,-0.071618,0.144551,-12.000000,25.000000,59.995356
0.619880,-0.779453,-0.071618,0.144551,-12.000000,25.000000,60.043629
0.618345,-0.779453,-0.071111,0.144551,-12.000000,25.000000,60.091328
0.618345,-0.779453,-0.071111,0.144551,-12.000000,25.000000,60.139380
0.618345,-0.779453,-0.071111,0.144551,-12.000000,25.000000,60.187418
0.618345,-0.779453,-0.071111,0.144551,-12.000000,25.000000,60.235467
0.619880,-0.779453,-0.071618,0.144551,-12.000000,25.000000,60.283424
0.619880,-0.779453,-0.071618,0.144551,-12.000000,25.000000,60.331441
0.619880,-0.779453,-0.071618,0.144551,-12.000000,25.000000,60.379330
0.618345,-0.779453,-0.071111,0.144551,-12.000000,25.000000,60.427422
0.618345,-0.779453,-0.071111,0.144551,-12.000000,25.000000,60.475466
0.619880,-0.779453,-0.071618,0.144551,-12.000000,25.000000,60.523473
0.618345,-0.779453,-0.071111,0.144551,-12.000000,25.000000,60.571431
0.619880,-0.779453,-0.071618,0.144551,-12.000000,25.000000,60.619576
0.618345,-0.779453,-0.071111,0.144551,-12.000000,25.000000,60.667274
0.619880,-0.779453,-0.071618,0.144551,-12.000000,25.000000,60.715364
0.619880,-0.779453,-0.071618,0.144551,-12.000000,25.000000,60.763470
0.618345,-0.779453,-0.071111,0.144551,-12.000000,25.000000,60.811364
0.619880,-0.779453,-0.071618,0.144551,-12.000000,25.000000,60.859489
0.618345,-0.779453,-0.071111,0.144551,-12.000000,25.000000,60.907449
0.619880,-0.779453,-0.071618,0.144551,-12.000000,25.000000,60.955384
0.618345,-0.779453,-0.071111,0.144551,-12.000000,25.000000,61.003313
0.618345,-0.779453,-0.071111,0.144551,-12.000000,25.000000,61.051402
0.618345,-0.779453,-0.071111,0.144551,-12.000000,25.000000,61.099554
0.618345,-0.779453,-0.071111,0.144551,-12.000000,25.000000,61.147455
0.618345,-0.779453,-0.071111,0.144551,-12.000000,25.000000,61.195292
0.619880,-0.779453,-0.071618,0.144551,-12.000000,25.000000,61.243426
0.618345,-0.779453,-0.071111,0.144551,-12.000000,25.000000,61.291292
0.618345,-0.779453,-0.071111,0.144551,-12.000000,25.000000,61.339386
0.618345,-0.779453,-0.071111,0.144551,-12.000000,25.000000,61.387421
0.618345,-0.779453,-0.071111,0.144551,-12.000000,25.000000,61.435395
0.619880,-0.779453,-0.071618,0.144551,-12.000000,25.000000,61.483288
0.619880,-0.779453,-0.071618,0.144551,-12.000000,25.000000,61.531457
0.618345,-0.779453,-0.071111,0.144551,-12.000000,25.000000,61.579383
0.618345,-0.779453,-0.071111,0.144551,-12.000000,25.000000,61.627359
0.618345,-0.779453,-0.071111,0.144551,-12.000000,25.000000,61.675479
0.616811,-0.773315,-0.070319,0.139701,-12.000000,24.000000,61.723372
0.609139,-0.762575,-0.067301,0.133517,-12.000000,23.000000,61.771425
0.595330,-0.742628,-0.063571,0.125428,-11.000000,21.000000,61.819410
0.576918,-0.718078,-0.059426,0.118011,-10.000000,20.000000,61.867331
0.556971,-0.685857,-0.054777,0.108044,-9.000000,19.000000,61.915389
0.537024,-0.652101,-0.050127,0.099116,-9.000000,17.000000,61.963589
0.515543,-0.610673,-0.045095,0.087064,-8.000000,15.000000,62.011382
0.494062,-0.569246,-0.041255,0.074146,-7.000000,13.000000,62.059260
0.467978,-0.523215,-0.036895,0.061474,-6.000000,11.000000,62.107359
0.440360,-0.478719,-0.032721,0.050189,-6.000000,9.000000,62.155323
0.409673,-0.435757,-0.028512,0.039669,-5.000000,7.000000,62.203409
0.378986,-0.392795,-0.024775,0.031062,-4.000000,5.000000,62.251486
0.345230,-0.351367,-0.020770,0.024271,-4.000000,4.000000,62.299265
0.308405,-0.311474,-0.016964,0.018620,-3.000000,3.000000,62.347257
0.274650,-0.276184,-0.013760,0.014301,-2.000000,2.000000,62.395296
0.242428,-0.242428,-0.010973,0.010973,-2.000000,2.000000,62.443411
0.213275,-0.216344,-0.008699,0.008684,-1.000000,1.000000,62.491525
0.187191,-0.193329,-0.006815,0.006949,-1.000000,1.000000,62.539389
0.164176,-0.176451,-0.005486,0.005914,-1.000000,1.000000,62.587429
0.145764,-0.164176,-0.004588,0.005270,-1.000000,1.000000,62.635362
0.130420,-0.156504,-0.003897,0.004943,-1.000000,1.000000,62.683258
0.118145,-0.153436,-0.003428,0.004898,-1.000000,1.000000,62.732256
0.107405,-0.154970,-0.003057,0.005078,-1.000000,1.000000,62.779531
0.098199,-0.154970,-0.002770,0.005078,0.000000,1.000000,62.827231
0.093596,-0.154970,-0.002685,0.005078,0.000000,1.000000,62.875410
0.093596,-0.153436,-0.002778,0.005015,0.000000,1.000000,62.923478
0.093596,-0.154970,-0.002816,0.005078,0.000000,1.000000,62.971280
0.093596,-0.154970,-0.002816,0.005078,0.000000,1.000000,63.019293
0.093596,-0.154970,-0.002816,0.005078,0.000000,1.000000,63.067363
0.093596,-0.154970,-0.002816,0.005078,0.000000,1.000000,63.115357
0.093596,-0.154970,-0.002816,0.005078,0.000000,1.000000,63.163389
0.093596,-0.154970,-0.002816,0.005078,0.000000,1.000000,63.211204
0.093596,-0.154970,-0.002816,0.005078,0.000000,1.000000,63.259432
0.092061,-0.153436,-0.002765,0.005015,0.000000,1.000000,63.307290
0.093596,-0.154970,-0.002816,0.005078,0.000000,1.000000,63.355307
0.093596,-0.154970,-0.002816,0.005078,0.000000,1.000000,63.403354
0.093596,-0.154970,-0.002816,0.005078,0.000000,1.000000,63.451268
0.093596,-0.154970,-0.002816,0.005078,0.000000,1.000000,63.499368
0.093596,-0.154970,-0.002816,0.005078,0.000000,1.000000,63.547152
0.093596,-0.154970,-0.002816,0.005078,0.000000,1.000000,63.595306
0.093596,-0.154970,-0.002816,0.005078,0.000000,1.000000,63.643224
0.093596,-0.154970,-0.002816,0.005078,0.000000,1.000000,63.691172
0.093596,-0.154970,-0.002816,0.005078,0.000000,1.000000,63.739397
0.093596,-0.154970,-0.002816,0.005078,0.000000,1.000000,63.787285
0.093596,-0.154970,-0.002816,0.005078,0.000000,1.000000,63.835356
0.093596,-0.154970,-0.002816,0.005078,0.000000,1.000000,63.883198
0.093596,-0.154970,-0.002816,0.005078,0.000000,1.000000,63.931299
0.093596,-0.154970,-0.002816,0.005078,0.000000,1.000000,63.979305
0.093596,-0.154970,-0.002816,0.005078,0.000000,1.000000,64.027233
0.093596,-0.154970,-0.002816,0.005078,0.000000,1.000000,64.075257
0.093596,-0.154970,-0.002816,0.005078,0.000000,1.000000,64.123385
0.093596,-0.154970,-0.002816,0.005078,0.000000,1.000000,64.171359
0.093596,-0.154970,-0.002816,0.005078,0.000000,1.000000,64.219476
0.093596,-0.154970,-0.002816,0.005078,0.000000,1.000000,64.267177
0.092061,-0.154970,-0.002765,0.005078,0.000000,1.000000,64.315290
0.093596,-0.154970,-0.002816,0.005078,0.000000,1.000000,64.363252
0.093596,-0.154970,-0.002816,0.005078,0.000000,1.000000,64.411490
0.093596,-0.154970,-0.002816,0.005078,0.000000,1.000000,64.459300
0.093596,-0.154970,-0.002816,0.005078,0.000000,1.000000,64.507194
0.093596,-0.154970,-0.002816,0.005078,0.000000,1.000000,64.555285
0.093596,-0.154970,-0.002816,0.005078,0.000000,1.000000,64.603202
0.093596,-0.154970,-0.002816,0.005078,0.000000,1.000000,64.651235
0.093596,-0.154970,-0.002816,0.005078,0.000000,1.000000,64.699310
0.093596,-0.154970,-0.002816,0.005078,0.000000,1.000000,64.747464
0.093596,-0.154970,-0.002816,0.005078,0.000000,1.000000,64.795435
0.093596,-0.154970,-0.002816,0.005078,0.000000,1.000000,64.843371
0.093596,-0.154970,-0.002816,0.005078,0.000000,1.000000,64.891357
0.093596,-0.154970,-0.002816,0.005078,0.000000,1.000000,64.939353
0.093596,-0.154970,-0.002816,0.005078,0.000000,1.000000,64.987169
0.093596,-0.154970,-0.002816,0.005078,0.000000,1.000000,65.035239
0.093596,-0.154970,-0.002816,0.005078,0.000000,1.000000,65.083167
0.093596,-0.154970,-0.002816,0.005078,0.000000,1.000000,65.131411
0.093596,-0.154970,-0.002816,0.005078,0.000000,1.000000,65.179198
0.093596,-0.154970,-0.002816,0.005078,0.000000,1.000000,65.227285
0.093596,-0.154970,-0.002816,0.005078,0.000000,1.000000,65.275262
0.093596,-0.154970,-0.002816,0.005078,0.000000,1.000000,65.323316
0.093596,-0.154970,-0.002816,0.005078,0.000000,1.000000,65.371193
0.093596,-0.154970,-0.002816,0.005078,0.000000,1.000000,65.419245
0.093596,-0.154970,-0.002816,0.005078,0.000000,1.000000,65.467163
0.093596,-0.154970,-0.002816,0.005078,0.000000,1.000000,65.515459
0.093596,-0.154970,-0.002816,0.005078,0.000000,1.000000,65.563209
0.093596,-0.154970,-0.002816,0.005078,0.000000,1.000000,65.611253
0.093596,-0.154970,-0.002816,0.005078,0.000000,1.000000,65.659373
0.096664,-0.156504,-0.002959,0.005193,-1.000000,1.000000,65.707281
0.098199,-0.161107,-0.003056,0.005511,-1.000000,1.000000,65.755372
0.108939,-0.173382,-0.003727,0.006511,-1.000000,1.000000,65.803204
0.125817,-0.191794,-0.004834,0.008341,-1.000000,1.000000,65.851289
0.145764,-0.219413,-0.006415,0.011818,-1.000000,2.000000,65.899405
0.170313,-0.251634,-0.008094,0.016425,-1.000000,3.000000,65.947162
0.194863,-0.285390,-0.009827,0.021068,-2.000000,4.000000,65.995216
0.217878,-0.319146,-0.011410,0.026073,-2.000000,4.000000,66.043240
0.240894,-0.357505,-0.013167,0.034632,-2.000000,6.000000,66.091293
0.266978,-0.400467,-0.015397,0.047924,-3.000000,8.000000,66.139305
0.291528,-0.446497,-0.018187,0.063083,-3.000000,11.000000,66.187249
0.317612,-0.490994,-0.021575,0.079511,-4.000000,14.000000,66.235255
0.346764,-0.538559,-0.025910,0.100743,-4.000000,17.000000,66.283296
0.372848,-0.579986,-0.029749,0.111720,-5.000000,19.000000,66.331200
0.397398,-0.616811,-0.033005,0.118702,-6.000000,20.000000,66.379163
0.423482,-0.650567,-0.036857,0.125027,-6.000000,21.000000,66.427303
0.446497,-0.676651,-0.040480,0.125781,-7.000000,22.000000,66.475313
0.466444,-0.695063,-0.042887,0.121961,-7.000000,21.000000,66.523194
0.486391,-0.708872,-0.046393,0.120004,-8.000000,21.000000,66.571180
0.504803,-0.721147,-0.049806,0.121851,-9.000000,21.000000,66.619307
0.521681,-0.730353,-0.052194,0.124075,-9.000000,21.000000,66.667249
0.533956,-0.741094,-0.053651,0.129866,-9.000000,22.000000,66.715160
0.546231,-0.750300,-0.055318,0.135012,-9.000000,23.000000,66.763220
0.558505,-0.757972,-0.058646,0.138146,-10.000000,24.000000,66.811255
0.569246,-0.768712,-0.060926,0.145827,-10.000000,25.000000,66.859258
0.578452,-0.779453,-0.062880,0.153963,-11.000000,26.000000,66.907107
0.586124,-0.790193,-0.064478,0.160913,-11.000000,28.000000,66.955189
0.590727,-0.797865,-0.064087,0.161654,-11.000000,28.000000,67.003254
0.590727,-0.797865,-0.062492,0.156704,-11.000000,27.000000,67.051307
0.590727,-0.797865,-0.062492,0.156057,-11.000000,27.000000,67.099150
0.590727,-0.797865,-0.062492,0.156057,-11.000000,27.000000,67.147269
0.590727,-0.797865,-0.062492,0.156057,-11.000000,27.000000,67.195179
0.590727,-0.797865,-0.062492,0.156057,-11.000000,27.000000,67.243105
0.590727,-0.797865,-0.062492,0.156057,-11.000000,27.000000,67.291391
0.590727,-0.797865,-0.062492,0.156057,-11.000000,27.000000,67.339241
0.590727,-0.797865,-0.062492,0.156057,-11.000000,27.000000,67.387250
0.590727,-0.797865,-0.062492,0.156057,-11.000000,27.000000,67.435175
0.590727,-0.797865,-0.062492,0.156057,-11.000000,27.000000,67.483307
0.590727,-0.797865,-0.062492,0.156057,-11.000000,27.000000,67.531281
0.590727,-0.797865,-0.062492,0.156057,-11.000000,27.000000,67.579136
0.590727,-0.797865,-0.062492,0.156057,-11.000000,27.000000,67.627166
0.590727,-0.797865,-0.062492,0.156057,-11.000000,27.000000,67.675272
0.590727,-0.797865,-0.062492,0.156057,-11.000000,27.000000,67.723138
0.590727,-0.797865,-0.062492,0.156057,-11.000000,27.000000,67.771145
0.590727,-0.797865,-0.062492,0.156057,-11.000000,27.000000,67.819122
0.590727,-0.797865,-0.062492,0.156057,-11.000000,27.000000,67.867114
0.590727,-0.797865,-0.062492,0.156057,-11.000000,27.000000,67.915130
0.590727,-0.797865,-0.062492,0.156057,-11.000000,27.000000,67.963296
0.590727,-0.797865,-0.062492,0.156057,-11.000000,27.000000,68.011207
0.590727,-0.797865,-0.062492,0.156057,-11.000000,27.000000,68.059100
0.590727,-0.797865,-0.062492,0.156057,-11.000000,27.000000,68.107084
0.590727,-0.797865,-0.062492,0.156057,-11.000000,27.000000,68.155065
0.590727,-0.797865,-0.062492,0.156057,-11.000000,27.000000,68.203140
0.590727,-0.797865,-0.062492,0.156057,-11.000000,27.000000,68.251251
0.590727,-0.797865,-0.062492,0.156057,-11.000000,27.000000,68.299091
0.590727,-0.797865,-0.062492,0.156057,-11.000000,27.000000,68.347321
0.590727,-0.797865,-0.062492,0.156057,-11.000000,27.000000,68.395296
0.590727,-0.797865,-0.062492,0.156057,-11.000000,27.000000,68.443207
0.590727,-0.797865,-0.062492,0.156057,-11.000000,27.000000,68.491161
0.590727,-0.797865,-0.062492,0.156057,-11.000000,27.000000,68.539183
0.590727,-0.797865,-0.062492,0.156057,-11.000000,27.000000,68.587145
0.590727,-0.797865,-0.062492,0.156057,-11.000000,27.000000,68.635152
0.590727,-0.797865,-0.062492,0.156057,-11.000000,27.000000,68.683187
0.590727,-0.797865,-0.062492,0.156057,-11.000000,27.000000,68.731389
0.590727,-0.797865,-0.062492,0.156057,-11.000000,27.000000,68.779469
0.590727,-0.797865,-0.062492,0.156057,-11.000000,27.000000,68.827138
0.590727,-0.797865,-0.062492,0.156057,-11.000000,27.000000,68.875193
0.590727,-0.797865,-0.062492,0.156057,-11.000000,27.000000,68.923190
0.590727,-0.797865,-0.062492,0.156057,-11.000000,27.000000,68.971037
0.590727,-0.797865,-0.062492,0.156057,-11.000000,27.000000,69.019052
0.590727,-0.797865,-0.062492,0.156057,-11.000000,27.000000,69.067096
0.590727,-0.797865,-0.062492,0.156057,-11.000000,27.000000,69.115182
0.590727,-0.797865,-0.062492,0.156057,-11.000000,27.000000,69.163232
0.590727,-0.797865,-0.062492,0.156057,-11.000000,27.000000,69.211096
0.590727,-0.797865,-0.062492,0.156057,-11.000000,27.000000,69.259057
0.590727,-0.797865,-0.062492,0.156057,-11.000000,27.000000,69.307180
0.590727,-0.797865,-0.062492,0.156057,-11.000000,27.000000,69.355136
0.590727,-0.797865,-0.062492,0.156057,-11.000000,27.000000,69.403057
0.590727,-0.797865,-0.062492,0.156057,-11.000000,27.000000,69.451150
0.590727,-0.797865,-0.062492,0.156057,-11.000000,27.000000,69.499037
0.590727,-0.797865,-0.062492,0.156057,-11.000000,27.000000,69.547076
0.590727,-0.797865,-0.062492,0.156057,-11.000000,27.000000,69.595155
0.590727,-0.797865,-0.062492,0.156057,-11.000000,27.000000,69.643029
0.590727,-0.797865,-0.062492,0.156057,-11.000000,27.000000,69.691204
0.590727,-0.797865,-0.062492,0.156057,-11.000000,27.000000,69.739145
0.590727,-0.797865,-0.062492,0.156057,-11.000000,27.000000,69.787059
0.590727,-0.797865,-0.062492,0.156057,-11.000000,27.000000,69.835143
0.590727,-0.797865,-0.062492,0.156057,-11.000000,27.000000,69.883119
0.590727,-0.797865,-0.062492,0.156057,-11.000000,27.000000,69.931053
0.590727,-0.797865,-0.062492,0.156057,-11.000000,27.000000,69.979079
0.590727,-0.797865,-0.062492,0.156057,-11.000000,27.000000,70.027152
0.590727,-0.797865,-0.062492,0.156057,-11.000000,27.000000,70.075075
0.590727,-0.797865,-0.062492,0.156057,-11.000000,27.000000,70.123300
0.590727,-0.797865,-0.062492,0.156057,-11.000000,27.000000,70.170962
0.590727,-0.797865,-0.062492,0.156057,-11.000000,27.000000,70.219135
0.590727,-0.797865,-0.062492,0.156057,-11.000000,27.000000,70.267078
0.590727,-0.797865,-0.062492,0.156057,-11.000000,27.000000,70.315237
0.590727,-0.797865,-0.062492,0.156057,-11.000000,27.000000,70.363147
0.590727,-0.797865,-0.062492,0.156057,-11.000000,27.000000,70.411392
0.590727,-0.797865,-0.062492,0.156057,-11.000000,27.000000,70.459010
0.590727,-0.797865,-0.062492,0.156057,-11.000000,27.000000,70.507113
0.590727,-0.797865,-0.062492,0.156057,-11.000000,27.000000,70.555123
0.590727,-0.794796,-0.062492,0.153556,-11.000000,26.000000,70.603118
0.589192,-0.787124,-0.061781,0.147718,-11.000000,25.000000,70.651037
0.583055,-0.771781,-0.059558,0.140499,-10.000000,24.000000,70.699139
0.566177,-0.744162,-0.055546,0.133092,-10.000000,23.000000,70.747069
0.546231,-0.707338,-0.052002,0.124351,-9.000000,21.000000,70.794976
0.521681,-0.661307,-0.047817,0.115526,-8.000000,20.000000,70.843194
0.492528,-0.606070,-0.043277,0.102404,-7.000000,18.000000,70.891171
0.461841,-0.544696,-0.037994,0.085018,-7.000000,15.000000,70.939129
0.429620,-0.477185,-0.032566,0.066392,-6.000000,11.000000,70.987167
0.397398,-0.408139,-0.027407,0.047928,-5.000000,8.000000,71.035196
0.366711,-0.339093,-0.023137,0.032501,-4.000000,6.000000,71.083147
0.336024,-0.277718,-0.019157,0.020865,-3.000000,4.000000,71.131149
0.308405,-0.219413,-0.015655,0.012588,-3.000000,2.000000,71.178991
0.285390,-0.173382,-0.013286,0.007730,-2.000000,1.000000,71.227051
0.263909,-0.136558,-0.011249,0.004773,-2.000000,1.000000,71.275139
0.245497,-0.108939,-0.009887,0.003206,-2.000000,1.000000,71.323028
0.225550,-0.088993,-0.008568,0.002350,-1.000000,0.000000,71.370944
0.208672,-0.075183,-0.007552,0.001926,-1.000000,0.000000,71.419073
0.190260,-0.070580,-0.006589,0.001920,-1.000000,0.000000,71.467069
0.171848,-0.070580,-0.005698,0.002077,-1.000000,0.000000,71.515068
0.154970,-0.070580,-0.004938,0.002077,-1.000000,0.000000,71.562991
0.138092,-0.070580,-0.004211,0.002077,-1.000000,0.000000,71.611034
0.125817,-0.070580,-0.003715,0.002077,-1.000000,0.000000,71.659006
0.112008,-0.072115,-0.003201,0.002125,-1.000000,0.000000,71.707101
0.098199,-0.072115,-0.002716,0.002125,0.000000,0.000000,71.755195
0.088993,-0.072115,-0.002428,0.002125,0.000000,0.000000,71.803153
0.085924,-0.072115,-0.002434,0.002125,0.000000,0.000000,71.851000
0.085924,-0.072115,-0.002564,0.002125,0.000000,0.000000,71.899036
0.085924,-0.072115,-0.002564,0.002125,0.000000,0.000000,71.947074
0.085924,-0.072115,-0.002564,0.002125,0.000000,0.000000,71.995024
0.085924,-0.072115,-0.002564,0.002125,0.000000,0.000000,72.043107
0.085924,-0.072115,-0.002564,0.002125,0.000000,0.000000,72.091104
0.085924,-0.072115,-0.002564,0.002125,0.000000,0.000000,72.139177
0.085924,-0.072115,-0.002564,0.002125,0.000000,0.000000,72.186933
0.085924,-0.072115,-0.002564,0.002125,0.000000,0.000000,72.235102
0.085924,-0.072115,-0.002564,0.002125,0.000000,0.000000,72.282953
0.085924,-0.072115,-0.002564,0.002125,0.000000,0.000000,72.330952
0.085924,-0.073649,-0.002564,0.002173,0.000000,0.000000,72.379052
0.085924,-0.072115,-0.002564,0.002125,0.000000,0.000000,72.426941
0.085924,-0.073649,-0.002564,0.002173,0.000000,0.000000,72.475141
0.085924,-0.073649,-0.002564,0.002173,0.000000,0.000000,72.523030
0.085924,-0.073649,-0.002564,0.002173,0.000000,0.000000,72.570968
0.085924,-0.073649,-0.002564,0.002173,0.000000,0.000000,72.618929
0.085924,-0.073649,-0.002564,0.002173,0.000000,0.000000,72.667095
0.085924,-0.073649,-0.002564,0.002173,0.000000,0.000000,72.715185
0.085924,-0.075183,-0.002564,0.002221,0.000000,0.000000,72.763008
0.085924,-0.075183,-0.002564,0.002221,0.000000,0.000000,72.811193
0.085924,-0.073649,-0.002564,0.002173,0.000000,0.000000,72.859007
0.085924,-0.075183,-0.002564,0.002221,0.000000,0.000000,72.907076
0.085924,-0.075183,-0.002564,0.002221,0.000000,0.000000,72.955055
0.085924,-0.075183,-0.002564,0.002221,0.000000,0.000000,73.003035
0.085924,-0.075183,-0.002564,0.002221,0.000000,0.000000,73.051051
0.085924,-0.075183,-0.002564,0.002221,0.000000,0.000000,73.098986
0.085924,-0.075183,-0.002564,0.002221,0.000000,0.000000,73.146924
0.085924,-0.075183,-0.002564,0.002221,0.000000,0.000000,73.195074
0.085924,-0.075183,-0.002564,0.002221,0.000000,0.000000,73.243030
0.085924,-0.075183,-0.002564,0.002221,0.000000,0.000000,73.290918
0.085924,-0.075183,-0.002564,0.002221,0.000000,0.000000,73.338933
0.085924,-0.075183,-0.002564,0.002221,0.000000,0.000000,73.386917
0.085924,-0.075183,-0.002564,0.002221,0.000000,0.000000,73.435076
0.085924,-0.075183,-0.002564,0.002221,0.000000,0.000000,73.483027
0.085924,-0.076718,-0.002564,0.002270,0.000000,0.000000,73.530982
0.085924,-0.076718,-0.002564,0.002270,0.000000,0.000000,73.578959
0.085924,-0.076718,-0.002564,0.002270,0.000000,0.000000,73.626924
0.085924,-0.076718,-0.002564,0.002270,0.000000,0.000000,73.675100
0.085924,-0.076718,-0.002564,0.002270,0.000000,0.000000,73.722874
0.085924,-0.076718,-0.002564,0.002270,0.000000,0.000000,73.770992
0.085924,-0.075183,-0.002564,0.002221,0.000000,0.000000,73.818941
0.085924,-0.075183,-0.002564,0.002221,0.000000,0.000000,73.866914
0.085924,-0.076718,-0.002564,0.002270,0.000000,0.000000,73.915111
0.087458,-0.076718,-0.002614,0.002270,0.000000,0.000000,73.963031
0.085924,-0.076718,-0.002564,0.002270,0.000000,0.000000,74.011323
0.085924,-0.076718,-0.002564,0.002270,0.000000,0.000000,74.059157
0.085924,-0.075183,-0.002564,0.002221,0.000000,0.000000,74.106939
0.085924,-0.075183,-0.002564,0.002221,0.000000,0.000000,74.154982
0.085924,-0.075183,-0.002564,0.002221,0.000000,0.000000,74.203014
0.087458,-0.075183,-0.002614,0.002221,0.000000,0.000000,74.251000
0.085924,-0.076718,-0.002564,0.002270,0.000000,0.000000,74.299075
0.087458,-0.076718,-0.002614,0.002270,0.000000,0.000000,74.346941
0.085924,-0.075183,-0.002564,0.002221,0.000000,0.000000,74.395049
0.085924,-0.076718,-0.002564,0.002270,0.000000,0.000000,74.442970
0.085924,-0.075183,-0.002564,0.002221,0.000000,0.000000,74.491032
0.085924,-0.076718,-0.002564,0.002270,0.000000,0.000000,74.539152
0.085924,-0.076718,-0.002564,0.002270,0.000000,0.000000,74.586892
0.085924,-0.076718,-0.002564,0.002270,0.000000,0.000000,74.635031
0.085924,-0.076718,-0.002564,0.002270,0.000000,0.000000,74.682991
0.087458,-0.076718,-0.002614,0.002270,0.000000,0.000000,74.730938
0.087458,-0.078252,-0.002614,0.002318,0.000000,0.000000,74.779070
0.090527,-0.079786,-0.002755,0.002406,0.000000,0.000000,74.827055
0.095130,-0.084390,-0.003052,0.002643,-1.000000,0.000000,74.875016
0.108939,-0.096664,-0.003880,0.003355,-1.000000,1.000000,74.922974
0.127351,-0.112008,-0.005260,0.004375,-1.000000,1.000000,74.970920
0.156504,-0.136558,-0.008172,0.006291,-1.000000,1.000000,75.018975
0.191794,-0.165710,-0.012368,0.008978,-2.000000,2.000000,75.067221
0.233222,-0.199466,-0.018510,0.012620,-3.000000,2.000000,75.114889
0.274650,-0.237825,-0.024883,0.017937,-4.000000,3.000000,75.162967
0.316077,-0.280787,-0.031160,0.025010,-5.000000,4.000000,75.210830
0.360574,-0.323749,-0.039264,0.032451,-7.000000,6.000000,75.259578
0.400467,-0.366711,-0.046646,0.041642,-8.000000,7.000000,75.306969
0.437291,-0.411207,-0.051560,0.053317,-9.000000,9.000000,75.355017
0.467978,-0.452635,-0.054027,0.061580,-9.000000,11.000000,75.402863
0.492528,-0.490994,-0.052907,0.068148,-9.000000,12.000000,75.450928
0.510940,-0.524750,-0.051303,0.073879,-9.000000,13.000000,75.498881
0.523215,-0.556971,-0.050948,0.081527,-9.000000,14.000000,75.546897
0.533956,-0.586124,-0.051480,0.086870,-9.000000,15.000000,75.595131
0.544696,-0.612208,-0.053560,0.093506,-9.000000,16.000000,75.642903
0.553902,-0.636757,-0.055976,0.102048,-10.000000,17.000000,75.690952
0.564643,-0.659773,-0.058911,0.108584,-10.000000,19.000000,75.738975
0.573849,-0.678185,-0.060860,0.111649,-10.000000,19.000000,75.787045
0.579986,-0.691994,-0.062016,0.110152,-11.000000,19.000000,75.834969
0.584589,-0.702735,-0.062262,0.112594,-11.000000,19.000000,75.882981
0.586124,-0.711941,-0.061821,0.114660,-11.000000,20.000000,75.931006
0.587658,-0.719613,-0.061904,0.117374,-11.000000,20.000000,75.979014
0.589192,-0.728819,-0.062355,0.122098,-11.000000,21.000000,76.026955
0.589192,-0.736491,-0.062041,0.125060,-11.000000,21.000000,76.074934
0.590727,-0.744162,-0.062492,0.129206,-11.000000,22.000000,76.123072
0.592261,-0.756437,-0.062946,0.139924,-11.000000,24.000000,76.170930
0.592261,-0.771781,-0.062946,0.154211,-11.000000,26.000000,76.218950
0.593796,-0.784056,-0.063403,0.162167,-11.000000,28.000000,76.267196
0.592261,-0.794796,-0.062946,0.163973,-11.000000,28.000000,76.314953
0.592261,-0.797865,-0.062946,0.157464,-11.000000,27.000000,76.362974
0.592261,-0.796330,-0.062946,0.155069,-11.000000,27.000000,76.410946
0.592261,-0.796330,-0.062946,0.155069,-11.000000,27.000000,76.459076
0.593796,-0.796330,-0.063403,0.155069,-11.000000,27.000000,76.506861
0.592261,-0.796330,-0.062946,0.155069,-11.000000,27.000000,76.555004
0.592261,-0.796330,-0.062946,0.155069,-11.000000,27.000000,76.602822
0.592261,-0.797865,-0.062946,0.156057,-11.000000,27.000000,76.650971
0.592261,-0.796330,-0.062946,0.155069,-11.000000,27.000000,76.699023
0.592261,-0.796330,-0.062946,0.155069,-11.000000,27.000000,76.746996
0.592261,-0.796330,-0.062946,0.155069,-11.000000,27.000000,76.794971
0.592261,-0.796330,-0.062946,0.155069,-11.000000,27.000000,76.842923
0.592261,-0.796330,-0.062946,0.155069,-11.000000,27.000000,76.891092
0.592261,-0.796330,-0.062946,0.155069,-11.000000,27.000000,76.939003
0.592261,-0.796330,-0.062946,0.155069,-11.000000,27.000000,76.986890
0.593796,-0.796330,-0.063403,0.155069,-11.000000,27.000000,77.035006
0.592261,-0.796330,-0.062946,0.155069,-11.000000,27.000000,77.082857
0.592261,-0.796330,-0.062946,0.155069,-11.000000,27.000000,77.131038
0.592261,-0.796330,-0.062946,0.155069,-11.000000,27.000000,77.178925
0.592261,-0.797865,-0.062946,0.156057,-11.000000,27.000000,77.226925
0.592261,-0.796330,-0.062946,0.155069,-11.000000,27.000000,77.274906
0.592261,-0.796330,-0.062946,0.155069,-11.000000,27.000000,77.322947
0.592261,-0.796330,-0.062946,0.155069,-11.000000,27.000000,77.370831
0.592261,-0.796330,-0.062946,0.155069,-11.000000,27.000000,77.418810
0.592261,-0.796330,-0.062946,0.155069,-11.000000,27.000000,77.466989
0.592261,-0.796330,-0.062946,0.155069,-11.000000,27.000000,77.514862
0.592261,-0.796330,-0.062946,0.155069,-11.000000,27.000000,77.562857
0.593796,-0.796330,-0.063403,0.155069,-11.000000,27.000000,77.610959
0.592261,-0.796330,-0.062946,0.155069,-11.000000,27.000000,77.659338
0.592261,-0.796330,-0.062946,0.155069,-11.000000,27.000000,77.706792
0.592261,-0.796330,-0.062946,0.155069,-11.000000,27.000000,77.754980
0.592261,-0.796330,-0.062946,0.155069,-11.000000,27.000000,77.802931
0.592261,-0.796330,-0.062946,0.155069,-11.000000,27.000000,77.850974
0.593796,-0.796330,-0.063403,0.155069,-11.000000,27.000000,77.898812
0.592261,-0.796330,-0.062946,0.155069,-11.000000,27.000000,77.946955
0.592261,-0.796330,-0.062946,0.155069,-11.000000,27.000000,77.994851
0.593796,-0.796330,-0.063403,0.155069,-11.000000,27.000000,78.042875
0.592261,-0.796330,-0.062946,0.155069,-11.000000,27.000000,78.090870
0.592261,-0.796330,-0.062946,0.155069,-11.000000,27.000000,78.138922
0.592261,-0.796330,-0.062946,0.155069,-11.000000,27.000000,78.186925
0.592261,-0.796330,-0.062946,0.155069,-11.000000,27.000000,78.234850
0.592261,-0.796330,-0.062946,0.155069,-11.000000,27.000000,78.282946
0.592261,-0.796330,-0.062946,0.155069,-11.000000,27.000000,78.330893
0.592261,-0.796330,-0.062946,0.155069,-11.000000,27.000000,78.378890
0.592261,-0.796330,-0.062946,0.155069,-11.000000,27.000000,78.426807
0.592261,-0.796330,-0.062946,0.155069,-11.000000,27.000000,78.474812
0.592261,-0.796330,-0.062946,0.155069,-11.000000,27.000000,78.523066
0.592261,-0.796330,-0.062946,0.155069,-11.000000,27.000000,78.570972
0.592261,-0.796330,-0.062946,0.155069,-11.000000,27.000000,78.618834
0.592261,-0.796330,-0.062946,0.155069,-11.000000,27.000000,78.666846
0.592261,-0.796330,-0.062946,0.155069,-11.000000,27.000000,78.714802
0.592261,-0.796330,-0.062946,0.155069,-11.000000,27.000000,78.762930
0.592261,-0.796330,-0.062946,0.155069,-11.000000,27.000000,78.810968
0.592261,-0.796330,-0.062946,0.155069,-11.000000,27.000000,78.858880
0.592261,-0.796330,-0.062946,0.155069,-11.000000,27.000000,78.906932
0.592261,-0.796330,-0.062946,0.155069,-11.000000,27.000000,78.954927
0.592261,-0.796330,-0.062946,0.155069,-11.000000,27.000000,79.002838
0.592261,-0.796330,-0.062946,0.155069,-11.000000,27.000000,79.050991
0.592261,-0.796330,-0.062946,0.155069,-11.000000,27.000000,79.098877
0.592261,-0.796330,-0.062946,0.155069,-11.000000,27.000000,79.146903
0.592261,-0.796330,-0.062946,0.155069,-11.000000,27.000000,79.194900
0.592261,-0.796330,-0.062946,0.155069,-11.000000,27.000000,79.242808
0.592261,-0.796330,-0.062946,0.155069,-11.000000,27.000000,79.290916
0.592261,-0.796330,-0.062946,0.155069,-11.000000,27.000000,79.338868
0.592261,-0.796330,-0.062946,0.155069,-11.000000,27.000000,79.386948
0.593796,-0.796330,-0.063403,0.155069,-11.000000,27.000000,79.434875
0.592261,-0.796330,-0.062946,0.155069,-11.000000,27.000000,79.482763
0.592261,-0.796330,-0.062946,0.155069,-11.000000,27.000000,79.530752
0.592261,-0.797865,-0.062946,0.156057,-11.000000,27.000000,79.578782
0.592261,-0.796330,-0.062946,0.155069,-11.000000,27.000000,79.626867
0.590727,-0.793262,-0.062231,0.152582,-11.000000,26.000000,79.674900
0.584589,-0.784056,-0.059994,0.145839,-10.000000,25.000000,79.722889
0.573849,-0.767178,-0.057221,0.138444,-10.000000,24.000000,79.770794
0.556971,-0.741094,-0.053673,0.131378,-9.000000,23.000000,79.818779
0.535490,-0.705803,-0.049752,0.120547,-9.000000,21.000000,79.866777
0.512475,-0.665910,-0.045234,0.112825,-8.000000,19.000000,79.914741
0.487925,-0.616811,-0.040838,0.099400,-7.000000,17.000000,79.962949
0.461841,-0.563108,-0.036155,0.082894,-6.000000,14.000000,80.010781
0.432688,-0.504803,-0.031818,0.067003,-5.000000,11.000000,80.058760
0.402001,-0.448032,-0.027356,0.051285,-5.000000,9.000000,80.106692
0.371314,-0.388192,-0.023740,0.037953,-4.000000,7.000000,80.154867
0.336024,-0.328352,-0.019694,0.026972,-3.000000,5.000000,80.202789
0.299199,-0.273115,-0.016274,0.018212,-3.000000,3.000000,80.250729
0.263909,-0.219413,-0.013022,0.011892,-2.000000,2.000000,80.298815
0.228619,-0.174917,-0.010388,0.007646,-2.000000,1.000000,80.346890
0.193329,-0.135023,-0.007856,0.004734,-1.000000,1.000000,80.394892
0.159573,-0.105871,-0.005737,0.003085,-1.000000,1.000000,80.442845
0.130420,-0.082855,-0.004182,0.002117,-1.000000,0.000000,80.490809
0.104336,-0.069046,-0.002959,0.001707,-1.000000,0.000000,80.538938
0.084390,-0.065977,-0.002184,0.001805,0.000000,0.000000,80.586881
0.065977,-0.065977,-0.001556,0.001934,0.000000,0.000000,80.635043
0.056771,-0.065977,-0.001394,0.001934,0.000000,0.000000,80.682848
0.056771,-0.065977,-0.001618,0.001934,0.000000,0.000000,80.730889
0.056771,-0.065977,-0.001653,0.001934,0.000000,0.000000,80.778999
0.058306,-0.065977,-0.001700,0.001934,0.000000,0.000000,80.826657
0.058306,-0.067512,-0.001700,0.001982,0.000000,0.000000,80.874845
0.058306,-0.067512,-0.001700,0.001982,0.000000,0.000000,80.922734
0.058306,-0.067512,-0.001700,0.001982,0.000000,0.000000,80.970855
0.058306,-0.067512,-0.001700,0.001982,0.000000,0.000000,81.018905
0.058306,-0.067512,-0.001700,0.001982,0.000000,0.000000,81.066974
0.058306,-0.067512,-0.001700,0.001982,0.000000,0.000000,81.114778
0.058306,-0.067512,-0.001700,0.001982,0.000000,0.000000,81.162622
0.058306,-0.067512,-0.001700,0.001982,0.000000,0.000000,81.211247
0.058306,-0.067512,-0.001700,0.001982,0.000000,0.000000,81.258753
0.058306,-0.067512,-0.001700,0.001982,0.000000,0.000000,81.306677
0.058306,-0.067512,-0.001700,0.001982,0.000000,0.000000,81.354710
0.058306,-0.067512,-0.001700,0.001982,0.000000,0.000000,81.402808
0.058306,-0.067512,-0.001700,0.001982,0.000000,0.000000,81.450847
0.058306,-0.069046,-0.001700,0.002029,0.000000,0.000000,81.498662
0.058306,-0.067512,-0.001700,0.001982,0.000000,0.000000,81.546815
0.058306,-0.067512,-0.001700,0.001982,0.000000,0.000000,81.594842
0.058306,-0.067512,-0.001700,0.001982,0.000000,0.000000,81.642860
0.058306,-0.067512,-0.001700,0.001982,0.000000,0.000000,81.690870
0.058306,-0.067512,-0.001700,0.001982,0.000000,0.000000,81.738765
0.058306,-0.067512,-0.001700,0.001982,0.000000,0.000000,81.786828
0.058306,-0.067512,-0.001700,0.001982,0.000000,0.000000,81.834771
0.058306,-0.067512,-0.001700,0.001982,0.000000,0.000000,81.882742
0.058306,-0.067512,-0.001700,0.001982,0.000000,0.000000,81.930874
0.058306,-0.069046,-0.001700,0.002029,0.000000,0.000000,81.978787
0.058306,-0.069046,-0.001700,0.002029,0.000000,0.000000,82.026785
0.058306,-0.069046,-0.001700,0.002029,0.000000,0.000000,82.074792
0.058306,-0.069046,-0.001700,0.002029,0.000000,0.000000,82.122774
0.058306,-0.069046,-0.001700,0.002029,0.000000,0.000000,82.170832
0.058306,-0.069046,-0.001700,0.002029,0.000000,0.000000,82.218901
0.058306,-0.069046,-0.001700,0.002029,0.000000,0.000000,82.266775
0.058306,-0.070580,-0.001700,0.002077,0.000000,0.000000,82.314765
0.058306,-0.070580,-0.001700,0.002077,0.000000,0.000000,82.362824
0.058306,-0.070580,-0.001700,0.002077,0.000000,0.000000,82.410730
0.058306,-0.070580,-0.001700,0.002077,0.000000,0.000000,82.458683
0.058306,-0.072115,-0.001700,0.002125,0.000000,0.000000,82.506769
0.058306,-0.072115,-0.001700,0.002125,0.000000,0.000000,82.554774
0.058306,-0.072115,-0.001700,0.002125,0.000000,0.000000,82.602774
0.058306,-0.072115,-0.001700,0.002125,0.000000,0.000000,82.650732
0.058306,-0.072115,-0.001700,0.002125,0.000000,0.000000,82.698673
0.058306,-0.073649,-0.001700,0.002173,0.000000,0.000000,82.746851
0.058306,-0.073649,-0.001700,0.002173,0.000000,0.000000,82.794784
0.058306,-0.073649,-0.001700,0.002173,0.000000,0.000000,82.842644
0.058306,-0.073649,-0.001700,0.002173,0.000000,0.000000,82.890724
0.058306,-0.075183,-0.001700,0.002221,0.000000,0.000000,82.938724
0.058306,-0.075183,-0.001700,0.002221,0.000000,0.000000,82.987231
0.058306,-0.075183,-0.001700,0.002221,0.000000,0.000000,83.035141
0.058306,-0.075183,-0.001700,0.002221,0.000000,0.000000,83.082805
0.058306,-0.076718,-0.001700,0.002270,0.000000,0.000000,83.130756
0.058306,-0.076718,-0.001700,0.002270,0.000000,0.000000,83.178801
0.058306,-0.076718,-0.001700,0.002270,0.000000,0.000000,83.226702
0.059840,-0.078252,-0.001747,0.002318,0.000000,0.000000,83.275004
0.059840,-0.079786,-0.001747,0.002367,0.000000,0.000000,83.322804
0.059840,-0.079786,-0.001747,0.002367,0.000000,0.000000,83.370772
0.059840,-0.079786,-0.001747,0.002367,0.000000,0.000000,83.418752
0.059840,-0.081321,-0.001747,0.002416,0.000000,0.000000,83.466691
0.059840,-0.081321,-0.001747,0.002416,0.000000,0.000000,83.514736
0.059840,-0.081321,-0.001747,0.002416,0.000000,0.000000,83.562650
0.059840,-0.082855,-0.001747,0.002465,0.000000,0.000000,83.610674
0.059840,-0.082855,-0.001747,0.002465,0.000000,0.000000,83.658595
0.061374,-0.084390,-0.001793,0.002515,0.000000,0.000000,83.706724
0.062909,-0.085924,-0.001878,0.002604,0.000000,0.000000,83.754723
0.067512,-0.092061,-0.002103,0.002948,0.000000,1.000000,83.802571
0.079786,-0.104336,-0.002770,0.003709,0.000000,1.000000,83.850661
0.095130,-0.121214,-0.003621,0.004753,-1.000000,1.000000,83.898670
0.115077,-0.145764,-0.004853,0.006758,-1.000000,1.000000,83.946855
0.138092,-0.173382,-0.006368,0.009208,-1.000000,2.000000,83.994716
0.162642,-0.205604,-0.007866,0.012395,-1.000000,2.000000,84.042822
0.187191,-0.242428,-0.009583,0.017905,-2.000000,3.000000,84.090735
0.216344,-0.286924,-0.012551,0.026627,-2.000000,5.000000,84.138715
0.248566,-0.332955,-0.016579,0.037071,-3.000000,6.000000,84.186684
0.283856,-0.385123,-0.020887,0.053903,-4.000000,9.000000,84.234718
0.317612,-0.437291,-0.025858,0.072961,-4.000000,13.000000,84.282679
0.349833,-0.487925,-0.029131,0.089421,-5.000000,15.000000,84.330821
0.378986,-0.535490,-0.032249,0.101977,-6.000000,17.000000,84.378842
0.400467,-0.576918,-0.032050,0.107600,-5.000000,18.000000,84.426632
0.417345,-0.609139,-0.032184,0.104860,-6.000000,18.000000,84.474636
0.431154,-0.636757,-0.032180,0.106161,-6.000000,18.000000,84.522733
0.443429,-0.659773,-0.033741,0.110586,-6.000000,19.000000,84.570929
0.457238,-0.678185,-0.036203,0.111649,-6.000000,19.000000,84.618825
0.471047,-0.691994,-0.038817,0.111625,-7.000000,19.000000,84.666694
0.486391,-0.705803,-0.042549,0.116898,-7.000000,20.000000,84.714853
0.501734,-0.718078,-0.046617,0.120265,-8.000000,21.000000,84.762749
0.517078,-0.728819,-0.050229,0.124532,-9.000000,21.000000,84.810798
0.530887,-0.738025,-0.052866,0.128189,-9.000000,22.000000,84.858748
0.543162,-0.747231,-0.055262,0.132036,-9.000000,23.000000,84.906827
0.555437,-0.757972,-0.057799,0.140825,-10.000000,24.000000,84.954700
0.566177,-0.770246,-0.060049,0.149772,-10.000000,26.000000,85.002711
0.578452,-0.784056,-0.063621,0.160295,-11.000000,27.000000,85.050716
0.586124,-0.794796,-0.065182,0.163973,-11.000000,28.000000,85.098578
0.590727,-0.799399,-0.064087,0.162674,-11.000000,28.000000,85.146674
0.590727,-0.799399,-0.062492,0.157050,-11.000000,27.000000,85.194683
0.590727,-0.799399,-0.062492,0.157050,-11.000000,27.000000,85.242670
0.590727,-0.799399,-0.062492,0.157050,-11.000000,27.000000,85.290797
0.590727,-0.799399,-0.062492,0.157050,-11.000000,27.000000,85.338778
0.590727,-0.799399,-0.062492,0.157050,-11.000000,27.000000,85.387249
0.590727,-0.799399,-0.062492,0.157050,-11.000000,27.000000,85.434695
0.590727,-0.799399,-0.062492,0.157050,-11.000000,27.000000,85.482632
0.590727,-0.799399,-0.062492,0.157050,-11.000000,27.000000,85.530715
0.590727,-0.799399,-0.062492,0.157050,-11.000000,27.000000,85.578627
0.590727,-0.799399,-0.062492,0.157050,-11.000000,27.000000,85.626717
0.590727,-0.799399,-0.062492,0.157050,-11.000000,27.000000,85.674627
0.590727,-0.799399,-0.062492,0.157050,-11.000000,27.000000,85.722679
0.590727,-0.799399,-0.062492,0.157050,-11.000000,27.000000,85.770701
0.590727,-0.799399,-0.062492,0.157050,-11.000000,27.000000,85.818640
0.590727,-0.799399,-0.062492,0.157050,-11.000000,27.000000,85.866617
0.590727,-0.799399,-0.062492,0.157050,-11.000000,27.000000,85.914862
0.590727,-0.799399,-0.062492,0.157050,-11.000000,27.000000,85.962683
0.590727,-0.799399,-0.062492,0.157050,-11.000000,27.000000,86.010615
0.590727,-0.799399,-0.062492,0.157050,-11.000000,27.000000,86.058646
0.590727,-0.799399,-0.062492,0.157050,-11.000000,27.000000,86.106479
0.590727,-0.799399,-0.062492,0.157050,-11.000000,27.000000,86.154737
0.590727,-0.799399,-0.062492,0.157050,-11.000000,27.000000,86.202760
0.590727,-0.799399,-0.062492,0.157050,-11.000000,27.000000,86.250651
0.590727,-0.799399,-0.062492,0.157050,-11.000000,27.000000,86.298586
0.590727,-0.797865,-0.062492,0.156057,-11.000000,27.000000,86.346587
0.590727,-0.799399,-0.062492,0.157050,-11.000000,27.000000,86.394725
0.590727,-0.799399,-0.062492,0.157050,-11.000000,27.000000,86.442668
0.590727,-0.799399,-0.062492,0.157050,-11.000000,27.000000,86.490597
0.590727,-0.799399,-0.062492,0.157050,-11.000000,27.000000,86.538524
0.590727,-0.799399,-0.062492,0.157050,-11.000000,27.000000,86.586689
0.590727,-0.799399,-0.062492,0.157050,-11.000000,27.000000,86.634712
0.590727,-0.799399,-0.062492,0.157050,-11.000000,27.000000,86.682716
0.590727,-0.799399,-0.062492,0.157050,-11.000000,27.000000,86.730610
0.590727,-0.799399,-0.062492,0.157050,-11.000000,27.000000,86.778577
0.590727,-0.799399,-0.062492,0.157050,-11.000000,27.000000,86.826627
0.590727,-0.799399,-0.062492,0.157050,-11.000000,27.000000,86.874544
0.590727,-0.799399,-0.062492,0.157050,-11.000000,27.000000,86.922593
0.590727,-0.799399,-0.062492,0.157050,-11.000000,27.000000,86.970574
0.590727,-0.799399,-0.062492,0.157050,-11.000000,27.000000,87.018742
0.590727,-0.799399,-0.062492,0.157050,-11.000000,27.000000,87.066522
0.590727,-0.797865,-0.062492,0.156057,-11.000000,27.000000,87.114659
0.590727,-0.799399,-0.062492,0.157050,-11.000000,27.000000,87.162566
0.590727,-0.799399,-0.062492,0.157050,-11.000000,27.000000,87.210659
0.590727,-0.799399,-0.062492,0.157050,-11.000000,27.000000,87.258612
0.590727,-0.799399,-0.062492,0.157050,-11.000000,27.000000,87.306608
0.589192,-0.799399,-0.062041,0.157050,-11.000000,27.000000,87.354906
0.590727,-0.799399,-0.062492,0.157050,-11.000000,27.000000,87.402670
0.590727,-0.799399,-0.062492,0.157050,-11.000000,27.000000,87.450635
0.590727,-0.799399,-0.062492,0.157050,-11.000000,27.000000,87.498534
0.590727,-0.799399,-0.062492,0.157050,-11.000000,27.000000,87.546660
0.590727,-0.799399,-0.062492,0.157050,-11.000000,27.000000,87.594618
0.590727,-0.799399,-0.062492,0.157050,-11.000000,27.000000,87.642661
0.590727,-0.799399,-0.062492,0.157050,-11.000000,27.000000,87.690640
0.590727,-0.799399,-0.062492,0.157050,-11.000000,27.000000,87.738514
0.590727,-0.799399,-0.062492,0.157050,-11.000000,27.000000,87.786670
0.590727,-0.799399,-0.062492,0.157050,-11.000000,27.000000,87.834519
0.590727,-0.799399,-0.062492,0.157050,-11.000000,27.000000,87.882584
0.590727,-0.799399,-0.062492,0.157050,-11.000000,27.000000,87.930580
0.590727,-0.799399,-0.062492,0.157050,-11.000000,27.000000,87.978481
0.590727,-0.799399,-0.062492,0.157050,-11.000000,27.000000,88.026630
0.590727,-0.799399,-0.062492,0.157050,-11.000000,27.000000,88.074518
0.590727,-0.799399,-0.062492,0.157050,-11.000000,27.000000,88.122544
0.590727,-0.799399,-0.062492,0.157050,-11.000000,27.000000,88.170508
0.590727,-0.799399,-0.062492,0.157050,-11.000000,27.000000,88.219098
0.590727,-0.799399,-0.062492,0.157050,-11.000000,27.000000,88.266561
0.590727,-0.799399,-0.062492,0.157050,-11.000000,27.000000,88.314624
0.590727,-0.799399,-0.062492,0.157050,-11.000000,27.000000,88.362675
0.590727,-0.799399,-0.062492,0.157050,-11.000000,27.000000,88.410645
0.589192,-0.799399,-0.062041,0.157050,-11.000000,27.000000,88.458646
0.590727,-0.799399,-0.062492,0.157050,-11.000000,27.000000,88.506661
0.590727,-0.799399,-0.062492,0.157050,-11.000000,27.000000,88.554617
0.590727,-0.799399,-0.062492,0.157050,-11.000000,27.000000,88.602731
0.589192,-0.797865,-0.062041,0.155521,-11.000000,27.000000,88.650723
0.587658,-0.791727,-0.061334,0.150679,-11.000000,26.000000,88.698575
0.579986,-0.774849,-0.058644,0.141755,-10.000000,24.000000,88.746587
0.567711,-0.750300,-0.055737,0.135351,-10.000000,23.000000,88.794645
0.547765,-0.715010,-0.051646,0.126896,-9.000000,22.000000,88.842644
0.526284,-0.670513,-0.047975,0.116759,-8.000000,20.000000,88.890610
0.500200,-0.618345,-0.043436,0.104835,-7.000000,18.000000,88.938580
0.471047,-0.560040,-0.038820,0.087078,-7.000000,15.000000,88.986517
0.440360,-0.495597,-0.033993,0.069368,-6.000000,12.000000,89.034576
0.408139,-0.429620,-0.029045,0.051274,-5.000000,9.000000,89.082628
0.374383,-0.363642,-0.024490,0.036355,-4.000000,6.000000,89.130561
0.339093,-0.303802,-0.020336,0.024319,-3.000000,4.000000,89.178572
0.305337,-0.245497,-0.016652,0.015295,-3.000000,3.000000,89.226492
0.273115,-0.197932,-0.013436,0.009735,-2.000000,2.000000,89.274468
0.239359,-0.159573,-0.010745,0.006215,-2.000000,1.000000,89.322550
0.208672,-0.128886,-0.008513,0.004178,-1.000000,1.000000,89.370622
0.177985,-0.105871,-0.006600,0.003011,-1.000000,1.000000,89.418600
0.148832,-0.088993,-0.005023,0.002366,-1.000000,0.000000,89.466379
0.122748,-0.079786,-0.003750,0.002125,-1.000000,0.000000,89.514642
0.098199,-0.078252,-0.002706,0.002217,0.000000,0.000000,89.562594
0.078252,-0.078252,-0.001971,0.002318,0.000000,0.000000,89.610624
0.069046,-0.078252,-0.001741,0.002318,0.000000,0.000000,89.658481
0.065977,-0.078252,-0.001834,0.002318,0.000000,0.000000,89.706490
0.065977,-0.078252,-0.001934,0.002318,0.000000,0.000000,89.754468
0.065977,-0.078252,-0.001934,0.002318,0.000000,0.000000,89.803057
0.065977,-0.078252,-0.001934,0.002318,0.000000,0.000000,89.850551
0.065977,-0.078252,-0.001934,0.002318,0.000000,0.000000,89.898573
0.067512,-0.078252,-0.001982,0.002318,0.000000,0.000000,89.946596
0.067512,-0.079786,-0.001982,0.002367,0.000000,0.000000,89.994682
