Trial-ID,Status,Iteration,activation,batch_size,dropout,learning_rate,num_hidden_units,Objective,avg_train_loss
7,BEST,134,elu,16,0.36197882315622865,0.0004595184841960147,47,0.1144276731647551,0.13268755925498132
1,INTERMEDIATE,0,elu,16,0.3278383074127617,0.0001846722502785,35,0.68955397605896,0.691143562053812
1,INTERMEDIATE,1,elu,16,0.3278383074127617,0.0001846722502785,35,0.684022344648838,0.6859454615362759
1,INTERMEDIATE,2,elu,16,0.3278383074127617,0.0001846722502785,35,0.6798413023352623,0.6822898100162375
1,INTERMEDIATE,3,elu,16,0.3278383074127617,0.0001846722502785,35,0.6677556559443474,0.67534856755158
1,INTERMEDIATE,4,elu,16,0.3278383074127617,0.0001846722502785,35,0.6667027994990349,0.6703736227134178
1,INTERMEDIATE,5,elu,16,0.3278383074127617,0.0001846722502785,35,0.6551695466041565,0.6609601563420789
1,INTERMEDIATE,6,elu,16,0.3278383074127617,0.0001846722502785,35,0.6524978950619698,0.6486593382111911
1,INTERMEDIATE,7,elu,16,0.3278383074127617,0.0001846722502785,35,0.6398598775267601,0.638390839099884
1,INTERMEDIATE,8,elu,16,0.3278383074127617,0.0001846722502785,35,0.5891468226909637,0.6143159927992985
1,INTERMEDIATE,9,elu,16,0.3278383074127617,0.0001846722502785,35,0.5697226338088512,0.5770692701997429
1,INTERMEDIATE,10,elu,16,0.3278383074127617,0.0001846722502785,35,0.4774045832455158,0.5371702200379865
1,INTERMEDIATE,11,elu,16,0.3278383074127617,0.0001846722502785,35,0.4695860296487808,0.5014404048179758
1,INTERMEDIATE,12,elu,16,0.3278383074127617,0.0001846722502785,35,0.4857045151293278,0.4663893107710213
1,INTERMEDIATE,13,elu,16,0.3278383074127617,0.0001846722502785,35,0.3985810447484255,0.4419465383578991
1,INTERMEDIATE,14,elu,16,0.3278383074127617,0.0001846722502785,35,0.3906809259206056,0.4406319404470509
1,INTERMEDIATE,15,elu,16,0.3278383074127617,0.0001846722502785,35,0.4747654944658279,0.4300847382381044
1,INTERMEDIATE,16,elu,16,0.3278383074127617,0.0001846722502785,35,0.3979394175112247,0.3973868725628688
1,INTERMEDIATE,17,elu,16,0.3278383074127617,0.0001846722502785,35,0.4184707291424274,0.4013110049839677
1,INTERMEDIATE,18,elu,16,0.3278383074127617,0.0001846722502785,35,0.369704695418477,0.388294272895517
1,INTERMEDIATE,19,elu,16,0.3278383074127617,0.0001846722502785,35,0.3711932580918073,0.3776474076098409
1,INTERMEDIATE,20,elu,16,0.3278383074127617,0.0001846722502785,35,0.3816815093159675,0.3757668394466926
1,INTERMEDIATE,21,elu,16,0.3278383074127617,0.0001846722502785,35,0.3490607859566808,0.3749789318134044
1,INTERMEDIATE,22,elu,16,0.3278383074127617,0.0001846722502785,35,0.3367998618632555,0.3786813508847664
1,INTERMEDIATE,23,elu,16,0.3278383074127617,0.0001846722502785,35,0.372160566970706,0.3678333656541232
1,INTERMEDIATE,24,elu,16,0.3278383074127617,0.0001846722502785,35,0.4403570629656315,0.3702332444232085
1,INTERMEDIATE,25,elu,16,0.3278383074127617,0.0001846722502785,35,0.3525622170418501,0.3947677391356435
1,INTERMEDIATE,26,elu,16,0.3278383074127617,0.0001846722502785,35,0.3218495808541775,0.3616936684682451
1,INTERMEDIATE,27,elu,16,0.3278383074127617,0.0001846722502785,35,0.3096785368397832,0.3511939459833605
1,INTERMEDIATE,28,elu,16,0.3278383074127617,0.0001846722502785,35,0.3851308096200228,0.346734391204242
1,INTERMEDIATE,29,elu,16,0.3278383074127617,0.0001846722502785,35,0.298497611656785,0.3461680052609279
1,INTERMEDIATE,30,elu,16,0.3278383074127617,0.0001846722502785,35,0.3292885832488537,0.3441992219665954
1,INTERMEDIATE,31,elu,16,0.3278383074127617,0.0001846722502785,35,0.3584368694573641,0.3319677828714765
1,INTERMEDIATE,32,elu,16,0.3278383074127617,0.0001846722502785,35,0.2973990477621555,0.3476494661179082
1,INTERMEDIATE,33,elu,16,0.3278383074127617,0.0001846722502785,35,0.2768706791102886,0.336316663900326
1,INTERMEDIATE,34,elu,16,0.3278383074127617,0.0001846722502785,35,0.3790743313729763,0.3321900889277458
1,INTERMEDIATE,35,elu,16,0.3278383074127617,0.0001846722502785,35,0.3062395779415965,0.3451745833816199
1,INTERMEDIATE,36,elu,16,0.3278383074127617,0.0001846722502785,35,0.285935927182436,0.3486454073211242
1,INTERMEDIATE,37,elu,16,0.3278383074127617,0.0001846722502785,35,0.3756910795345902,0.3467619213564643
1,INTERMEDIATE,38,elu,16,0.3278383074127617,0.0001846722502785,35,0.2739130724221468,0.3377316383452251
1,INTERMEDIATE,39,elu,16,0.3278383074127617,0.0001846722502785,35,0.3656093683093786,0.3330774014366084
1,INTERMEDIATE,40,elu,16,0.3278383074127617,0.0001846722502785,35,0.2793839452788234,0.3241011163797871
1,INTERMEDIATE,41,elu,16,0.3278383074127617,0.0001846722502785,35,0.2632027408108115,0.3372795692291753
1,INTERMEDIATE,42,elu,16,0.3278383074127617,0.0001846722502785,35,0.2672753669321537,0.3285115941845137
1,INTERMEDIATE,43,elu,16,0.3278383074127617,0.0001846722502785,35,0.2806928250938654,0.31686782991064
1,INTERMEDIATE,44,elu,16,0.3278383074127617,0.0001846722502785,35,0.2597548048943281,0.3231356421421314
1,INTERMEDIATE,45,elu,16,0.3278383074127617,0.0001846722502785,35,0.2636898886412382,0.3243820823985955
1,INTERMEDIATE,46,elu,16,0.3278383074127617,0.0001846722502785,35,0.2725889980792999,0.3236521081677798
1,INTERMEDIATE,47,elu,16,0.3278383074127617,0.0001846722502785,35,0.2538464376702904,0.3217547738860393
1,INTERMEDIATE,48,elu,16,0.3278383074127617,0.0001846722502785,35,0.2800113465636968,0.3087573621807427
1,INTERMEDIATE,49,elu,16,0.3278383074127617,0.0001846722502785,35,0.2487103911116719,0.3368597660085251
1,INTERMEDIATE,50,elu,16,0.3278383074127617,0.0001846722502785,35,0.2403203924186527,0.3181967385883989
1,INTERMEDIATE,51,elu,16,0.3278383074127617,0.0001846722502785,35,0.2735124910250306,0.3030837671510104
1,INTERMEDIATE,52,elu,16,0.3278383074127617,0.0001846722502785,35,0.2461703130975365,0.3202387860109066
1,INTERMEDIATE,53,elu,16,0.3278383074127617,0.0001846722502785,35,0.2634019507095217,0.3094051580490737
1,INTERMEDIATE,54,elu,16,0.3278383074127617,0.0001846722502785,35,0.2406288180500269,0.3135407546470905
1,INTERMEDIATE,55,elu,16,0.3278383074127617,0.0001846722502785,35,0.249063326511532,0.3149708062410354
1,INTERMEDIATE,56,elu,16,0.3278383074127617,0.0001846722502785,35,0.2503854818642139,0.3148596230252036
1,INTERMEDIATE,57,elu,16,0.3278383074127617,0.0001846722502785,35,0.2929738368839025,0.3023373546271488
1,INTERMEDIATE,58,elu,16,0.3278383074127617,0.0001846722502785,35,0.255771423690021,0.3442397230658038
1,INTERMEDIATE,59,elu,16,0.3278383074127617,0.0001846722502785,35,0.3161368388682604,0.3206909761346619
1,INTERMEDIATE,60,elu,16,0.3278383074127617,0.0001846722502785,35,0.2604690380394459,0.3088300962900293
1,INTERMEDIATE,61,elu,16,0.3278383074127617,0.0001846722502785,35,0.2354852971620857,0.3069821770848899
1,INTERMEDIATE,62,elu,16,0.3278383074127617,0.0001846722502785,35,0.2754480447620153,0.2981121067343087
1,INTERMEDIATE,63,elu,16,0.3278383074127617,0.0001846722502785,35,0.2375137601047754,0.3001323334615806
1,INTERMEDIATE,64,elu,16,0.3278383074127617,0.0001846722502785,35,0.2755966428667307,0.3015209071595093
1,INTERMEDIATE,65,elu,16,0.3278383074127617,0.0001846722502785,35,0.2438413221389055,0.3019951528002476
1,INTERMEDIATE,66,elu,16,0.3278383074127617,0.0001846722502785,35,0.3380219079554081,0.2998787419035517
1,INTERMEDIATE,67,elu,16,0.3278383074127617,0.0001846722502785,35,0.2698498088866472,0.298409352143263
1,INTERMEDIATE,68,elu,16,0.3278383074127617,0.0001846722502785,35,0.2280267439782619,0.2813090910685473
1,INTERMEDIATE,69,elu,16,0.3278383074127617,0.0001846722502785,35,0.2845726925879717,0.2840384193535509
1,INTERMEDIATE,70,elu,16,0.3278383074127617,0.0001846722502785,35,0.269489461556077,0.2859704494476318
1,INTERMEDIATE,71,elu,16,0.3278383074127617,0.0001846722502785,35,0.2180008087307214,0.2959980484226654
1,INTERMEDIATE,72,elu,16,0.3278383074127617,0.0001846722502785,35,0.2229856690391898,0.2819089406523211
1,INTERMEDIATE,73,elu,16,0.3278383074127617,0.0001846722502785,35,0.2559132957831025,0.2856101061634976
1,INTERMEDIATE,74,elu,16,0.3278383074127617,0.0001846722502785,35,0.2505071219056844,0.2803764530810816
1,INTERMEDIATE,75,elu,16,0.3278383074127617,0.0001846722502785,35,0.3396011162549257,0.2827664020246473
1,INTERMEDIATE,76,elu,16,0.3278383074127617,0.0001846722502785,35,0.2146378261968493,0.2895965034077907
1,INTERMEDIATE,77,elu,16,0.3278383074127617,0.0001846722502785,35,0.2153277192264795,0.2919264309879007
1,INTERMEDIATE,78,elu,16,0.3278383074127617,0.0001846722502785,35,0.2303239768370986,0.2780916774324302
1,INTERMEDIATE,79,elu,16,0.3278383074127617,0.0001846722502785,35,0.2276086825877428,0.2743968465204897
1,INTERMEDIATE,80,elu,16,0.3278383074127617,0.0001846722502785,35,0.2081305892206728,0.2732530752646512
1,INTERMEDIATE,81,elu,16,0.3278383074127617,0.0001846722502785,35,0.2698528431355953,0.2602984909096668
1,INTERMEDIATE,82,elu,16,0.3278383074127617,0.0001846722502785,35,0.3163084741681814,0.2587832849601219
1,INTERMEDIATE,83,elu,16,0.3278383074127617,0.0001846722502785,35,0.2411048095673322,0.2585414588965218
1,INTERMEDIATE,84,elu,16,0.3278383074127617,0.0001846722502785,35,0.230356334708631,0.2668602844250613
1,INTERMEDIATE,85,elu,16,0.3278383074127617,0.0001846722502785,35,0.2380765592679381,0.2635325757337027
1,INTERMEDIATE,86,elu,16,0.3278383074127617,0.0001846722502785,35,0.2089201649650931,0.2538790692543161
1,INTERMEDIATE,87,elu,16,0.3278383074127617,0.0001846722502785,35,0.3305668774992227,0.2624008398631523
1,INTERMEDIATE,88,elu,16,0.3278383074127617,0.0001846722502785,35,0.2410787760745734,0.2627555638037879
1,INTERMEDIATE,89,elu,16,0.3278383074127617,0.0001846722502785,35,0.2543883181642741,0.2806163712822158
1,INTERMEDIATE,90,elu,16,0.3278383074127617,0.0001846722502785,35,0.2401124602183699,0.2575955876502497
1,INTERMEDIATE,91,elu,16,0.3278383074127617,0.0001846722502785,35,0.2652854481711983,0.2466051755794163
1,INTERMEDIATE,92,elu,16,0.3278383074127617,0.0001846722502785,35,0.2719429591670632,0.2525424571900532
1,INTERMEDIATE,93,elu,16,0.3278383074127617,0.0001846722502785,35,0.3566154912114143,0.2704536506328089
1,INTERMEDIATE,94,elu,16,0.3278383074127617,0.0001846722502785,35,0.3051949124783277,0.2473309821095959
1,INTERMEDIATE,95,elu,16,0.3278383074127617,0.0001846722502785,35,0.2406911761499941,0.2454453136386542
1,INTERMEDIATE,96,elu,16,0.3278383074127617,0.0001846722502785,35,0.2588664814829826,0.2357751894099959
1,INTERMEDIATE,97,elu,16,0.3278383074127617,0.0001846722502785,35,0.2081877053715288,0.2384494728055493
1,INTERMEDIATE,98,elu,16,0.3278383074127617,0.0001846722502785,35,0.2212734939530491,0.230863225871119
1,INTERMEDIATE,99,elu,16,0.3278383074127617,0.0001846722502785,35,0.2402037102729082,0.2342268724379868
1,INTERMEDIATE,100,elu,16,0.3278383074127617,0.0001846722502785,35,0.227015929762274,0.2505726385219344
1,INTERMEDIATE,101,elu,16,0.3278383074127617,0.0001846722502785,35,0.2097638128325343,0.2274992951545222
1,INTERMEDIATE,102,elu,16,0.3278383074127617,0.0001846722502785,35,0.2965987306088209,0.2221527807414531
1,INTERMEDIATE,103,elu,16,0.3278383074127617,0.0001846722502785,35,0.2156089451164007,0.2179743806863653
1,INTERMEDIATE,104,elu,16,0.3278383074127617,0.0001846722502785,35,0.2006708697881549,0.2211149692021567
1,INTERMEDIATE,105,elu,16,0.3278383074127617,0.0001846722502785,35,0.2086576903238892,0.2174756182678814
1,INTERMEDIATE,106,elu,16,0.3278383074127617,0.0001846722502785,35,0.2316922736354172,0.204168119307222
1,INTERMEDIATE,107,elu,16,0.3278383074127617,0.0001846722502785,35,0.2426910176873207,0.2197739452380558
1,INTERMEDIATE,108,elu,16,0.3278383074127617,0.0001846722502785,35,0.2303289631381631,0.2226724906599727
1,INTERMEDIATE,109,elu,16,0.3278383074127617,0.0001846722502785,35,0.2425476554781198,0.2165903754789253
1,INTERMEDIATE,110,elu,16,0.3278383074127617,0.0001846722502785,35,0.3271308648400008,0.2507297378675691
1,INTERMEDIATE,111,elu,16,0.3278383074127617,0.0001846722502785,35,0.2286371628288179,0.2279246729509584
1,INTERMEDIATE,112,elu,16,0.3278383074127617,0.0001846722502785,35,0.4007513495162129,0.2060906738042831
1,INTERMEDIATE,113,elu,16,0.3278383074127617,0.0001846722502785,35,0.2444879049435258,0.1980033834175817
1,INTERMEDIATE,114,elu,16,0.3278383074127617,0.0001846722502785,35,0.295083568780683,0.2366196400132672
1,INTERMEDIATE,115,elu,16,0.3278383074127617,0.0001846722502785,35,0.3019816493615508,0.2045658661759105
1,INTERMEDIATE,116,elu,16,0.3278383074127617,0.0001846722502785,35,0.2335284987930208,0.2071274809282401
1,INTERMEDIATE,117,elu,16,0.3278383074127617,0.0001846722502785,35,0.282345537096262,0.1974262317706798
1,INTERMEDIATE,118,elu,16,0.3278383074127617,0.0001846722502785,35,0.2716311858966946,0.2078224785369018
1,INTERMEDIATE,119,elu,16,0.3278383074127617,0.0001846722502785,35,0.2432321300730109,0.2095774377471414
1,INTERMEDIATE,120,elu,16,0.3278383074127617,0.0001846722502785,35,0.2239517159759998,0.1935779574359285
1,INTERMEDIATE,121,elu,16,0.3278383074127617,0.0001846722502785,35,0.2295922411140054,0.2031477786086756
1,INTERMEDIATE,122,elu,16,0.3278383074127617,0.0001846722502785,35,0.2302417079918086,0.1965390470135828
1,INTERMEDIATE,123,elu,16,0.3278383074127617,0.0001846722502785,35,0.2278756811283528,0.1884199004491855
1,INTERMEDIATE,124,elu,16,0.3278383074127617,0.0001846722502785,35,0.2599199762917124,0.219025585671951
1,INTERMEDIATE,125,elu,16,0.3278383074127617,0.0001846722502785,35,0.3021251948084682,0.2055748895067593
1,INTERMEDIATE,126,elu,16,0.3278383074127617,0.0001846722502785,35,0.3094190992414951,0.1966344580568116
1,INTERMEDIATE,127,elu,16,0.3278383074127617,0.0001846722502785,35,0.222999578109011,0.1937849823513935
1,INTERMEDIATE,128,elu,16,0.3278383074127617,0.0001846722502785,35,0.220432915026322,0.1909934561057337
1,INTERMEDIATE,129,elu,16,0.3278383074127617,0.0001846722502785,35,0.2990119801834225,0.194617645879244
1,INTERMEDIATE,130,elu,16,0.3278383074127617,0.0001846722502785,35,0.2320915493182838,0.2014618781876975
1,INTERMEDIATE,131,elu,16,0.3278383074127617,0.0001846722502785,35,0.229969990439713,0.2090649294570602
1,INTERMEDIATE,132,elu,16,0.3278383074127617,0.0001846722502785,35,0.2357078064233064,0.1872685091441561
1,INTERMEDIATE,133,elu,16,0.3278383074127617,0.0001846722502785,35,0.2882275730371475,0.1832769903001086
1,INTERMEDIATE,134,elu,16,0.3278383074127617,0.0001846722502785,35,0.2315294056315906,0.2024153682949214
1,INTERMEDIATE,135,elu,16,0.3278383074127617,0.0001846722502785,35,0.2727047344669699,0.1957264523310908
1,INTERMEDIATE,136,elu,16,0.3278383074127617,0.0001846722502785,35,0.3228662591427564,0.1906844124454876
1,INTERMEDIATE,137,elu,16,0.3278383074127617,0.0001846722502785,35,0.2893908349797129,0.19076535349776
1,INTERMEDIATE,138,elu,16,0.3278383074127617,0.0001846722502785,35,0.2922834837809205,0.1972883852391407
1,INTERMEDIATE,139,elu,16,0.3278383074127617,0.0001846722502785,35,0.2229644765611738,0.1897608617256427
1,INTERMEDIATE,140,elu,16,0.3278383074127617,0.0001846722502785,35,0.27347666118294,0.1993927579244662
1,INTERMEDIATE,141,elu,16,0.3278383074127617,0.0001846722502785,35,0.2142322701402008,0.2018035370214232
1,INTERMEDIATE,142,elu,16,0.3278383074127617,0.0001846722502785,35,0.2204022784717381,0.198026693843562
1,INTERMEDIATE,143,elu,16,0.3278383074127617,0.0001846722502785,35,0.2143955936771817,0.1849641413267316
1,INTERMEDIATE,144,elu,16,0.3278383074127617,0.0001846722502785,35,0.2010746942833066,0.2020403140963151
1,COMPLETED,144,elu,16,0.3278383074127617,0.0001846722502785,35,0.2006708697881549,0.2211149692021567
2,INTERMEDIATE,0,elu,64,0.2494935810054092,0.0009507009879819,48,0.695923924446106,0.6890546828508377
2,INTERMEDIATE,1,elu,64,0.2494935810054092,0.0009507009879819,48,0.6783825755119324,0.676623173058033
2,INTERMEDIATE,2,elu,64,0.2494935810054092,0.0009507009879819,48,0.6592057049274445,0.6565781906247139
2,INTERMEDIATE,3,elu,64,0.2494935810054092,0.0009507009879819,48,0.6238802671432495,0.6330335289239883
2,INTERMEDIATE,4,elu,64,0.2494935810054092,0.0009507009879819,48,0.547438770532608,0.6102098897099495
2,INTERMEDIATE,5,elu,64,0.2494935810054092,0.0009507009879819,48,0.46335668861866,0.5544016733765602
2,INTERMEDIATE,6,elu,64,0.2494935810054092,0.0009507009879819,48,0.4459139555692673,0.4678913690149784
2,INTERMEDIATE,7,elu,64,0.2494935810054092,0.0009507009879819,48,0.411641776561737,0.4888424687087536
2,INTERMEDIATE,8,elu,64,0.2494935810054092,0.0009507009879819,48,0.382156029343605,0.4147482849657535
2,INTERMEDIATE,9,elu,64,0.2494935810054092,0.0009507009879819,48,0.3453712612390518,0.4190471433103084
2,INTERMEDIATE,10,elu,64,0.2494935810054092,0.0009507009879819,48,0.323790580034256,0.3601179607212543
2,INTERMEDIATE,11,elu,64,0.2494935810054092,0.0009507009879819,48,0.2908242791891098,0.3612707629799843
2,INTERMEDIATE,12,elu,64,0.2494935810054092,0.0009507009879819,48,0.3281920552253723,0.3710060827434063
2,INTERMEDIATE,13,elu,64,0.2494935810054092,0.0009507009879819,48,0.329769566655159,0.376153327524662
2,INTERMEDIATE,14,elu,64,0.2494935810054092,0.0009507009879819,48,0.2758075147867203,0.3531788401305675
2,INTERMEDIATE,15,elu,64,0.2494935810054092,0.0009507009879819,48,0.2676202654838562,0.3073306176811456
2,INTERMEDIATE,16,elu,64,0.2494935810054092,0.0009507009879819,48,0.2721142321825027,0.3115591183304786
2,INTERMEDIATE,17,elu,64,0.2494935810054092,0.0009507009879819,48,0.2798131704330444,0.2773212357424199
2,INTERMEDIATE,18,elu,64,0.2494935810054092,0.0009507009879819,48,0.2665828615427017,0.3355897795408964
2,INTERMEDIATE,19,elu,64,0.2494935810054092,0.0009507009879819,48,0.2653657793998718,0.281775914132595
2,INTERMEDIATE,20,elu,64,0.2494935810054092,0.0009507009879819,48,0.2503555342555046,0.3132576420903206
2,INTERMEDIATE,21,elu,64,0.2494935810054092,0.0009507009879819,48,0.2518895491957664,0.2839394472539425
2,INTERMEDIATE,22,elu,64,0.2494935810054092,0.0009507009879819,48,0.2538764849305153,0.3074280973523855
2,INTERMEDIATE,23,elu,64,0.2494935810054092,0.0009507009879819,48,0.2574096098542213,0.3120596464723348
2,INTERMEDIATE,24,elu,64,0.2494935810054092,0.0009507009879819,48,0.2883444502949714,0.3311627935618162
2,INTERMEDIATE,25,elu,64,0.2494935810054092,0.0009507009879819,48,0.3724800199270248,0.3617621380835771
2,INTERMEDIATE,26,elu,64,0.2494935810054092,0.0009507009879819,48,0.335335448384285,0.3675729781389236
2,INTERMEDIATE,27,elu,64,0.2494935810054092,0.0009507009879819,48,0.3145390152931213,0.3345420807600021
2,INTERMEDIATE,28,elu,64,0.2494935810054092,0.0009507009879819,48,0.447478249669075,0.2912121657282114
2,INTERMEDIATE,29,elu,64,0.2494935810054092,0.0009507009879819,48,0.2767519056797027,0.3092952389270067
2,INTERMEDIATE,30,elu,64,0.2494935810054092,0.0009507009879819,48,0.2412468194961547,0.2706316076219082
2,INTERMEDIATE,31,elu,64,0.2494935810054092,0.0009507009879819,48,0.2527869120240211,0.260428050532937
2,INTERMEDIATE,32,elu,64,0.2494935810054092,0.0009507009879819,48,0.2711942940950393,0.3071569632738828
2,INTERMEDIATE,33,elu,64,0.2494935810054092,0.0009507009879819,48,0.2681925594806671,0.3266430217772722
2,INTERMEDIATE,34,elu,64,0.2494935810054092,0.0009507009879819,48,0.261523962020874,0.2769907042384147
2,INTERMEDIATE,35,elu,64,0.2494935810054092,0.0009507009879819,48,0.3055005967617035,0.2497592689469456
2,INTERMEDIATE,36,elu,64,0.2494935810054092,0.0009507009879819,48,0.2930734306573868,0.2675264999270439
2,INTERMEDIATE,37,elu,64,0.2494935810054092,0.0009507009879819,48,0.2905492335557937,0.2605815073475241
2,INTERMEDIATE,38,elu,64,0.2494935810054092,0.0009507009879819,48,0.3006254732608795,0.2745743747800588
2,INTERMEDIATE,39,elu,64,0.2494935810054092,0.0009507009879819,48,0.276000514626503,0.2656694035977125
2,INTERMEDIATE,40,elu,64,0.2494935810054092,0.0009507009879819,48,0.2612816318869591,0.2706137802451849
2,INTERMEDIATE,41,elu,64,0.2494935810054092,0.0009507009879819,48,0.3018696457147598,0.2619092836976051
2,INTERMEDIATE,42,elu,64,0.2494935810054092,0.0009507009879819,48,0.2822297811508178,0.2495763748884201
2,INTERMEDIATE,43,elu,64,0.2494935810054092,0.0009507009879819,48,0.3231656849384308,0.223967985715717
2,INTERMEDIATE,44,elu,64,0.2494935810054092,0.0009507009879819,48,0.3036358505487442,0.2440215684473514
2,INTERMEDIATE,45,elu,64,0.2494935810054092,0.0009507009879819,48,0.2869586050510406,0.2648270986974239
2,INTERMEDIATE,46,elu,64,0.2494935810054092,0.0009507009879819,48,0.3595141321420669,0.2258494638372212
2,INTERMEDIATE,47,elu,64,0.2494935810054092,0.0009507009879819,48,0.2940004169940948,0.2479047048836946
2,INTERMEDIATE,48,elu,64,0.2494935810054092,0.0009507009879819,48,0.2806349694728851,0.3646963201463222
2,INTERMEDIATE,49,elu,64,0.2494935810054092,0.0009507009879819,48,0.2968160510063171,0.265039199963212
2,INTERMEDIATE,50,elu,64,0.2494935810054092,0.0009507009879819,48,0.3048189133405685,0.2408527256920933
2,INTERMEDIATE,51,elu,64,0.2494935810054092,0.0009507009879819,48,0.3068653792142868,0.2405778812244534
2,INTERMEDIATE,52,elu,64,0.2494935810054092,0.0009507009879819,48,0.3065584450960159,0.2638790234923363
2,INTERMEDIATE,53,elu,64,0.2494935810054092,0.0009507009879819,48,0.2963159084320068,0.2557879462838173
2,INTERMEDIATE,54,elu,64,0.2494935810054092,0.0009507009879819,48,0.2901487797498703,0.2284561805427074
2,INTERMEDIATE,55,elu,64,0.2494935810054092,0.0009507009879819,48,0.280862346291542,0.2285917680710554
2,INTERMEDIATE,56,elu,64,0.2494935810054092,0.0009507009879819,48,0.3227718472480774,0.2216856959275901
2,INTERMEDIATE,57,elu,64,0.2494935810054092,0.0009507009879819,48,0.2835419327020645,0.2589907944202423
2,INTERMEDIATE,58,elu,64,0.2494935810054092,0.0009507009879819,48,0.2954845428466797,0.2713829800486564
2,INTERMEDIATE,59,elu,64,0.2494935810054092,0.0009507009879819,48,0.3344022333621979,0.2757524829357862
2,INTERMEDIATE,60,elu,64,0.2494935810054092,0.0009507009879819,48,0.2926037237048149,0.2270523095503449
2,INTERMEDIATE,61,elu,64,0.2494935810054092,0.0009507009879819,48,0.2727433666586876,0.2532076835632324
2,INTERMEDIATE,62,elu,64,0.2494935810054092,0.0009507009879819,48,0.3213288858532905,0.2507401257753372
2,INTERMEDIATE,63,elu,64,0.2494935810054092,0.0009507009879819,48,0.3108231425285339,0.2378346221521496
2,INTERMEDIATE,64,elu,64,0.2494935810054092,0.0009507009879819,48,0.286058098077774,0.2691651564091444
2,INTERMEDIATE,65,elu,64,0.2494935810054092,0.0009507009879819,48,0.3047389388084411,0.2304579839110374
2,INTERMEDIATE,66,elu,64,0.2494935810054092,0.0009507009879819,48,0.2938510626554489,0.2186859995126724
2,INTERMEDIATE,67,elu,64,0.2494935810054092,0.0009507009879819,48,0.2573532834649086,0.2433733530342579
2,INTERMEDIATE,68,elu,64,0.2494935810054092,0.0009507009879819,48,0.2721151709556579,0.2106782104820013
2,INTERMEDIATE,69,elu,64,0.2494935810054092,0.0009507009879819,48,0.2641126811504364,0.1940764687024057
2,INTERMEDIATE,70,elu,64,0.2494935810054092,0.0009507009879819,48,0.252860315144062,0.2106123343110084
2,COMPLETED,70,elu,64,0.2494935810054092,0.0009507009879819,48,0.2412468194961547,0.2706316076219082
3,INTERMEDIATE,0,relu,16,0.3179847986252444,0.0005545040628435,38,0.6839345097541809,0.6897123538214585
3,INTERMEDIATE,1,relu,16,0.3179847986252444,0.0005545040628435,38,0.6693489849567413,0.6786030695356172
3,INTERMEDIATE,2,relu,16,0.3179847986252444,0.0005545040628435,38,0.6369917020201683,0.6594729793482813
3,INTERMEDIATE,3,relu,16,0.3179847986252444,0.0005545040628435,38,0.5546239912509918,0.6104185098204119
3,INTERMEDIATE,4,relu,16,0.3179847986252444,0.0005545040628435,38,0.4802245460450649,0.5425482885590915
3,INTERMEDIATE,5,relu,16,0.3179847986252444,0.0005545040628435,38,0.417417224496603,0.4889993400409304
3,INTERMEDIATE,6,relu,16,0.3179847986252444,0.0005545040628435,38,0.3872957732528448,0.4219548481291738
3,INTERMEDIATE,7,relu,16,0.3179847986252444,0.0005545040628435,38,0.3130253320559859,0.4017635337237654
3,INTERMEDIATE,8,relu,16,0.3179847986252444,0.0005545040628435,38,0.446379691362381,0.3994065363859308
3,INTERMEDIATE,9,relu,16,0.3179847986252444,0.0005545040628435,38,0.3893786855041981,0.4366234566630988
3,INTERMEDIATE,10,relu,16,0.3179847986252444,0.0005545040628435,38,0.3184304181486368,0.3628357643711156
3,INTERMEDIATE,11,relu,16,0.3179847986252444,0.0005545040628435,38,0.3507382869720459,0.3558014245896503
3,INTERMEDIATE,12,relu,16,0.3179847986252444,0.0005545040628435,38,0.2728780240868218,0.3296245531789187
3,INTERMEDIATE,13,relu,16,0.3179847986252444,0.0005545040628435,38,0.3002125192433595,0.3337829665377222
3,INTERMEDIATE,14,relu,16,0.3179847986252444,0.0005545040628435,38,0.2617633286863565,0.3129519984639924
3,INTERMEDIATE,15,relu,16,0.3179847986252444,0.0005545040628435,38,0.2486727570649236,0.3360428573756382
3,INTERMEDIATE,16,relu,16,0.3179847986252444,0.0005545040628435,38,0.3161124233156442,0.3166133895002562
3,INTERMEDIATE,17,relu,16,0.3179847986252444,0.0005545040628435,38,0.2350093107670545,0.3441364693230596
3,INTERMEDIATE,18,relu,16,0.3179847986252444,0.0005545040628435,38,0.2548967488110065,0.3234636213245063
3,INTERMEDIATE,19,relu,16,0.3179847986252444,0.0005545040628435,38,0.2900461833924055,0.3084369892704076
3,INTERMEDIATE,20,relu,16,0.3179847986252444,0.0005545040628435,38,0.2873494662344455,0.3247809148040311
3,INTERMEDIATE,21,relu,16,0.3179847986252444,0.0005545040628435,38,0.2703131991438567,0.3054935058643078
3,INTERMEDIATE,22,relu,16,0.3179847986252444,0.0005545040628435,38,0.2372435815632343,0.3088483057659247
3,INTERMEDIATE,23,relu,16,0.3179847986252444,0.0005545040628435,38,0.247509179636836,0.2832895920708261
3,INTERMEDIATE,24,relu,16,0.3179847986252444,0.0005545040628435,38,0.2845048531889915,0.2957083685644742
3,INTERMEDIATE,25,relu,16,0.3179847986252444,0.0005545040628435,38,0.2311895280145108,0.3167200473875835
3,INTERMEDIATE,26,relu,16,0.3179847986252444,0.0005545040628435,38,0.2558186678215861,0.2953427500765899
3,INTERMEDIATE,27,relu,16,0.3179847986252444,0.0005545040628435,38,0.3213022351264953,0.3152977264132993
3,INTERMEDIATE,28,relu,16,0.3179847986252444,0.0005545040628435,38,0.2412215769290924,0.2808209423874986
3,INTERMEDIATE,29,relu,16,0.3179847986252444,0.0005545040628435,38,0.2906919391825795,0.2702257622932565
3,INTERMEDIATE,30,relu,16,0.3179847986252444,0.0005545040628435,38,0.2832614108920097,0.2648724271305676
3,INTERMEDIATE,31,relu,16,0.3179847986252444,0.0005545040628435,38,0.2512605953961611,0.2442450710925562
3,INTERMEDIATE,32,relu,16,0.3179847986252444,0.0005545040628435,38,0.2315591005608439,0.2627461701631546
3,INTERMEDIATE,33,relu,16,0.3179847986252444,0.0005545040628435,38,0.226697368081659,0.2429030794521857
3,INTERMEDIATE,34,relu,16,0.3179847986252444,0.0005545040628435,38,0.2750031245523132,0.2699602011205821
3,INTERMEDIATE,35,relu,16,0.3179847986252444,0.0005545040628435,38,0.2749372813850641,0.2490262757858325
3,INTERMEDIATE,36,relu,16,0.3179847986252444,0.0005545040628435,38,0.3263087570667267,0.2363281238438754
3,INTERMEDIATE,37,relu,16,0.3179847986252444,0.0005545040628435,38,0.244481370318681,0.2220358735528485
3,INTERMEDIATE,38,relu,16,0.3179847986252444,0.0005545040628435,38,0.2329078854527324,0.2432309724390506
3,INTERMEDIATE,39,relu,16,0.3179847986252444,0.0005545040628435,38,0.2016733445925638,0.2621474355973046
3,INTERMEDIATE,40,relu,16,0.3179847986252444,0.0005545040628435,38,0.2169772833585739,0.2174228464478048
3,INTERMEDIATE,41,relu,16,0.3179847986252444,0.0005545040628435,38,0.2139742141589522,0.2210052583752007
3,INTERMEDIATE,42,relu,16,0.3179847986252444,0.0005545040628435,38,0.2005369067192077,0.2193780890826521
3,INTERMEDIATE,43,relu,16,0.3179847986252444,0.0005545040628435,38,0.2234373411629349,0.2512394382522024
3,INTERMEDIATE,44,relu,16,0.3179847986252444,0.0005545040628435,38,0.245825181773398,0.2232388477644016
3,INTERMEDIATE,45,relu,16,0.3179847986252444,0.0005545040628435,38,0.2915339106693864,0.2405744916920004
3,INTERMEDIATE,46,relu,16,0.3179847986252444,0.0005545040628435,38,0.2242574845440685,0.2286849945526698
3,INTERMEDIATE,47,relu,16,0.3179847986252444,0.0005545040628435,38,0.217775110155344,0.2145229294125376
3,INTERMEDIATE,48,relu,16,0.3179847986252444,0.0005545040628435,38,0.213237919146195,0.2041151536435916
3,INTERMEDIATE,49,relu,16,0.3179847986252444,0.0005545040628435,38,0.2677353406324982,0.2015283137302974
3,INTERMEDIATE,50,relu,16,0.3179847986252444,0.0005545040628435,38,0.2069038655608892,0.2087944268152631
3,INTERMEDIATE,51,relu,16,0.3179847986252444,0.0005545040628435,38,0.3510832395404577,0.2071266251391378
3,INTERMEDIATE,52,relu,16,0.3179847986252444,0.0005545040628435,38,0.2060669511556625,0.2288617442907958
3,INTERMEDIATE,53,relu,16,0.3179847986252444,0.0005545040628435,38,0.1877730630803853,0.1968469150878232
3,INTERMEDIATE,54,relu,16,0.3179847986252444,0.0005545040628435,38,0.225682666990906,0.1876709508741724
3,INTERMEDIATE,55,relu,16,0.3179847986252444,0.0005545040628435,38,0.2486890498548746,0.242030718395936
3,INTERMEDIATE,56,relu,16,0.3179847986252444,0.0005545040628435,38,0.1706621348857879,0.2119887742246019
3,INTERMEDIATE,57,relu,16,0.3179847986252444,0.0005545040628435,38,0.2970531554892659,0.2005120276890952
3,INTERMEDIATE,58,relu,16,0.3179847986252444,0.0005545040628435,38,0.2236764915287494,0.2145365976311009
3,INTERMEDIATE,59,relu,16,0.3179847986252444,0.0005545040628435,38,0.2215402591973543,0.2145274336738833
3,INTERMEDIATE,60,relu,16,0.3179847986252444,0.0005545040628435,38,0.2956488821655512,0.2426671077465189
3,INTERMEDIATE,61,relu,16,0.3179847986252444,0.0005545040628435,38,0.3022722955793142,0.2659685401053264
3,INTERMEDIATE,62,relu,16,0.3179847986252444,0.0005545040628435,38,0.1837257761508226,0.2184554596656355
3,INTERMEDIATE,63,relu,16,0.3179847986252444,0.0005545040628435,38,0.1894016005098819,0.1967600319406081
3,INTERMEDIATE,64,relu,16,0.3179847986252444,0.0005545040628435,38,0.1803856415208429,0.1973776476907319
3,INTERMEDIATE,65,relu,16,0.3179847986252444,0.0005545040628435,38,0.2180311949923634,0.1738364219922444
3,INTERMEDIATE,66,relu,16,0.3179847986252444,0.0005545040628435,38,0.1697807926684618,0.2110533601251141
3,INTERMEDIATE,67,relu,16,0.3179847986252444,0.0005545040628435,38,0.175198238575831,0.2000480989186928
3,INTERMEDIATE,68,relu,16,0.3179847986252444,0.0005545040628435,38,0.1761762811802327,0.1812369709770227
3,INTERMEDIATE,69,relu,16,0.3179847986252444,0.0005545040628435,38,0.2541347988881171,0.3177024056685382
3,INTERMEDIATE,70,relu,16,0.3179847986252444,0.0005545040628435,38,0.2520016003400087,0.2376085011095836
3,INTERMEDIATE,71,relu,16,0.3179847986252444,0.0005545040628435,38,0.2628136686980724,0.2227021998501029
3,INTERMEDIATE,72,relu,16,0.3179847986252444,0.0005545040628435,38,0.1746335313655436,0.2014935539457304
3,INTERMEDIATE,73,relu,16,0.3179847986252444,0.0005545040628435,38,0.2267752499319613,0.2068026383118383
3,INTERMEDIATE,74,relu,16,0.3179847986252444,0.0005545040628435,38,0.2131465571001172,0.1936642259744734
3,INTERMEDIATE,75,relu,16,0.3179847986252444,0.0005545040628435,38,0.2103291796520352,0.1836492254816252
3,INTERMEDIATE,76,relu,16,0.3179847986252444,0.0005545040628435,38,0.1905257574981078,0.1684969873007001
3,INTERMEDIATE,77,relu,16,0.3179847986252444,0.0005545040628435,38,0.1614103452302515,0.1932321264055268
3,INTERMEDIATE,78,relu,16,0.3179847986252444,0.0005545040628435,38,0.2112959821242839,0.1735802102705528
3,INTERMEDIATE,79,relu,16,0.3179847986252444,0.0005545040628435,38,0.16821921011433,0.176083756546522
3,INTERMEDIATE,80,relu,16,0.3179847986252444,0.0005545040628435,38,0.1770204827189445,0.1789740067746104
3,INTERMEDIATE,81,relu,16,0.3179847986252444,0.0005545040628435,38,0.1594615699723363,0.1733154637161
3,INTERMEDIATE,82,relu,16,0.3179847986252444,0.0005545040628435,38,0.1697867126204073,0.1785413471275362
3,INTERMEDIATE,83,relu,16,0.3179847986252444,0.0005545040628435,38,0.152788536157459,0.1614979320559008
3,INTERMEDIATE,84,relu,16,0.3179847986252444,0.0005545040628435,38,0.2955416282638907,0.1969013018212441
3,INTERMEDIATE,85,relu,16,0.3179847986252444,0.0005545040628435,38,0.1634663781151175,0.1785516267449691
3,INTERMEDIATE,86,relu,16,0.3179847986252444,0.0005545040628435,38,0.1644077100791037,0.1916394863791506
3,INTERMEDIATE,87,relu,16,0.3179847986252444,0.0005545040628435,38,0.1428564655943773,0.1514520851959442
3,INTERMEDIATE,88,relu,16,0.3179847986252444,0.0005545040628435,38,0.141322135226801,0.1526105436014718
3,INTERMEDIATE,89,relu,16,0.3179847986252444,0.0005545040628435,38,0.2002674269024282,0.1430048805757843
3,INTERMEDIATE,90,relu,16,0.3179847986252444,0.0005545040628435,38,0.2359695613849908,0.1687435544384964
3,INTERMEDIATE,91,relu,16,0.3179847986252444,0.0005545040628435,38,0.1635050566401332,0.1705693387394321
3,INTERMEDIATE,92,relu,16,0.3179847986252444,0.0005545040628435,38,0.1533835330046713,0.1613460287837119
3,INTERMEDIATE,93,relu,16,0.3179847986252444,0.0005545040628435,38,0.1519022190477699,0.1598601752956365
3,INTERMEDIATE,94,relu,16,0.3179847986252444,0.0005545040628435,38,0.1924670306034386,0.1543261259151943
3,INTERMEDIATE,95,relu,16,0.3179847986252444,0.0005545040628435,38,0.1706274251337163,0.1640620766657179
3,INTERMEDIATE,96,relu,16,0.3179847986252444,0.0005545040628435,38,0.1796847432851791,0.1559336542569357
3,INTERMEDIATE,97,relu,16,0.3179847986252444,0.0005545040628435,38,0.1664851931855082,0.1520111754472399
3,INTERMEDIATE,98,relu,16,0.3179847986252444,0.0005545040628435,38,0.1802825522609055,0.1449324792764824
3,INTERMEDIATE,99,relu,16,0.3179847986252444,0.0005545040628435,38,0.1862145070917904,0.1402402127097393
3,INTERMEDIATE,100,relu,16,0.3179847986252444,0.0005545040628435,38,0.1488327623810619,0.1633014651978838
3,INTERMEDIATE,101,relu,16,0.3179847986252444,0.0005545040628435,38,0.148343590029981,0.1284374712548893
3,INTERMEDIATE,102,relu,16,0.3179847986252444,0.0005545040628435,38,0.2362448256462812,0.1651499097331844
3,INTERMEDIATE,103,relu,16,0.3179847986252444,0.0005545040628435,38,0.3075615655397996,0.1522805909947331
3,INTERMEDIATE,104,relu,16,0.3179847986252444,0.0005545040628435,38,0.1958354448433965,0.1370928336962543
3,INTERMEDIATE,105,relu,16,0.3179847986252444,0.0005545040628435,38,0.1578409955691313,0.1298887687253541
3,INTERMEDIATE,106,relu,16,0.3179847986252444,0.0005545040628435,38,0.1848385569173842,0.1349363274037324
3,INTERMEDIATE,107,relu,16,0.3179847986252444,0.0005545040628435,38,0.2224967908114195,0.1203619383982029
3,INTERMEDIATE,108,relu,16,0.3179847986252444,0.0005545040628435,38,0.1683806212386116,0.1505910011714902
3,INTERMEDIATE,109,relu,16,0.3179847986252444,0.0005545040628435,38,0.1653435286134481,0.1439738750843138
3,INTERMEDIATE,110,relu,16,0.3179847986252444,0.0005545040628435,38,0.1867519787047058,0.1180187265452896
3,INTERMEDIATE,111,relu,16,0.3179847986252444,0.0005545040628435,38,0.1804768183501437,0.1145518725448898
3,INTERMEDIATE,112,relu,16,0.3179847986252444,0.0005545040628435,38,0.1548616964719258,0.1579147094924902
3,INTERMEDIATE,113,relu,16,0.3179847986252444,0.0005545040628435,38,0.2034280735533684,0.095766082293643
3,INTERMEDIATE,114,relu,16,0.3179847986252444,0.0005545040628435,38,0.2010213024914264,0.1030885365887962
3,INTERMEDIATE,115,relu,16,0.3179847986252444,0.0005545040628435,38,0.4469476118683815,0.3580229968988689
3,INTERMEDIATE,116,relu,16,0.3179847986252444,0.0005545040628435,38,0.3743786085397005,0.3599374201791039
3,INTERMEDIATE,117,relu,16,0.3179847986252444,0.0005545040628435,38,0.2525900984182954,0.3121992313656314
3,INTERMEDIATE,118,relu,16,0.3179847986252444,0.0005545040628435,38,0.2717578206211328,0.2813603017350723
3,INTERMEDIATE,119,relu,16,0.3179847986252444,0.0005545040628435,38,0.3214008007198572,0.2854471333838742
3,INTERMEDIATE,120,relu,16,0.3179847986252444,0.0005545040628435,38,0.2323123095557093,0.2956828644563412
3,INTERMEDIATE,121,relu,16,0.3179847986252444,0.0005545040628435,38,0.1470908753108233,0.2356911666434386
3,INTERMEDIATE,122,relu,16,0.3179847986252444,0.0005545040628435,38,0.2279172493144869,0.2541644004141462
3,INTERMEDIATE,123,relu,16,0.3179847986252444,0.0005545040628435,38,0.1524104449781589,0.217976141207177
3,INTERMEDIATE,124,relu,16,0.3179847986252444,0.0005545040628435,38,0.2364682308398187,0.2275559494336103
3,INTERMEDIATE,125,relu,16,0.3179847986252444,0.0005545040628435,38,0.2689009266905486,0.215070988597541
3,INTERMEDIATE,126,relu,16,0.3179847986252444,0.0005545040628435,38,0.18772829673253,0.1786219331211057
3,INTERMEDIATE,127,relu,16,0.3179847986252444,0.0005545040628435,38,0.2004107533721253,0.1901763877991972
3,INTERMEDIATE,128,relu,16,0.3179847986252444,0.0005545040628435,38,0.2421286511234939,0.2234363274584556
3,COMPLETED,128,relu,16,0.3179847986252444,0.0005545040628435,38,0.141322135226801,0.1526105436014718
4,INTERMEDIATE,0,relu,32,0.2763480912007623,0.0001639132326078,35,0.6912305951118469,0.7059994498888652
4,INTERMEDIATE,1,relu,32,0.2763480912007623,0.0001639132326078,35,0.6906894147396088,0.7047652006149292
4,INTERMEDIATE,2,relu,32,0.2763480912007623,0.0001639132326078,35,0.689127579331398,0.7001397093137105
4,INTERMEDIATE,3,relu,32,0.2763480912007623,0.0001639132326078,35,0.6913196444511414,0.7011677662531535
4,INTERMEDIATE,4,relu,32,0.2763480912007623,0.0001639132326078,35,0.6861916333436966,0.6987330873807271
4,INTERMEDIATE,5,relu,32,0.2763480912007623,0.0001639132326078,35,0.6861379891633987,0.6955985347429912
4,INTERMEDIATE,6,relu,32,0.2763480912007623,0.0001639132326078,35,0.6838572770357132,0.6941609541575114
4,INTERMEDIATE,7,relu,32,0.2763480912007623,0.0001639132326078,35,0.6805235594511032,0.6874032020568848
4,INTERMEDIATE,8,relu,32,0.2763480912007623,0.0001639132326078,35,0.6757931411266327,0.6891365249951681
4,INTERMEDIATE,9,relu,32,0.2763480912007623,0.0001639132326078,35,0.6739147305488586,0.6848187883694966
4,INTERMEDIATE,10,relu,32,0.2763480912007623,0.0001639132326078,35,0.6753267347812653,0.6838792761166891
4,INTERMEDIATE,11,relu,32,0.2763480912007623,0.0001639132326078,35,0.6713318228721619,0.6794451316197713
4,INTERMEDIATE,12,relu,32,0.2763480912007623,0.0001639132326078,35,0.6661833077669144,0.6792131344477336
4,INTERMEDIATE,13,relu,32,0.2763480912007623,0.0001639132326078,35,0.661480262875557,0.6745682716369629
4,INTERMEDIATE,14,relu,32,0.2763480912007623,0.0001639132326078,35,0.6546491831541061,0.667873744169871
4,INTERMEDIATE,15,relu,32,0.2763480912007623,0.0001639132326078,35,0.6500208824872971,0.6601741870244344
4,INTERMEDIATE,16,relu,32,0.2763480912007623,0.0001639132326078,35,0.63789501786232,0.6460624059041341
4,INTERMEDIATE,17,relu,32,0.2763480912007623,0.0001639132326078,35,0.6185437589883804,0.6329892873764038
4,INTERMEDIATE,18,relu,32,0.2763480912007623,0.0001639132326078,35,0.5936348885297775,0.6194986343383789
4,INTERMEDIATE,19,relu,32,0.2763480912007623,0.0001639132326078,35,0.5798914432525635,0.5902096589406332
4,INTERMEDIATE,20,relu,32,0.2763480912007623,0.0001639132326078,35,0.5586552321910858,0.5818886121114095
4,INTERMEDIATE,21,relu,32,0.2763480912007623,0.0001639132326078,35,0.5371675193309784,0.5639277676741282
4,INTERMEDIATE,22,relu,32,0.2763480912007623,0.0001639132326078,35,0.5321412160992622,0.5361087580521902
4,INTERMEDIATE,23,relu,32,0.2763480912007623,0.0001639132326078,35,0.5048740804195404,0.4977834582328796
4,INTERMEDIATE,24,relu,32,0.2763480912007623,0.0001639132326078,35,0.5024503618478775,0.4792440871397654
4,INTERMEDIATE,25,relu,32,0.2763480912007623,0.0001639132326078,35,0.4994469881057739,0.4761411905288696
4,INTERMEDIATE,26,relu,32,0.2763480912007623,0.0001639132326078,35,0.4616500288248062,0.4658623238404591
4,INTERMEDIATE,27,relu,32,0.2763480912007623,0.0001639132326078,35,0.509452298283577,0.4944448928038279
4,INTERMEDIATE,28,relu,32,0.2763480912007623,0.0001639132326078,35,0.4795397743582725,0.5263717532157898
4,INTERMEDIATE,29,relu,32,0.2763480912007623,0.0001639132326078,35,0.4670557752251625,0.480973619222641
4,INTERMEDIATE,30,relu,32,0.2763480912007623,0.0001639132326078,35,0.4477868899703026,0.4455470502376556
4,INTERMEDIATE,31,relu,32,0.2763480912007623,0.0001639132326078,35,0.4396160393953323,0.4301683743794759
4,INTERMEDIATE,32,relu,32,0.2763480912007623,0.0001639132326078,35,0.4289009645581245,0.427569446961085
4,INTERMEDIATE,33,relu,32,0.2763480912007623,0.0001639132326078,35,0.4444375112652778,0.4057397206624349
4,INTERMEDIATE,34,relu,32,0.2763480912007623,0.0001639132326078,35,0.4343307092785835,0.4053604145844777
4,INTERMEDIATE,35,relu,32,0.2763480912007623,0.0001639132326078,35,0.4237375110387802,0.4117322444915771
4,INTERMEDIATE,36,relu,32,0.2763480912007623,0.0001639132326078,35,0.3990774005651474,0.388471374909083
4,INTERMEDIATE,37,relu,32,0.2763480912007623,0.0001639132326078,35,0.387850821018219,0.4244843999544779
4,INTERMEDIATE,38,relu,32,0.2763480912007623,0.0001639132326078,35,0.4138874337077141,0.3965761661529541
4,INTERMEDIATE,39,relu,32,0.2763480912007623,0.0001639132326078,35,0.3951420113444328,0.3890328168869018
4,INTERMEDIATE,40,relu,32,0.2763480912007623,0.0001639132326078,35,0.3880554586648941,0.3769704103469848
4,INTERMEDIATE,41,relu,32,0.2763480912007623,0.0001639132326078,35,0.3747675195336342,0.3688552101453145
4,INTERMEDIATE,42,relu,32,0.2763480912007623,0.0001639132326078,35,0.3729100525379181,0.3893741528193156
4,INTERMEDIATE,43,relu,32,0.2763480912007623,0.0001639132326078,35,0.3840371593832969,0.371658319234848
4,INTERMEDIATE,44,relu,32,0.2763480912007623,0.0001639132326078,35,0.3728277161717415,0.367622517546018
4,INTERMEDIATE,45,relu,32,0.2763480912007623,0.0001639132326078,35,0.3795599490404129,0.3886031885941823
4,INTERMEDIATE,46,relu,32,0.2763480912007623,0.0001639132326078,35,0.3610496744513511,0.3850560625394185
4,INTERMEDIATE,47,relu,32,0.2763480912007623,0.0001639132326078,35,0.3794332519173622,0.3748197714487711
4,INTERMEDIATE,48,relu,32,0.2763480912007623,0.0001639132326078,35,0.3912038654088974,0.3642562399307886
4,INTERMEDIATE,49,relu,32,0.2763480912007623,0.0001639132326078,35,0.3758822083473205,0.368075273434321
4,INTERMEDIATE,50,relu,32,0.2763480912007623,0.0001639132326078,35,0.3679225817322731,0.3808604081471761
4,INTERMEDIATE,51,relu,32,0.2763480912007623,0.0001639132326078,35,0.3616380766034126,0.355941437681516
4,INTERMEDIATE,52,relu,32,0.2763480912007623,0.0001639132326078,35,0.349337674677372,0.3657151818275451
4,INTERMEDIATE,53,relu,32,0.2763480912007623,0.0001639132326078,35,0.3244853466749191,0.363430189092954
4,INTERMEDIATE,54,relu,32,0.2763480912007623,0.0001639132326078,35,0.3253785073757171,0.3344151387612025
4,INTERMEDIATE,55,relu,32,0.2763480912007623,0.0001639132326078,35,0.3357417732477188,0.3221746206283569
4,INTERMEDIATE,56,relu,32,0.2763480912007623,0.0001639132326078,35,0.3370568975806236,0.329186949133873
4,INTERMEDIATE,57,relu,32,0.2763480912007623,0.0001639132326078,35,0.3421671949326992,0.3749735752741496
4,INTERMEDIATE,58,relu,32,0.2763480912007623,0.0001639132326078,35,0.3324042409658432,0.3470128705104192
4,INTERMEDIATE,59,relu,32,0.2763480912007623,0.0001639132326078,35,0.3182341158390045,0.3521491448084513
4,INTERMEDIATE,60,relu,32,0.2763480912007623,0.0001639132326078,35,0.3179847151041031,0.3671493728955586
4,INTERMEDIATE,61,relu,32,0.2763480912007623,0.0001639132326078,35,0.3044842593371868,0.3225078056255976
4,INTERMEDIATE,62,relu,32,0.2763480912007623,0.0001639132326078,35,0.3390428908169269,0.3500559618075688
4,INTERMEDIATE,63,relu,32,0.2763480912007623,0.0001639132326078,35,0.3096866235136986,0.3504098763068517
4,INTERMEDIATE,64,relu,32,0.2763480912007623,0.0001639132326078,35,0.303035769611597,0.3329644252856572
4,INTERMEDIATE,65,relu,32,0.2763480912007623,0.0001639132326078,35,0.30719780549407,0.3248913735151291
4,INTERMEDIATE,66,relu,32,0.2763480912007623,0.0001639132326078,35,0.3146543651819229,0.3445430894692738
4,INTERMEDIATE,67,relu,32,0.2763480912007623,0.0001639132326078,35,0.3330187760293484,0.3349667529265085
4,INTERMEDIATE,68,relu,32,0.2763480912007623,0.0001639132326078,35,0.3015239909291267,0.3491553882757822
4,INTERMEDIATE,69,relu,32,0.2763480912007623,0.0001639132326078,35,0.3013893142342567,0.3599135090907415
4,INTERMEDIATE,70,relu,32,0.2763480912007623,0.0001639132326078,35,0.3081259205937385,0.3057405387361844
4,INTERMEDIATE,71,relu,32,0.2763480912007623,0.0001639132326078,35,0.3036981299519539,0.3349518517653147
4,INTERMEDIATE,72,relu,32,0.2763480912007623,0.0001639132326078,35,0.2946330122649669,0.3312944302956263
4,INTERMEDIATE,73,relu,32,0.2763480912007623,0.0001639132326078,35,0.3040259443223476,0.3049506982167562
4,INTERMEDIATE,74,relu,32,0.2763480912007623,0.0001639132326078,35,0.3026737459003925,0.2821520864963531
4,INTERMEDIATE,75,relu,32,0.2763480912007623,0.0001639132326078,35,0.3171320967376232,0.3106812785069148
4,INTERMEDIATE,76,relu,32,0.2763480912007623,0.0001639132326078,35,0.3146568387746811,0.2955086251099904
4,INTERMEDIATE,77,relu,32,0.2763480912007623,0.0001639132326078,35,0.2835835553705692,0.2981524308522542
4,INTERMEDIATE,78,relu,32,0.2763480912007623,0.0001639132326078,35,0.3102840259671211,0.3191146850585937
4,INTERMEDIATE,79,relu,32,0.2763480912007623,0.0001639132326078,35,0.2966725490987301,0.322073495388031
4,INTERMEDIATE,80,relu,32,0.2763480912007623,0.0001639132326078,35,0.2845254428684711,0.33092882335186
4,INTERMEDIATE,81,relu,32,0.2763480912007623,0.0001639132326078,35,0.3061338737607002,0.280471621453762
4,INTERMEDIATE,82,relu,32,0.2763480912007623,0.0001639132326078,35,0.3010821565985679,0.3025025139252345
4,INTERMEDIATE,83,relu,32,0.2763480912007623,0.0001639132326078,35,0.2985764816403389,0.2960395445426305
4,INTERMEDIATE,84,relu,32,0.2763480912007623,0.0001639132326078,35,0.3255204334855079,0.3034271915753682
4,INTERMEDIATE,85,relu,32,0.2763480912007623,0.0001639132326078,35,0.3400829434394836,0.2904332886139552
4,INTERMEDIATE,86,relu,32,0.2763480912007623,0.0001639132326078,35,0.2764232419431209,0.3132512857516606
4,INTERMEDIATE,87,relu,32,0.2763480912007623,0.0001639132326078,35,0.2971678003668785,0.2947521850466728
4,INTERMEDIATE,88,relu,32,0.2763480912007623,0.0001639132326078,35,0.2831718735396862,0.2955446193615595
4,INTERMEDIATE,89,relu,32,0.2763480912007623,0.0001639132326078,35,0.3302111476659775,0.2842961668968201
4,INTERMEDIATE,90,relu,32,0.2763480912007623,0.0001639132326078,35,0.3014790080487728,0.3156194468339284
4,INTERMEDIATE,91,relu,32,0.2763480912007623,0.0001639132326078,35,0.295854102820158,0.2901302446921666
4,INTERMEDIATE,92,relu,32,0.2763480912007623,0.0001639132326078,35,0.2968876473605633,0.3049010237058003
4,INTERMEDIATE,93,relu,32,0.2763480912007623,0.0001639132326078,35,0.3058942183852196,0.2934101064999898
4,INTERMEDIATE,94,relu,32,0.2763480912007623,0.0001639132326078,35,0.3027908429503441,0.3252948631842931
4,INTERMEDIATE,95,relu,32,0.2763480912007623,0.0001639132326078,35,0.311962328851223,0.2950001289447149
4,INTERMEDIATE,96,relu,32,0.2763480912007623,0.0001639132326078,35,0.2904340326786041,0.2917669256528218
4,INTERMEDIATE,97,relu,32,0.2763480912007623,0.0001639132326078,35,0.2995845004916191,0.290255431830883
4,INTERMEDIATE,98,relu,32,0.2763480912007623,0.0001639132326078,35,0.312238372862339,0.3086147367954254
4,INTERMEDIATE,99,relu,32,0.2763480912007623,0.0001639132326078,35,0.2946233488619327,0.283229261636734
4,INTERMEDIATE,100,relu,32,0.2763480912007623,0.0001639132326078,35,0.3038060404360294,0.3069328963756561
4,INTERMEDIATE,101,relu,32,0.2763480912007623,0.0001639132326078,35,0.2967056222259998,0.2917795360088348
4,INTERMEDIATE,102,relu,32,0.2763480912007623,0.0001639132326078,35,0.296867661178112,0.2851831525564193
4,INTERMEDIATE,103,relu,32,0.2763480912007623,0.0001639132326078,35,0.3030825778841972,0.3112591594457626
4,INTERMEDIATE,104,relu,32,0.2763480912007623,0.0001639132326078,35,0.3332980014383793,0.2795791725317637
4,INTERMEDIATE,105,relu,32,0.2763480912007623,0.0001639132326078,35,0.3132713958621025,0.2740312933921814
4,INTERMEDIATE,106,relu,32,0.2763480912007623,0.0001639132326078,35,0.3181809037923813,0.3004984080791473
4,INTERMEDIATE,107,relu,32,0.2763480912007623,0.0001639132326078,35,0.2942618392407894,0.2718549191951752
4,INTERMEDIATE,108,relu,32,0.2763480912007623,0.0001639132326078,35,0.3068291470408439,0.275686776638031
4,INTERMEDIATE,109,relu,32,0.2763480912007623,0.0001639132326078,35,0.2869847901165485,0.2774173334240913
4,INTERMEDIATE,110,relu,32,0.2763480912007623,0.0001639132326078,35,0.2901732474565506,0.2943063298861185
4,INTERMEDIATE,111,relu,32,0.2763480912007623,0.0001639132326078,35,0.3119285479187965,0.3199011882146199
4,INTERMEDIATE,112,relu,32,0.2763480912007623,0.0001639132326078,35,0.3180642202496528,0.2887569268544515
4,INTERMEDIATE,113,relu,32,0.2763480912007623,0.0001639132326078,35,0.3111974820494652,0.2762006322542826
4,INTERMEDIATE,114,relu,32,0.2763480912007623,0.0001639132326078,35,0.3140124790370464,0.2941572686036428
4,INTERMEDIATE,115,relu,32,0.2763480912007623,0.0001639132326078,35,0.3041680492460727,0.2820218632618586
4,INTERMEDIATE,116,relu,32,0.2763480912007623,0.0001639132326078,35,0.3203809559345245,0.2851253978908062
4,INTERMEDIATE,117,relu,32,0.2763480912007623,0.0001639132326078,35,0.3438540771603584,0.2864353716373443
4,INTERMEDIATE,118,relu,32,0.2763480912007623,0.0001639132326078,35,0.303114004433155,0.2775300194819768
4,INTERMEDIATE,119,relu,32,0.2763480912007623,0.0001639132326078,35,0.2939816415309906,0.2808953935901324
4,INTERMEDIATE,120,relu,32,0.2763480912007623,0.0001639132326078,35,0.3159351274371147,0.275598527987798
4,INTERMEDIATE,121,relu,32,0.2763480912007623,0.0001639132326078,35,0.3112882748246193,0.2825235923131307
4,INTERMEDIATE,122,relu,32,0.2763480912007623,0.0001639132326078,35,0.2829262986779213,0.2612994432449341
4,INTERMEDIATE,123,relu,32,0.2763480912007623,0.0001639132326078,35,0.2847466096282005,0.2850847840309143
4,INTERMEDIATE,124,relu,32,0.2763480912007623,0.0001639132326078,35,0.2897782325744629,0.2791370948155721
4,INTERMEDIATE,125,relu,32,0.2763480912007623,0.0001639132326078,35,0.2994074895977974,0.2644305864969889
4,INTERMEDIATE,126,relu,32,0.2763480912007623,0.0001639132326078,35,0.3110102452337742,0.2728963683048884
4,COMPLETED,126,relu,32,0.2763480912007623,0.0001639132326078,35,0.2764232419431209,0.3132512857516606
5,INTERMEDIATE,0,relu,64,0.0609751076705381,0.0008694141460517,50,0.688728541135788,0.6980665102601051
5,INTERMEDIATE,1,relu,64,0.0609751076705381,0.0008694141460517,50,0.6865223944187164,0.6895375400781631
5,INTERMEDIATE,2,relu,64,0.0609751076705381,0.0008694141460517,50,0.6830951869487762,0.6841301843523979
5,INTERMEDIATE,3,relu,64,0.0609751076705381,0.0008694141460517,50,0.6752303540706635,0.6811503544449806
5,INTERMEDIATE,4,relu,64,0.0609751076705381,0.0008694141460517,50,0.6528675258159637,0.655425600707531
5,INTERMEDIATE,5,relu,64,0.0609751076705381,0.0008694141460517,50,0.6029616892337799,0.6380956619977951
5,INTERMEDIATE,6,relu,64,0.0609751076705381,0.0008694141460517,50,0.5703713297843933,0.5501544959843159
5,INTERMEDIATE,7,relu,64,0.0609751076705381,0.0008694141460517,50,0.5370917320251465,0.527626033872366
5,INTERMEDIATE,8,relu,64,0.0609751076705381,0.0008694141460517,50,0.5502385944128036,0.4911941438913345
5,INTERMEDIATE,9,relu,64,0.0609751076705381,0.0008694141460517,50,0.5109622925519943,0.4622362144291401
5,INTERMEDIATE,10,relu,64,0.0609751076705381,0.0008694141460517,50,0.474496990442276,0.4153183251619339
5,INTERMEDIATE,11,relu,64,0.0609751076705381,0.0008694141460517,50,0.4384373873472214,0.3860818445682525
5,INTERMEDIATE,12,relu,64,0.0609751076705381,0.0008694141460517,50,0.3969194591045379,0.4161585122346878
5,INTERMEDIATE,13,relu,64,0.0609751076705381,0.0008694141460517,50,0.3510031551122665,0.3581566996872425
5,INTERMEDIATE,14,relu,64,0.0609751076705381,0.0008694141460517,50,0.3244363963603973,0.379011832177639
5,INTERMEDIATE,15,relu,64,0.0609751076705381,0.0008694141460517,50,0.3650228828191757,0.3613837920129299
5,INTERMEDIATE,16,relu,64,0.0609751076705381,0.0008694141460517,50,0.327274426817894,0.3539674282073974
5,INTERMEDIATE,17,relu,64,0.0609751076705381,0.0008694141460517,50,0.3569488376379013,0.3732051514089107
5,INTERMEDIATE,18,relu,64,0.0609751076705381,0.0008694141460517,50,0.2761600911617279,0.326852411031723
5,INTERMEDIATE,19,relu,64,0.0609751076705381,0.0008694141460517,50,0.2727519273757934,0.2988461330533027
5,INTERMEDIATE,20,relu,64,0.0609751076705381,0.0008694141460517,50,0.2509873211383819,0.3433928936719894
5,INTERMEDIATE,21,relu,64,0.0609751076705381,0.0008694141460517,50,0.2558179497718811,0.3409434165805578
5,INTERMEDIATE,22,relu,64,0.0609751076705381,0.0008694141460517,50,0.262259729206562,0.2815909273922443
5,INTERMEDIATE,23,relu,64,0.0609751076705381,0.0008694141460517,50,0.2693505957722664,0.2767712697386741
5,INTERMEDIATE,24,relu,64,0.0609751076705381,0.0008694141460517,50,0.2924312055110931,0.2829233035445213
5,INTERMEDIATE,25,relu,64,0.0609751076705381,0.0008694141460517,50,0.2746134102344513,0.3146608453243971
5,INTERMEDIATE,26,relu,64,0.0609751076705381,0.0008694141460517,50,0.2905401736497879,0.2939021699130535
5,INTERMEDIATE,27,relu,64,0.0609751076705381,0.0008694141460517,50,0.272747240960598,0.3054630700498819
5,INTERMEDIATE,28,relu,64,0.0609751076705381,0.0008694141460517,50,0.2753132432699203,0.2767082881182432
5,INTERMEDIATE,29,relu,64,0.0609751076705381,0.0008694141460517,50,0.3584291040897369,0.2519026156514883
5,INTERMEDIATE,30,relu,64,0.0609751076705381,0.0008694141460517,50,0.3455967158079147,0.2806543372571468
5,INTERMEDIATE,31,relu,64,0.0609751076705381,0.0008694141460517,50,0.3266472071409225,0.3294508028775453
5,INTERMEDIATE,32,relu,64,0.0609751076705381,0.0008694141460517,50,0.2892716899514198,0.2773203682154417
5,INTERMEDIATE,33,relu,64,0.0609751076705381,0.0008694141460517,50,0.2839949429035187,0.2542463419958949
5,INTERMEDIATE,34,relu,64,0.0609751076705381,0.0008694141460517,50,0.2754994183778763,0.2909639626741409
5,INTERMEDIATE,35,relu,64,0.0609751076705381,0.0008694141460517,50,0.306216761469841,0.2670308537781238
5,INTERMEDIATE,36,relu,64,0.0609751076705381,0.0008694141460517,50,0.2779843956232071,0.3110452182590961
5,INTERMEDIATE,37,relu,64,0.0609751076705381,0.0008694141460517,50,0.2901651114225387,0.2313713524490595
5,INTERMEDIATE,38,relu,64,0.0609751076705381,0.0008694141460517,50,0.2633751183748245,0.2490950692445039
5,INTERMEDIATE,39,relu,64,0.0609751076705381,0.0008694141460517,50,0.3052191212773323,0.2690125722438097
5,INTERMEDIATE,40,relu,64,0.0609751076705381,0.0008694141460517,50,0.3535540252923965,0.3064072132110595
5,INTERMEDIATE,41,relu,64,0.0609751076705381,0.0008694141460517,50,0.3278809338808059,0.2406163653358817
5,INTERMEDIATE,42,relu,64,0.0609751076705381,0.0008694141460517,50,0.3674431592226028,0.2491630893200636
5,INTERMEDIATE,43,relu,64,0.0609751076705381,0.0008694141460517,50,0.2953111305832863,0.2907317634671926
5,INTERMEDIATE,44,relu,64,0.0609751076705381,0.0008694141460517,50,0.2849717438220978,0.3095516841858625
5,INTERMEDIATE,45,relu,64,0.0609751076705381,0.0008694141460517,50,0.2745758295059204,0.2646369505673647
5,INTERMEDIATE,46,relu,64,0.0609751076705381,0.0008694141460517,50,0.2976839989423752,0.2549094334244728
5,INTERMEDIATE,47,relu,64,0.0609751076705381,0.0008694141460517,50,0.3068239241838455,0.2600063383579254
5,INTERMEDIATE,48,relu,64,0.0609751076705381,0.0008694141460517,50,0.2545663267374038,0.2392633333802223
5,INTERMEDIATE,49,relu,64,0.0609751076705381,0.0008694141460517,50,0.24361152946949,0.2297109449282288
5,INTERMEDIATE,50,relu,64,0.0609751076705381,0.0008694141460517,50,0.3261288478970527,0.2097150487825274
5,INTERMEDIATE,51,relu,64,0.0609751076705381,0.0008694141460517,50,0.2903157696127891,0.2200896153226494
5,INTERMEDIATE,52,relu,64,0.0609751076705381,0.0008694141460517,50,0.3206655830144882,0.2270491439849138
5,INTERMEDIATE,53,relu,64,0.0609751076705381,0.0008694141460517,50,0.2827712595462799,0.2544529875740409
5,INTERMEDIATE,54,relu,64,0.0609751076705381,0.0008694141460517,50,0.235660508275032,0.21415601298213
5,INTERMEDIATE,55,relu,64,0.0609751076705381,0.0008694141460517,50,0.2513466477394104,0.2291130945086479
5,INTERMEDIATE,56,relu,64,0.0609751076705381,0.0008694141460517,50,0.2745804488658905,0.1992743508890271
5,INTERMEDIATE,57,relu,64,0.0609751076705381,0.0008694141460517,50,0.3189122527837753,0.2074571810662746
5,INTERMEDIATE,58,relu,64,0.0609751076705381,0.0008694141460517,50,0.2727171629667282,0.1958521120250225
5,INTERMEDIATE,59,relu,64,0.0609751076705381,0.0008694141460517,50,0.2878409028053283,0.2026432566344738
5,INTERMEDIATE,60,relu,64,0.0609751076705381,0.0008694141460517,50,0.3129501491785049,0.2035913579165935
5,INTERMEDIATE,61,relu,64,0.0609751076705381,0.0008694141460517,50,0.386633962392807,0.2924513686448335
5,INTERMEDIATE,62,relu,64,0.0609751076705381,0.0008694141460517,50,0.405317947268486,0.4117525443434715
5,INTERMEDIATE,63,relu,64,0.0609751076705381,0.0008694141460517,50,0.3100801259279251,0.3530113473534584
5,INTERMEDIATE,64,relu,64,0.0609751076705381,0.0008694141460517,50,0.2977148592472076,0.3089569322764873
5,INTERMEDIATE,65,relu,64,0.0609751076705381,0.0008694141460517,50,0.271197035908699,0.258922591805458
5,INTERMEDIATE,66,relu,64,0.0609751076705381,0.0008694141460517,50,0.2843100056052208,0.2400974612683057
5,INTERMEDIATE,67,relu,64,0.0609751076705381,0.0008694141460517,50,0.3511397540569305,0.2870575822889805
5,INTERMEDIATE,68,relu,64,0.0609751076705381,0.0008694141460517,50,0.2442953065037727,0.2549468073993921
5,INTERMEDIATE,69,relu,64,0.0609751076705381,0.0008694141460517,50,0.288699135184288,0.2075446690432727
5,INTERMEDIATE,70,relu,64,0.0609751076705381,0.0008694141460517,50,0.2859731018543243,0.2150656208395958
5,INTERMEDIATE,71,relu,64,0.0609751076705381,0.0008694141460517,50,0.2773700952529907,0.2112180795520544
5,INTERMEDIATE,72,relu,64,0.0609751076705381,0.0008694141460517,50,0.2542582005262375,0.2056613387539982
5,INTERMEDIATE,73,relu,64,0.0609751076705381,0.0008694141460517,50,0.2833346277475357,0.2048266846686601
5,INTERMEDIATE,74,relu,64,0.0609751076705381,0.0008694141460517,50,0.2708939537405967,0.1949870502576232
5,INTERMEDIATE,75,relu,64,0.0609751076705381,0.0008694141460517,50,0.2828534692525863,0.1829574801959097
5,INTERMEDIATE,76,relu,64,0.0609751076705381,0.0008694141460517,50,0.2961062341928482,0.1987510444596409
5,INTERMEDIATE,77,relu,64,0.0609751076705381,0.0008694141460517,50,0.3127370625734329,0.2085653152316808
5,INTERMEDIATE,78,relu,64,0.0609751076705381,0.0008694141460517,50,0.2858597189188003,0.1841845707967877
5,INTERMEDIATE,79,relu,64,0.0609751076705381,0.0008694141460517,50,0.293130949139595,0.2273284010589122
5,INTERMEDIATE,80,relu,64,0.0609751076705381,0.0008694141460517,50,0.3576392829418182,0.2266680989414453
5,INTERMEDIATE,81,relu,64,0.0609751076705381,0.0008694141460517,50,0.2571689635515213,0.2126938253641128
5,INTERMEDIATE,82,relu,64,0.0609751076705381,0.0008694141460517,50,0.2871590033173561,0.1983699984848499
5,INTERMEDIATE,83,relu,64,0.0609751076705381,0.0008694141460517,50,0.2738644331693649,0.2023956319317221
5,INTERMEDIATE,84,relu,64,0.0609751076705381,0.0008694141460517,50,0.2443396970629692,0.2044327538460493
5,INTERMEDIATE,85,relu,64,0.0609751076705381,0.0008694141460517,50,0.2909760624170303,0.2149966591969132
5,INTERMEDIATE,86,relu,64,0.0609751076705381,0.0008694141460517,50,0.3050024956464767,0.1843016408383846
5,INTERMEDIATE,87,relu,64,0.0609751076705381,0.0008694141460517,50,0.2837115228176117,0.1759873824194073
5,INTERMEDIATE,88,relu,64,0.0609751076705381,0.0008694141460517,50,0.3027773797512054,0.1665959628298878
5,INTERMEDIATE,89,relu,64,0.0609751076705381,0.0008694141460517,50,0.2887632921338081,0.1705249371007084
5,INTERMEDIATE,90,relu,64,0.0609751076705381,0.0008694141460517,50,0.294566847383976,0.2083620838820934
5,INTERMEDIATE,91,relu,64,0.0609751076705381,0.0008694141460517,50,0.2825693562626838,0.1898667877539992
5,INTERMEDIATE,92,relu,64,0.0609751076705381,0.0008694141460517,50,0.4148732870817184,0.1886258069425821
5,INTERMEDIATE,93,relu,64,0.0609751076705381,0.0008694141460517,50,0.2717862278223037,0.2207830282859504
5,INTERMEDIATE,94,relu,64,0.0609751076705381,0.0008694141460517,50,0.2590918764472008,0.1892439154908061
5,COMPLETED,94,relu,64,0.0609751076705381,0.0008694141460517,50,0.235660508275032,0.21415601298213
6,INTERMEDIATE,0,relu,64,0.3050586056847995,0.0002202335481461,38,0.6905379891395569,0.6968718394637108
6,INTERMEDIATE,1,relu,64,0.3050586056847995,0.0002202335481461,38,0.6892484128475189,0.6956345289945602
6,INTERMEDIATE,2,relu,64,0.3050586056847995,0.0002202335481461,38,0.6873292326927185,0.6930684670805931
6,INTERMEDIATE,3,relu,64,0.3050586056847995,0.0002202335481461,38,0.6870007216930389,0.6892062127590179
6,INTERMEDIATE,4,relu,64,0.3050586056847995,0.0002202335481461,38,0.684637039899826,0.6905615329742432
6,INTERMEDIATE,5,relu,64,0.3050586056847995,0.0002202335481461,38,0.6826427578926086,0.6885221377015114
6,INTERMEDIATE,6,relu,64,0.3050586056847995,0.0002202335481461,38,0.6810039281845093,0.6855078265070915
6,INTERMEDIATE,7,relu,64,0.3050586056847995,0.0002202335481461,38,0.6794984340667725,0.682515449821949
6,INTERMEDIATE,8,relu,64,0.3050586056847995,0.0002202335481461,38,0.6775529980659485,0.6806106492877007
6,INTERMEDIATE,9,relu,64,0.3050586056847995,0.0002202335481461,38,0.6750531494617462,0.6790241599082947
6,INTERMEDIATE,10,relu,64,0.3050586056847995,0.0002202335481461,38,0.6713482439517975,0.6761218458414078
6,INTERMEDIATE,11,relu,64,0.3050586056847995,0.0002202335481461,38,0.6696379780769348,0.6739816293120384
6,INTERMEDIATE,12,relu,64,0.3050586056847995,0.0002202335481461,38,0.6647672951221466,0.6760883703827858
6,INTERMEDIATE,13,relu,64,0.3050586056847995,0.0002202335481461,38,0.6615497171878815,0.6634844020009041
6,INTERMEDIATE,14,relu,64,0.3050586056847995,0.0002202335481461,38,0.6579220592975616,0.6619313433766365
6,INTERMEDIATE,15,relu,64,0.3050586056847995,0.0002202335481461,38,0.6518044769763947,0.6568669006228447
6,INTERMEDIATE,16,relu,64,0.3050586056847995,0.0002202335481461,38,0.6430159211158752,0.645474873483181
6,INTERMEDIATE,17,relu,64,0.3050586056847995,0.0002202335481461,38,0.6302144527435303,0.642336905002594
6,INTERMEDIATE,18,relu,64,0.3050586056847995,0.0002202335481461,38,0.6174130141735077,0.6209677830338478
6,INTERMEDIATE,19,relu,64,0.3050586056847995,0.0002202335481461,38,0.5986688435077667,0.6143334284424782
6,INTERMEDIATE,20,relu,64,0.3050586056847995,0.0002202335481461,38,0.5738169252872467,0.5683153085410595
6,INTERMEDIATE,21,relu,64,0.3050586056847995,0.0002202335481461,38,0.5663243532180786,0.5371731482446194
6,INTERMEDIATE,22,relu,64,0.3050586056847995,0.0002202335481461,38,0.5394011437892914,0.5490445271134377
6,INTERMEDIATE,23,relu,64,0.3050586056847995,0.0002202335481461,38,0.5267933905124664,0.5212189890444279
6,INTERMEDIATE,24,relu,64,0.3050586056847995,0.0002202335481461,38,0.5119418054819107,0.5060732960700989
6,INTERMEDIATE,25,relu,64,0.3050586056847995,0.0002202335481461,38,0.4848523586988449,0.5052080303430557
6,INTERMEDIATE,26,relu,64,0.3050586056847995,0.0002202335481461,38,0.498624250292778,0.520034346729517
6,INTERMEDIATE,27,relu,64,0.3050586056847995,0.0002202335481461,38,0.482128232717514,0.4580322951078415
6,INTERMEDIATE,28,relu,64,0.3050586056847995,0.0002202335481461,38,0.4810234755277633,0.4674452766776085
6,INTERMEDIATE,29,relu,64,0.3050586056847995,0.0002202335481461,38,0.4801876544952392,0.4983552694320678
6,INTERMEDIATE,30,relu,64,0.3050586056847995,0.0002202335481461,38,0.4713032990694046,0.4605060815811157
6,INTERMEDIATE,31,relu,64,0.3050586056847995,0.0002202335481461,38,0.4461968392133713,0.4098296500742435
6,INTERMEDIATE,32,relu,64,0.3050586056847995,0.0002202335481461,38,0.4383745044469833,0.4132531583309173
6,INTERMEDIATE,33,relu,64,0.3050586056847995,0.0002202335481461,38,0.4276521205902099,0.4151981808245182
6,INTERMEDIATE,34,relu,64,0.3050586056847995,0.0002202335481461,38,0.4208109676837921,0.3904744014143944
6,INTERMEDIATE,35,relu,64,0.3050586056847995,0.0002202335481461,38,0.4061997085809707,0.42813516035676
6,INTERMEDIATE,36,relu,64,0.3050586056847995,0.0002202335481461,38,0.4234673678874969,0.3883633092045784
6,INTERMEDIATE,37,relu,64,0.3050586056847995,0.0002202335481461,38,0.4072833508253097,0.391488142311573
6,INTERMEDIATE,38,relu,64,0.3050586056847995,0.0002202335481461,38,0.3893963396549225,0.3841173909604549
6,INTERMEDIATE,39,relu,64,0.3050586056847995,0.0002202335481461,38,0.3828553855419159,0.3599274232983589
6,INTERMEDIATE,40,relu,64,0.3050586056847995,0.0002202335481461,38,0.3905152380466461,0.4007932916283607
6,INTERMEDIATE,41,relu,64,0.3050586056847995,0.0002202335481461,38,0.3810821622610092,0.3658781833946705
6,INTERMEDIATE,42,relu,64,0.3050586056847995,0.0002202335481461,38,0.3948795795440674,0.3411797136068344
6,INTERMEDIATE,43,relu,64,0.3050586056847995,0.0002202335481461,38,0.3740865737199783,0.3578567318618297
6,INTERMEDIATE,44,relu,64,0.3050586056847995,0.0002202335481461,38,0.347896471619606,0.3560320772230625
6,INTERMEDIATE,45,relu,64,0.3050586056847995,0.0002202335481461,38,0.3458880186080932,0.3385497331619262
6,INTERMEDIATE,46,relu,64,0.3050586056847995,0.0002202335481461,38,0.3401267230510711,0.3683805577456951
6,INTERMEDIATE,47,relu,64,0.3050586056847995,0.0002202335481461,38,0.3413971811532974,0.3315925691276788
6,INTERMEDIATE,48,relu,64,0.3050586056847995,0.0002202335481461,38,0.3351852744817734,0.3242072984576225
6,INTERMEDIATE,49,relu,64,0.3050586056847995,0.0002202335481461,38,0.3462909460067749,0.345623642206192
6,INTERMEDIATE,50,relu,64,0.3050586056847995,0.0002202335481461,38,0.3361567109823227,0.2952067432925105
6,INTERMEDIATE,51,relu,64,0.3050586056847995,0.0002202335481461,38,0.3499580323696136,0.3020556923002004
6,INTERMEDIATE,52,relu,64,0.3050586056847995,0.0002202335481461,38,0.3324685245752334,0.3326239753514528
6,INTERMEDIATE,53,relu,64,0.3050586056847995,0.0002202335481461,38,0.3442991971969604,0.3121979795396328
6,INTERMEDIATE,54,relu,64,0.3050586056847995,0.0002202335481461,38,0.3370577991008758,0.3006296101957559
6,INTERMEDIATE,55,relu,64,0.3050586056847995,0.0002202335481461,38,0.3319591432809829,0.3014367222785949
6,INTERMEDIATE,56,relu,64,0.3050586056847995,0.0002202335481461,38,0.3241977542638778,0.3034637402743101
6,INTERMEDIATE,57,relu,64,0.3050586056847995,0.0002202335481461,38,0.3179811835289001,0.3316131420433521
6,INTERMEDIATE,58,relu,64,0.3050586056847995,0.0002202335481461,38,0.3060064911842346,0.3224593568593263
6,INTERMEDIATE,59,relu,64,0.3050586056847995,0.0002202335481461,38,0.3045421689748764,0.2864118311554193
6,INTERMEDIATE,60,relu,64,0.3050586056847995,0.0002202335481461,38,0.331827849149704,0.2794990558177233
6,INTERMEDIATE,61,relu,64,0.3050586056847995,0.0002202335481461,38,0.3430109918117523,0.340003402903676
6,INTERMEDIATE,62,relu,64,0.3050586056847995,0.0002202335481461,38,0.3491698205471039,0.3053152784705162
6,INTERMEDIATE,63,relu,64,0.3050586056847995,0.0002202335481461,38,0.3494912832975387,0.2761571798473596
6,INTERMEDIATE,64,relu,64,0.3050586056847995,0.0002202335481461,38,0.3209773004055023,0.2903036810457706
6,INTERMEDIATE,65,relu,64,0.3050586056847995,0.0002202335481461,38,0.3259153515100479,0.3243107907474041
6,INTERMEDIATE,66,relu,64,0.3050586056847995,0.0002202335481461,38,0.3298419713973999,0.2807308491319418
6,INTERMEDIATE,67,relu,64,0.3050586056847995,0.0002202335481461,38,0.3137782514095306,0.2991790194064379
6,INTERMEDIATE,68,relu,64,0.3050586056847995,0.0002202335481461,38,0.3004806786775589,0.2997051365673542
6,INTERMEDIATE,69,relu,64,0.3050586056847995,0.0002202335481461,38,0.307347372174263,0.2595503563061356
6,INTERMEDIATE,70,relu,64,0.3050586056847995,0.0002202335481461,38,0.3103312402963638,0.2544320216402411
6,INTERMEDIATE,71,relu,64,0.3050586056847995,0.0002202335481461,38,0.3220623433589935,0.3054838832467794
6,INTERMEDIATE,72,relu,64,0.3050586056847995,0.0002202335481461,38,0.3240968063473701,0.2826551292091608
6,INTERMEDIATE,73,relu,64,0.3050586056847995,0.0002202335481461,38,0.3542811721563339,0.2835108265280723
6,INTERMEDIATE,74,relu,64,0.3050586056847995,0.0002202335481461,38,0.2991554290056228,0.242144831456244
6,INTERMEDIATE,75,relu,64,0.3050586056847995,0.0002202335481461,38,0.3118342757225036,0.2513043861836195
6,INTERMEDIATE,76,relu,64,0.3050586056847995,0.0002202335481461,38,0.3132362514734268,0.239861044101417
6,INTERMEDIATE,77,relu,64,0.3050586056847995,0.0002202335481461,38,0.2956818044185638,0.2871398609131574
6,INTERMEDIATE,78,relu,64,0.3050586056847995,0.0002202335481461,38,0.3186240494251251,0.2688392307609319
6,INTERMEDIATE,79,relu,64,0.3050586056847995,0.0002202335481461,38,0.3351466804742813,0.2331227557733655
6,INTERMEDIATE,80,relu,64,0.3050586056847995,0.0002202335481461,38,0.3467422574758529,0.2359263822436332
6,INTERMEDIATE,81,relu,64,0.3050586056847995,0.0002202335481461,38,0.3149850219488144,0.2417637407779693
6,INTERMEDIATE,82,relu,64,0.3050586056847995,0.0002202335481461,38,0.3275136053562164,0.2711866591125726
6,INTERMEDIATE,83,relu,64,0.3050586056847995,0.0002202335481461,38,0.3252288103103637,0.2699904516339302
6,INTERMEDIATE,84,relu,64,0.3050586056847995,0.0002202335481461,38,0.3214180171489715,0.2802545130252838
6,INTERMEDIATE,85,relu,64,0.3050586056847995,0.0002202335481461,38,0.3351496905088424,0.2365494426339864
6,INTERMEDIATE,86,relu,64,0.3050586056847995,0.0002202335481461,38,0.3254129588603973,0.2420921828597784
6,INTERMEDIATE,87,relu,64,0.3050586056847995,0.0002202335481461,38,0.3352043330669403,0.2744139898568392
6,INTERMEDIATE,88,relu,64,0.3050586056847995,0.0002202335481461,38,0.317712590098381,0.2452425956726074
6,INTERMEDIATE,89,relu,64,0.3050586056847995,0.0002202335481461,38,0.3338837027549743,0.2878130953758955
6,INTERMEDIATE,90,relu,64,0.3050586056847995,0.0002202335481461,38,0.3209674656391144,0.2232220182195305
6,INTERMEDIATE,91,relu,64,0.3050586056847995,0.0002202335481461,38,0.3071083724498749,0.2334965970367193
6,INTERMEDIATE,92,relu,64,0.3050586056847995,0.0002202335481461,38,0.301600843667984,0.2373184710741043
6,INTERMEDIATE,93,relu,64,0.3050586056847995,0.0002202335481461,38,0.3276138603687286,0.2136064479127526
6,INTERMEDIATE,94,relu,64,0.3050586056847995,0.0002202335481461,38,0.3131600767374038,0.2114383447915315
6,INTERMEDIATE,95,relu,64,0.3050586056847995,0.0002202335481461,38,0.307724617421627,0.2420243490487337
6,INTERMEDIATE,96,relu,64,0.3050586056847995,0.0002202335481461,38,0.303116038441658,0.2131395782344043
6,INTERMEDIATE,97,relu,64,0.3050586056847995,0.0002202335481461,38,0.307804174721241,0.2463447377085685
6,INTERMEDIATE,98,relu,64,0.3050586056847995,0.0002202335481461,38,0.2883871644735336,0.2452568747103214
6,INTERMEDIATE,99,relu,64,0.3050586056847995,0.0002202335481461,38,0.2972440645098686,0.2141219796612858
6,INTERMEDIATE,100,relu,64,0.3050586056847995,0.0002202335481461,38,0.3097359836101532,0.2175848865881562
6,INTERMEDIATE,101,relu,64,0.3050586056847995,0.0002202335481461,38,0.2779662013053894,0.228204671293497
6,INTERMEDIATE,102,relu,64,0.3050586056847995,0.0002202335481461,38,0.2806092947721481,0.2372276689857244
6,INTERMEDIATE,103,relu,64,0.3050586056847995,0.0002202335481461,38,0.2880902886390686,0.2912142146378755
6,INTERMEDIATE,104,relu,64,0.3050586056847995,0.0002202335481461,38,0.2902945578098297,0.2144683729857206
6,INTERMEDIATE,105,relu,64,0.3050586056847995,0.0002202335481461,38,0.3013221323490143,0.2229754216969013
6,INTERMEDIATE,106,relu,64,0.3050586056847995,0.0002202335481461,38,0.3084906190633774,0.2027695481665432
6,INTERMEDIATE,107,relu,64,0.3050586056847995,0.0002202335481461,38,0.3002462387084961,0.2500391500070691
6,INTERMEDIATE,108,relu,64,0.3050586056847995,0.0002202335481461,38,0.3045548051595688,0.219848345965147
6,INTERMEDIATE,109,relu,64,0.3050586056847995,0.0002202335481461,38,0.3185580670833587,0.2552317157387733
6,INTERMEDIATE,110,relu,64,0.3050586056847995,0.0002202335481461,38,0.3284105360507965,0.2771809455007314
6,INTERMEDIATE,111,relu,64,0.3050586056847995,0.0002202335481461,38,0.2911341935396194,0.306666687130928
6,INTERMEDIATE,112,relu,64,0.3050586056847995,0.0002202335481461,38,0.2954352051019668,0.2057467987760901
6,INTERMEDIATE,113,relu,64,0.3050586056847995,0.0002202335481461,38,0.2924851775169372,0.2149189244955778
6,INTERMEDIATE,114,relu,64,0.3050586056847995,0.0002202335481461,38,0.3052361309528351,0.2080670343711972
6,INTERMEDIATE,115,relu,64,0.3050586056847995,0.0002202335481461,38,0.2978983446955681,0.2026240462437272
6,INTERMEDIATE,116,relu,64,0.3050586056847995,0.0002202335481461,38,0.3051823377609253,0.1952721327543258
6,INTERMEDIATE,117,relu,64,0.3050586056847995,0.0002202335481461,38,0.3137975931167602,0.1973955491557717
6,INTERMEDIATE,118,relu,64,0.3050586056847995,0.0002202335481461,38,0.3056074529886246,0.2014242205768823
6,INTERMEDIATE,119,relu,64,0.3050586056847995,0.0002202335481461,38,0.2963508367538452,0.1975221997126937
6,INTERMEDIATE,120,relu,64,0.3050586056847995,0.0002202335481461,38,0.3150974363088608,0.2098334794864058
6,INTERMEDIATE,121,relu,64,0.3050586056847995,0.0002202335481461,38,0.3220103085041046,0.2309668734669685
6,INTERMEDIATE,122,relu,64,0.3050586056847995,0.0002202335481461,38,0.3113699108362198,0.2452365737408399
6,INTERMEDIATE,123,relu,64,0.3050586056847995,0.0002202335481461,38,0.2921509742736816,0.2134879752993583
6,INTERMEDIATE,124,relu,64,0.3050586056847995,0.0002202335481461,38,0.2700024619698524,0.1949571459554135
6,INTERMEDIATE,125,relu,64,0.3050586056847995,0.0002202335481461,38,0.2897179424762726,0.2605853034183383
6,INTERMEDIATE,126,relu,64,0.3050586056847995,0.0002202335481461,38,0.3224244266748428,0.2024652571417391
6,INTERMEDIATE,127,relu,64,0.3050586056847995,0.0002202335481461,38,0.3191060423851013,0.3054540175944567
6,INTERMEDIATE,128,relu,64,0.3050586056847995,0.0002202335481461,38,0.3437374606728554,0.2057776432484388
6,INTERMEDIATE,129,relu,64,0.3050586056847995,0.0002202335481461,38,0.3206475377082824,0.2632768843322992
6,INTERMEDIATE,130,relu,64,0.3050586056847995,0.0002202335481461,38,0.2912627011537552,0.2152122752740979
6,INTERMEDIATE,131,relu,64,0.3050586056847995,0.0002202335481461,38,0.2805283069610595,0.2298455238342285
6,INTERMEDIATE,132,relu,64,0.3050586056847995,0.0002202335481461,38,0.2614526748657226,0.2484360039234161
6,INTERMEDIATE,133,relu,64,0.3050586056847995,0.0002202335481461,38,0.2835105955600738,0.2631620187312364
6,INTERMEDIATE,134,relu,64,0.3050586056847995,0.0002202335481461,38,0.2845388129353523,0.177259128075093
6,INTERMEDIATE,135,relu,64,0.3050586056847995,0.0002202335481461,38,0.3097790628671646,0.1967454236000776
6,INTERMEDIATE,136,relu,64,0.3050586056847995,0.0002202335481461,38,0.3180007115006447,0.1961042899638414
6,INTERMEDIATE,137,relu,64,0.3050586056847995,0.0002202335481461,38,0.3074111193418503,0.2339543625712394
6,INTERMEDIATE,138,relu,64,0.3050586056847995,0.0002202335481461,38,0.3035451769828796,0.198509176261723
6,INTERMEDIATE,139,relu,64,0.3050586056847995,0.0002202335481461,38,0.3080303966999054,0.1709415109362453
6,INTERMEDIATE,140,relu,64,0.3050586056847995,0.0002202335481461,38,0.3143016844987869,0.1895945435389876
6,INTERMEDIATE,141,relu,64,0.3050586056847995,0.0002202335481461,38,0.3226975500583648,0.1785589698702097
6,INTERMEDIATE,142,relu,64,0.3050586056847995,0.0002202335481461,38,0.3428836166858673,0.1955124242231249
6,INTERMEDIATE,143,relu,64,0.3050586056847995,0.0002202335481461,38,0.3239423334598541,0.1796437101438641
6,INTERMEDIATE,144,relu,64,0.3050586056847995,0.0002202335481461,38,0.2966125980019569,0.1980759119614958
6,INTERMEDIATE,145,relu,64,0.3050586056847995,0.0002202335481461,38,0.3040638118982315,0.1939635220915079
6,INTERMEDIATE,146,relu,64,0.3050586056847995,0.0002202335481461,38,0.3066933453083038,0.2470188634470105
6,INTERMEDIATE,147,relu,64,0.3050586056847995,0.0002202335481461,38,0.3289516940712929,0.2317167790606618
6,INTERMEDIATE,148,relu,64,0.3050586056847995,0.0002202335481461,38,0.3395214602351188,0.233484398573637
6,INTERMEDIATE,149,relu,64,0.3050586056847995,0.0002202335481461,38,0.3087580651044845,0.1923605697229504
6,COMPLETED,149,relu,64,0.3050586056847995,0.0002202335481461,38,0.2614526748657226,0.2484360039234161
7,INTERMEDIATE,0,elu,16,0.3619788231562286,0.000459518484196,47,0.6877602189779282,0.694955538059103
7,INTERMEDIATE,1,elu,16,0.3619788231562286,0.000459518484196,47,0.6727664619684219,0.6805468571597132
7,INTERMEDIATE,2,elu,16,0.3619788231562286,0.000459518484196,47,0.6330781728029251,0.6606017371703838
7,INTERMEDIATE,3,elu,16,0.3619788231562286,0.000459518484196,47,0.5543091781437397,0.6047616827076879
7,INTERMEDIATE,4,elu,16,0.3619788231562286,0.000459518484196,47,0.436918469145894,0.5346960713123453
7,INTERMEDIATE,5,elu,16,0.3619788231562286,0.000459518484196,47,0.4018355095759034,0.4564262315117079
7,INTERMEDIATE,6,elu,16,0.3619788231562286,0.000459518484196,47,0.3427724754437804,0.4320158413771925
7,INTERMEDIATE,7,elu,16,0.3619788231562286,0.000459518484196,47,0.3064276701770723,0.3798974418434603
7,INTERMEDIATE,8,elu,16,0.3619788231562286,0.000459518484196,47,0.2911232067272067,0.3473292034247826
7,INTERMEDIATE,9,elu,16,0.3619788231562286,0.000459518484196,47,0.268543248064816,0.3438442296766001
7,INTERMEDIATE,10,elu,16,0.3619788231562286,0.000459518484196,47,0.2552999244071543,0.3327449154237221
7,INTERMEDIATE,11,elu,16,0.3619788231562286,0.000459518484196,47,0.3121492704376578,0.379112024245591
7,INTERMEDIATE,12,elu,16,0.3619788231562286,0.000459518484196,47,0.3161031436175108,0.3428588054817298
7,INTERMEDIATE,13,elu,16,0.3619788231562286,0.000459518484196,47,0.3335415013134479,0.33734614607589
7,INTERMEDIATE,14,elu,16,0.3619788231562286,0.000459518484196,47,0.2480419389903545,0.3234676043021268
7,INTERMEDIATE,15,elu,16,0.3619788231562286,0.000459518484196,47,0.2466389816254377,0.3202632891720739
7,INTERMEDIATE,16,elu,16,0.3619788231562286,0.000459518484196,47,0.2462029200978577,0.2953912171310392
7,INTERMEDIATE,17,elu,16,0.3619788231562286,0.000459518484196,47,0.2883197357878089,0.2915803715586662
7,INTERMEDIATE,18,elu,16,0.3619788231562286,0.000459518484196,47,0.2717731669545173,0.2911555006586272
7,INTERMEDIATE,19,elu,16,0.3619788231562286,0.000459518484196,47,0.264588663354516,0.289325367530872
7,INTERMEDIATE,20,elu,16,0.3619788231562286,0.000459518484196,47,0.2376341841882094,0.3069741001416897
7,INTERMEDIATE,21,elu,16,0.3619788231562286,0.000459518484196,47,0.279652601107955,0.286623103094512
7,INTERMEDIATE,22,elu,16,0.3619788231562286,0.000459518484196,47,0.2537915464490652,0.2791034561292878
7,INTERMEDIATE,23,elu,16,0.3619788231562286,0.000459518484196,47,0.2929501989856362,0.27707523158912
7,INTERMEDIATE,24,elu,16,0.3619788231562286,0.000459518484196,47,0.2563937474042177,0.2706212473326715
7,INTERMEDIATE,25,elu,16,0.3619788231562286,0.000459518484196,47,0.272099295631051,0.312833570457738
7,INTERMEDIATE,26,elu,16,0.3619788231562286,0.000459518484196,47,0.2254899458494037,0.2795353274920891
7,INTERMEDIATE,27,elu,16,0.3619788231562286,0.000459518484196,47,0.2802324937656522,0.2839143664158624
7,INTERMEDIATE,28,elu,16,0.3619788231562286,0.000459518484196,47,0.2581780068576336,0.2791246895132394
7,INTERMEDIATE,29,elu,16,0.3619788231562286,0.000459518484196,47,0.2398626413196325,0.2742977658736295
7,INTERMEDIATE,30,elu,16,0.3619788231562286,0.000459518484196,47,0.3225732278078794,0.2598568321815852
7,INTERMEDIATE,31,elu,16,0.3619788231562286,0.000459518484196,47,0.2473894823342561,0.3090703179096353
7,INTERMEDIATE,32,elu,16,0.3619788231562286,0.000459518484196,47,0.2502909963950515,0.3186096826504017
7,INTERMEDIATE,33,elu,16,0.3619788231562286,0.000459518484196,47,0.2502990029752254,0.294978895064058
7,INTERMEDIATE,34,elu,16,0.3619788231562286,0.000459518484196,47,0.232833111193031,0.2684980236507695
7,INTERMEDIATE,35,elu,16,0.3619788231562286,0.000459518484196,47,0.2927365554496646,0.2554333780346245
7,INTERMEDIATE,36,elu,16,0.3619788231562286,0.000459518484196,47,0.2819935120642185,0.2621573232885065
7,INTERMEDIATE,37,elu,16,0.3619788231562286,0.000459518484196,47,0.2556547857820987,0.2563318368689767
7,INTERMEDIATE,38,elu,16,0.3619788231562286,0.000459518484196,47,0.2925663506612181,0.256223527650381
7,INTERMEDIATE,39,elu,16,0.3619788231562286,0.000459518484196,47,0.2785731591284275,0.2616999207128738
7,INTERMEDIATE,40,elu,16,0.3619788231562286,0.000459518484196,47,0.259224696084857,0.2403187569359253
7,INTERMEDIATE,41,elu,16,0.3619788231562286,0.000459518484196,47,0.2591586541384458,0.2540772616349417
7,INTERMEDIATE,42,elu,16,0.3619788231562286,0.000459518484196,47,0.2823525723069906,0.2598970812456361
7,INTERMEDIATE,43,elu,16,0.3619788231562286,0.000459518484196,47,0.2460249019786715,0.2453419078012992
7,INTERMEDIATE,44,elu,16,0.3619788231562286,0.000459518484196,47,0.259303911589086,0.2498283265479679
7,INTERMEDIATE,45,elu,16,0.3619788231562286,0.000459518484196,47,0.2463558284798637,0.2424383236673371
7,INTERMEDIATE,46,elu,16,0.3619788231562286,0.000459518484196,47,0.2447819187073037,0.2277404658239463
7,INTERMEDIATE,47,elu,16,0.3619788231562286,0.000459518484196,47,0.2637519710697233,0.2347116409961519
7,INTERMEDIATE,48,elu,16,0.3619788231562286,0.000459518484196,47,0.312409901060164,0.2498873248696327
7,INTERMEDIATE,49,elu,16,0.3619788231562286,0.000459518484196,47,0.2360722115263342,0.2493779564212108
7,INTERMEDIATE,50,elu,16,0.3619788231562286,0.000459518484196,47,0.2754892613738775,0.2335153270898194
7,INTERMEDIATE,51,elu,16,0.3619788231562286,0.000459518484196,47,0.2823241730220616,0.229645775566841
7,INTERMEDIATE,52,elu,16,0.3619788231562286,0.000459518484196,47,0.2360901720821857,0.2361198939896863
7,INTERMEDIATE,53,elu,16,0.3619788231562286,0.000459518484196,47,0.3070687823928892,0.2251559691182498
7,INTERMEDIATE,54,elu,16,0.3619788231562286,0.000459518484196,47,0.2312436550855636,0.2434777524964562
7,INTERMEDIATE,55,elu,16,0.3619788231562286,0.000459518484196,47,0.3568628598004579,0.227100913637671
7,INTERMEDIATE,56,elu,16,0.3619788231562286,0.000459518484196,47,0.2419472625479102,0.2249384907812907
7,INTERMEDIATE,57,elu,16,0.3619788231562286,0.000459518484196,47,0.2119868639856577,0.2323562249155907
7,INTERMEDIATE,58,elu,16,0.3619788231562286,0.000459518484196,47,0.2293520534876734,0.2277634351931769
7,INTERMEDIATE,59,elu,16,0.3619788231562286,0.000459518484196,47,0.2602014988660812,0.2098035912575392
7,INTERMEDIATE,60,elu,16,0.3619788231562286,0.000459518484196,47,0.2388220308348536,0.2295796213478877
7,INTERMEDIATE,61,elu,16,0.3619788231562286,0.000459518484196,47,0.2618702393956482,0.2161463510630459
7,INTERMEDIATE,62,elu,16,0.3619788231562286,0.000459518484196,47,0.2695950306951999,0.2231902437734192
7,INTERMEDIATE,63,elu,16,0.3619788231562286,0.000459518484196,47,0.2405712204053998,0.2587637853776586
7,INTERMEDIATE,64,elu,16,0.3619788231562286,0.000459518484196,47,0.2235500302631408,0.2185579032219689
7,INTERMEDIATE,65,elu,16,0.3619788231562286,0.000459518484196,47,0.2145944988005794,0.2107684025219802
7,INTERMEDIATE,66,elu,16,0.3619788231562286,0.000459518484196,47,0.2101097878767177,0.2032673483521773
7,INTERMEDIATE,67,elu,16,0.3619788231562286,0.000459518484196,47,0.2360487359110266,0.2123141173144866
7,INTERMEDIATE,68,elu,16,0.3619788231562286,0.000459518484196,47,0.21095837559551,0.1995759164464884
7,INTERMEDIATE,69,elu,16,0.3619788231562286,0.000459518484196,47,0.2988129081204533,0.213938460139365
7,INTERMEDIATE,70,elu,16,0.3619788231562286,0.000459518484196,47,0.2175934533588588,0.2031004649811777
7,INTERMEDIATE,71,elu,16,0.3619788231562286,0.000459518484196,47,0.2231284237932413,0.2042354134650066
7,INTERMEDIATE,72,elu,16,0.3619788231562286,0.000459518484196,47,0.2788473898544907,0.1978425975760509
7,INTERMEDIATE,73,elu,16,0.3619788231562286,0.000459518484196,47,0.2210545031121,0.18640196381201
7,INTERMEDIATE,74,elu,16,0.3619788231562286,0.000459518484196,47,0.3094389885663986,0.2049915054491881
7,INTERMEDIATE,75,elu,16,0.3619788231562286,0.000459518484196,47,0.396782053168863,0.1902280560341374
7,INTERMEDIATE,76,elu,16,0.3619788231562286,0.000459518484196,47,0.2037038868293166,0.2004384342581033
7,INTERMEDIATE,77,elu,16,0.3619788231562286,0.000459518484196,47,0.2376854559406638,0.1845220520064748
7,INTERMEDIATE,78,elu,16,0.3619788231562286,0.000459518484196,47,0.2552941348403692,0.2074548173695802
7,INTERMEDIATE,79,elu,16,0.3619788231562286,0.000459518484196,47,0.2260189305525273,0.1956567369272996
7,INTERMEDIATE,80,elu,16,0.3619788231562286,0.000459518484196,47,0.2244488187134266,0.1938209852267955
7,INTERMEDIATE,81,elu,16,0.3619788231562286,0.000459518484196,47,0.2097369418479502,0.1932167105762095
7,INTERMEDIATE,82,elu,16,0.3619788231562286,0.000459518484196,47,0.3191753386054188,0.1859117966016818
7,INTERMEDIATE,83,elu,16,0.3619788231562286,0.000459518484196,47,0.3630020811688155,0.2362670181640263
7,INTERMEDIATE,84,elu,16,0.3619788231562286,0.000459518484196,47,0.2053532125428319,0.2531412829612863
7,INTERMEDIATE,85,elu,16,0.3619788231562286,0.000459518484196,47,0.3082934031262994,0.1897871905359728
7,INTERMEDIATE,86,elu,16,0.3619788231562286,0.000459518484196,47,0.3122520679607987,0.1872361387158262
7,INTERMEDIATE,87,elu,16,0.3619788231562286,0.000459518484196,47,0.2592217368073761,0.2014274669104609
7,INTERMEDIATE,88,elu,16,0.3619788231562286,0.000459518484196,47,0.2113466029986739,0.1863340420712684
7,INTERMEDIATE,89,elu,16,0.3619788231562286,0.000459518484196,47,0.1983530033903662,0.1844069272408197
7,INTERMEDIATE,90,elu,16,0.3619788231562286,0.000459518484196,47,0.1785944285802543,0.1760166974674011
7,INTERMEDIATE,91,elu,16,0.3619788231562286,0.000459518484196,47,0.2892631283029914,0.1710091122779353
7,INTERMEDIATE,92,elu,16,0.3619788231562286,0.000459518484196,47,0.2645517308264971,0.1956413336547798
7,INTERMEDIATE,93,elu,16,0.3619788231562286,0.000459518484196,47,0.2064519021660089,0.1793992357521221
7,INTERMEDIATE,94,elu,16,0.3619788231562286,0.000459518484196,47,0.2031452348455786,0.170599314416277
7,INTERMEDIATE,95,elu,16,0.3619788231562286,0.000459518484196,47,0.2719804304651916,0.1802297368774126
7,INTERMEDIATE,96,elu,16,0.3619788231562286,0.000459518484196,47,0.1919121870305389,0.1700098291039466
7,INTERMEDIATE,97,elu,16,0.3619788231562286,0.000459518484196,47,0.225620842538774,0.1926309277528319
7,INTERMEDIATE,98,elu,16,0.3619788231562286,0.000459518484196,47,0.3937580930069089,0.1884903247500288
7,INTERMEDIATE,99,elu,16,0.3619788231562286,0.000459518484196,47,0.2243109941482544,0.1826429150613217
7,INTERMEDIATE,100,elu,16,0.3619788231562286,0.000459518484196,47,0.4022599766030907,0.1662141166242032
7,INTERMEDIATE,101,elu,16,0.3619788231562286,0.000459518484196,47,0.1955643757246434,0.1718630155484224
7,INTERMEDIATE,102,elu,16,0.3619788231562286,0.000459518484196,47,0.1801426075398922,0.169302406046411
7,INTERMEDIATE,103,elu,16,0.3619788231562286,0.000459518484196,47,0.2078928175615146,0.1849150771981683
7,INTERMEDIATE,104,elu,16,0.3619788231562286,0.000459518484196,47,0.215910823084414,0.1650874089321185
7,INTERMEDIATE,105,elu,16,0.3619788231562286,0.000459518484196,47,0.1966030821204185,0.1662670731672953
7,INTERMEDIATE,106,elu,16,0.3619788231562286,0.000459518484196,47,0.2101529911160469,0.1570023691988196
7,INTERMEDIATE,107,elu,16,0.3619788231562286,0.000459518484196,47,0.1791322191711515,0.2013971733635869
7,INTERMEDIATE,108,elu,16,0.3619788231562286,0.000459518484196,47,0.3398489244282245,0.1777633293692408
7,INTERMEDIATE,109,elu,16,0.3619788231562286,0.000459518484196,47,0.2213173378258943,0.1602383327895197
7,INTERMEDIATE,110,elu,16,0.3619788231562286,0.000459518484196,47,0.2095380770042538,0.1726178894911346
7,INTERMEDIATE,111,elu,16,0.3619788231562286,0.000459518484196,47,0.1875993870198726,0.1581854034086753
7,INTERMEDIATE,112,elu,16,0.3619788231562286,0.000459518484196,47,0.2950247544795275,0.1788742971959813
7,INTERMEDIATE,113,elu,16,0.3619788231562286,0.000459518484196,47,0.2328611575067043,0.1573751264026966
7,INTERMEDIATE,114,elu,16,0.3619788231562286,0.000459518484196,47,0.2268905041273683,0.153197876787905
7,INTERMEDIATE,115,elu,16,0.3619788231562286,0.000459518484196,47,0.22438270971179,0.1698627891982423
7,INTERMEDIATE,116,elu,16,0.3619788231562286,0.000459518484196,47,0.2034160941839218,0.1795215101206097
7,INTERMEDIATE,117,elu,16,0.3619788231562286,0.000459518484196,47,0.2155333249829709,0.1592232123707774
7,INTERMEDIATE,118,elu,16,0.3619788231562286,0.000459518484196,47,0.1696444238477852,0.1612876818419016
7,INTERMEDIATE,119,elu,16,0.3619788231562286,0.000459518484196,47,0.1766150484327227,0.1485914764604692
7,INTERMEDIATE,120,elu,16,0.3619788231562286,0.000459518484196,47,0.2646651491522789,0.1477683230849175
7,INTERMEDIATE,121,elu,16,0.3619788231562286,0.000459518484196,47,0.1629967119952198,0.1278871371699818
7,INTERMEDIATE,122,elu,16,0.3619788231562286,0.000459518484196,47,0.1451959665864706,0.1497523372928644
7,INTERMEDIATE,123,elu,16,0.3619788231562286,0.000459518484196,47,0.2320670229382813,0.1236288492278806
7,INTERMEDIATE,124,elu,16,0.3619788231562286,0.000459518484196,47,0.1658543110825121,0.1455900063417081
7,INTERMEDIATE,125,elu,16,0.3619788231562286,0.000459518484196,47,0.164310251828283,0.1222437154501676
7,INTERMEDIATE,126,elu,16,0.3619788231562286,0.000459518484196,47,0.2079978921101428,0.1235453494471208
7,INTERMEDIATE,127,elu,16,0.3619788231562286,0.000459518484196,47,0.1643513063900172,0.1461001236055945
7,INTERMEDIATE,128,elu,16,0.3619788231562286,0.000459518484196,47,0.2163999219192192,0.1164290205864556
7,INTERMEDIATE,129,elu,16,0.3619788231562286,0.000459518484196,47,0.2207755474373698,0.1674005171155621
7,INTERMEDIATE,130,elu,16,0.3619788231562286,0.000459518484196,47,0.2610403592698276,0.13555567727649
7,INTERMEDIATE,131,elu,16,0.3619788231562286,0.000459518484196,47,0.1784272749791853,0.1249292060604383
7,INTERMEDIATE,132,elu,16,0.3619788231562286,0.000459518484196,47,0.1460708656813949,0.0935211683591378
7,INTERMEDIATE,133,elu,16,0.3619788231562286,0.000459518484196,47,0.2223249714879784,0.241287140561075
7,INTERMEDIATE,134,elu,16,0.3619788231562286,0.000459518484196,47,0.1144276731647551,0.1326875592549813
7,INTERMEDIATE,135,elu,16,0.3619788231562286,0.000459518484196,47,0.1779948635958135,0.1154332459615222
7,INTERMEDIATE,136,elu,16,0.3619788231562286,0.000459518484196,47,0.1511467304080724,0.1069275089379014
7,INTERMEDIATE,137,elu,16,0.3619788231562286,0.000459518484196,47,0.1550469857174903,0.1025010635112894
7,INTERMEDIATE,138,elu,16,0.3619788231562286,0.000459518484196,47,0.150850894220639,0.1234021702909777
7,INTERMEDIATE,139,elu,16,0.3619788231562286,0.000459518484196,47,0.1562743909889832,0.0819197354741908
7,INTERMEDIATE,140,elu,16,0.3619788231562286,0.000459518484196,47,0.1706747386051574,0.0780474103601842
7,INTERMEDIATE,141,elu,16,0.3619788231562286,0.000459518484196,47,0.3843609332107007,0.0835018306328304
7,INTERMEDIATE,142,elu,16,0.3619788231562286,0.000459518484196,47,0.2257429105229675,0.0792440955109637
7,INTERMEDIATE,143,elu,16,0.3619788231562286,0.000459518484196,47,0.2116262031559017,0.0627091314868423
7,INTERMEDIATE,144,elu,16,0.3619788231562286,0.000459518484196,47,0.2333153891377151,0.0753510471449458
7,INTERMEDIATE,145,elu,16,0.3619788231562286,0.000459518484196,47,0.1307474971981719,0.1274368334561586
7,INTERMEDIATE,146,elu,16,0.3619788231562286,0.000459518484196,47,0.1772317027207464,0.1474090664294259
7,INTERMEDIATE,147,elu,16,0.3619788231562286,0.000459518484196,47,0.1221068675513379,0.0822737007883602
7,INTERMEDIATE,148,elu,16,0.3619788231562286,0.000459518484196,47,0.1689906309475191,0.0540530110291879
7,INTERMEDIATE,149,elu,16,0.3619788231562286,0.000459518484196,47,0.1639429593924433,0.0665294846824916
7,COMPLETED,149,elu,16,0.3619788231562286,0.000459518484196,47,0.1144276731647551,0.1326875592549813
8,INTERMEDIATE,0,relu,64,0.1653448734315513,0.0001174700569379,33,0.703723132610321,0.6882353350520134
8,INTERMEDIATE,1,relu,64,0.1653448734315513,0.0001174700569379,33,0.7038342654705048,0.6970698833465576
8,INTERMEDIATE,2,relu,64,0.1653448734315513,0.0001174700569379,33,0.7016653120517731,0.690392293035984
8,INTERMEDIATE,3,relu,64,0.1653448734315513,0.0001174700569379,33,0.7026576995849609,0.689803808927536
8,INTERMEDIATE,4,relu,64,0.1653448734315513,0.0001174700569379,33,0.7002374529838562,0.6909292340278625
8,INTERMEDIATE,5,relu,64,0.1653448734315513,0.0001174700569379,33,0.7003912627696991,0.6846934854984283
8,INTERMEDIATE,6,relu,64,0.1653448734315513,0.0001174700569379,33,0.6989147961139679,0.6910407617688179
8,INTERMEDIATE,7,relu,64,0.1653448734315513,0.0001174700569379,33,0.6965136528015137,0.6876148581504822
8,INTERMEDIATE,8,relu,64,0.1653448734315513,0.0001174700569379,33,0.6953158378601074,0.6814098954200745
8,INTERMEDIATE,9,relu,64,0.1653448734315513,0.0001174700569379,33,0.6960299611091614,0.6856329068541527
8,INTERMEDIATE,10,relu,64,0.1653448734315513,0.0001174700569379,33,0.6932948231697083,0.6899876892566681
8,INTERMEDIATE,11,relu,64,0.1653448734315513,0.0001174700569379,33,0.6933867037296295,0.6857583373785019
8,INTERMEDIATE,12,relu,64,0.1653448734315513,0.0001174700569379,33,0.6944168508052826,0.6794072240591049
8,INTERMEDIATE,13,relu,64,0.1653448734315513,0.0001174700569379,33,0.691248893737793,0.6815632432699203
8,INTERMEDIATE,14,relu,64,0.1653448734315513,0.0001174700569379,33,0.6924075782299042,0.6810485571622849
8,INTERMEDIATE,15,relu,64,0.1653448734315513,0.0001174700569379,33,0.6915816962718964,0.6815246418118477
8,INTERMEDIATE,16,relu,64,0.1653448734315513,0.0001174700569379,33,0.6922656297683716,0.682812862098217
8,INTERMEDIATE,17,relu,64,0.1653448734315513,0.0001174700569379,33,0.6902641355991364,0.6831833124160767
8,INTERMEDIATE,18,relu,64,0.1653448734315513,0.0001174700569379,33,0.6874024569988251,0.6830781325697899
8,INTERMEDIATE,19,relu,64,0.1653448734315513,0.0001174700569379,33,0.6868069171905518,0.6810083165764809
8,INTERMEDIATE,20,relu,64,0.1653448734315513,0.0001174700569379,33,0.6845234930515289,0.6829855740070343
8,INTERMEDIATE,21,relu,64,0.1653448734315513,0.0001174700569379,33,0.6827944815158844,0.6723328232765198
8,INTERMEDIATE,22,relu,64,0.1653448734315513,0.0001174700569379,33,0.6822856664657593,0.6757037565112114
8,INTERMEDIATE,23,relu,64,0.1653448734315513,0.0001174700569379,33,0.6801985204219818,0.6808033809065819
8,INTERMEDIATE,24,relu,64,0.1653448734315513,0.0001174700569379,33,0.6813283264636993,0.6776097118854523
8,INTERMEDIATE,25,relu,64,0.1653448734315513,0.0001174700569379,33,0.6788782775402069,0.6774687021970749
8,INTERMEDIATE,26,relu,64,0.1653448734315513,0.0001174700569379,33,0.6779758036136627,0.6769550517201424
8,INTERMEDIATE,27,relu,64,0.1653448734315513,0.0001174700569379,33,0.6758817434310913,0.6727662310004234
8,INTERMEDIATE,28,relu,64,0.1653448734315513,0.0001174700569379,33,0.6756007373332977,0.6704334169626236
8,INTERMEDIATE,29,relu,64,0.1653448734315513,0.0001174700569379,33,0.6748555600643158,0.674616850912571
8,INTERMEDIATE,30,relu,64,0.1653448734315513,0.0001174700569379,33,0.6732611358165741,0.6706555932760239
8,INTERMEDIATE,31,relu,64,0.1653448734315513,0.0001174700569379,33,0.6723652184009552,0.6713774502277374
8,INTERMEDIATE,32,relu,64,0.1653448734315513,0.0001174700569379,33,0.6703773140907288,0.6693463325500488
8,INTERMEDIATE,33,relu,64,0.1653448734315513,0.0001174700569379,33,0.6703841686248779,0.6690249964594841
8,INTERMEDIATE,34,relu,64,0.1653448734315513,0.0001174700569379,33,0.6667199730873108,0.6709780618548393
8,INTERMEDIATE,35,relu,64,0.1653448734315513,0.0001174700569379,33,0.6675455868244171,0.6662644743919373
8,INTERMEDIATE,36,relu,64,0.1653448734315513,0.0001174700569379,33,0.6640456914901733,0.665326289832592
8,INTERMEDIATE,37,relu,64,0.1653448734315513,0.0001174700569379,33,0.6615895330905914,0.6664271131157875
8,INTERMEDIATE,38,relu,64,0.1653448734315513,0.0001174700569379,33,0.6625213623046875,0.6695872098207474
8,INTERMEDIATE,39,relu,64,0.1653448734315513,0.0001174700569379,33,0.6595613062381744,0.6568512171506882
8,INTERMEDIATE,40,relu,64,0.1653448734315513,0.0001174700569379,33,0.6589731276035309,0.6579593196511269
8,INTERMEDIATE,41,relu,64,0.1653448734315513,0.0001174700569379,33,0.6545563340187073,0.6549596935510635
8,INTERMEDIATE,42,relu,64,0.1653448734315513,0.0001174700569379,33,0.6536506414413452,0.654141940176487
8,INTERMEDIATE,43,relu,64,0.1653448734315513,0.0001174700569379,33,0.6468105018138885,0.6510220021009445
8,INTERMEDIATE,44,relu,64,0.1653448734315513,0.0001174700569379,33,0.6477068066596985,0.656985841691494
8,INTERMEDIATE,45,relu,64,0.1653448734315513,0.0001174700569379,33,0.6437727212905884,0.6534326151013374
8,INTERMEDIATE,46,relu,64,0.1653448734315513,0.0001174700569379,33,0.6423656344413757,0.6512036472558975
8,INTERMEDIATE,47,relu,64,0.1653448734315513,0.0001174700569379,33,0.6358039677143097,0.6364959254860878
8,INTERMEDIATE,48,relu,64,0.1653448734315513,0.0001174700569379,33,0.633105605840683,0.6351829841732979
8,INTERMEDIATE,49,relu,64,0.1653448734315513,0.0001174700569379,33,0.624291718006134,0.6403096914291382
8,INTERMEDIATE,50,relu,64,0.1653448734315513,0.0001174700569379,33,0.618394285440445,0.6237612515687943
8,INTERMEDIATE,51,relu,64,0.1653448734315513,0.0001174700569379,33,0.607751876115799,0.6274821683764458
8,INTERMEDIATE,52,relu,64,0.1653448734315513,0.0001174700569379,33,0.5971696972846985,0.610631600022316
8,INTERMEDIATE,53,relu,64,0.1653448734315513,0.0001174700569379,33,0.5812329947948456,0.5976105034351349
8,INTERMEDIATE,54,relu,64,0.1653448734315513,0.0001174700569379,33,0.567552775144577,0.596729688346386
8,INTERMEDIATE,55,relu,64,0.1653448734315513,0.0001174700569379,33,0.5537274777889252,0.5824101641774178
8,INTERMEDIATE,56,relu,64,0.1653448734315513,0.0001174700569379,33,0.5482760667800903,0.5912850424647331
8,INTERMEDIATE,57,relu,64,0.1653448734315513,0.0001174700569379,33,0.5330319106578827,0.5846249237656593
8,INTERMEDIATE,58,relu,64,0.1653448734315513,0.0001174700569379,33,0.5259469151496887,0.5546845905482769
8,INTERMEDIATE,59,relu,64,0.1653448734315513,0.0001174700569379,33,0.5262709259986877,0.5413879565894604
8,INTERMEDIATE,60,relu,64,0.1653448734315513,0.0001174700569379,33,0.5250924527645111,0.5640231259167194
8,INTERMEDIATE,61,relu,64,0.1653448734315513,0.0001174700569379,33,0.5071549415588379,0.5268475636839867
8,INTERMEDIATE,62,relu,64,0.1653448734315513,0.0001174700569379,33,0.5207711607217789,0.5230546034872532
8,INTERMEDIATE,63,relu,64,0.1653448734315513,0.0001174700569379,33,0.5275492370128632,0.5313838869333267
8,INTERMEDIATE,64,relu,64,0.1653448734315513,0.0001174700569379,33,0.4926677346229553,0.5425051487982273
8,INTERMEDIATE,65,relu,64,0.1653448734315513,0.0001174700569379,33,0.4911976903676986,0.5366143882274628
8,INTERMEDIATE,66,relu,64,0.1653448734315513,0.0001174700569379,33,0.4831402450799942,0.5063051134347916
8,INTERMEDIATE,67,relu,64,0.1653448734315513,0.0001174700569379,33,0.506301999092102,0.5089497342705727
8,INTERMEDIATE,68,relu,64,0.1653448734315513,0.0001174700569379,33,0.4981138408184051,0.5248814411461353
8,INTERMEDIATE,69,relu,64,0.1653448734315513,0.0001174700569379,33,0.47752845287323,0.5137616395950317
8,INTERMEDIATE,70,relu,64,0.1653448734315513,0.0001174700569379,33,0.4651176035404205,0.5323812253773212
8,INTERMEDIATE,71,relu,64,0.1653448734315513,0.0001174700569379,33,0.4811622053384781,0.5069937631487846
8,INTERMEDIATE,72,relu,64,0.1653448734315513,0.0001174700569379,33,0.4690182209014892,0.5026821233332157
8,INTERMEDIATE,73,relu,64,0.1653448734315513,0.0001174700569379,33,0.46628138422966,0.4896776340901851
8,INTERMEDIATE,74,relu,64,0.1653448734315513,0.0001174700569379,33,0.4702991992235183,0.4817428067326545
8,INTERMEDIATE,75,relu,64,0.1653448734315513,0.0001174700569379,33,0.4632368981838226,0.5045105181634426
8,INTERMEDIATE,76,relu,64,0.1653448734315513,0.0001174700569379,33,0.4658625274896621,0.5098165534436703
8,INTERMEDIATE,77,relu,64,0.1653448734315513,0.0001174700569379,33,0.4636424630880356,0.4992044158279896
8,INTERMEDIATE,78,relu,64,0.1653448734315513,0.0001174700569379,33,0.4618520736694336,0.4760976955294609
8,INTERMEDIATE,79,relu,64,0.1653448734315513,0.0001174700569379,33,0.4537314176559448,0.4862322509288788
8,INTERMEDIATE,80,relu,64,0.1653448734315513,0.0001174700569379,33,0.4512408077716827,0.4659146405756473
8,INTERMEDIATE,81,relu,64,0.1653448734315513,0.0001174700569379,33,0.4599460065364837,0.4778112806379795
8,INTERMEDIATE,82,relu,64,0.1653448734315513,0.0001174700569379,33,0.4483923763036728,0.499159824103117
8,INTERMEDIATE,83,relu,64,0.1653448734315513,0.0001174700569379,33,0.4499716013669967,0.4885320216417312
8,INTERMEDIATE,84,relu,64,0.1653448734315513,0.0001174700569379,33,0.4527534246444702,0.4885701425373554
8,INTERMEDIATE,85,relu,64,0.1653448734315513,0.0001174700569379,33,0.4549361616373062,0.5185430720448494
8,INTERMEDIATE,86,relu,64,0.1653448734315513,0.0001174700569379,33,0.448304682970047,0.4963464699685573
8,INTERMEDIATE,87,relu,64,0.1653448734315513,0.0001174700569379,33,0.4383818507194519,0.475013192743063
8,INTERMEDIATE,88,relu,64,0.1653448734315513,0.0001174700569379,33,0.4226534366607666,0.4898952394723892
8,INTERMEDIATE,89,relu,64,0.1653448734315513,0.0001174700569379,33,0.4244041293859482,0.4926061183214187
8,INTERMEDIATE,90,relu,64,0.1653448734315513,0.0001174700569379,33,0.4217369109392166,0.4494136795401573
8,INTERMEDIATE,91,relu,64,0.1653448734315513,0.0001174700569379,33,0.4210506081581116,0.4648558050394058
8,INTERMEDIATE,92,relu,64,0.1653448734315513,0.0001174700569379,33,0.4270824342966079,0.4509981013834476
8,INTERMEDIATE,93,relu,64,0.1653448734315513,0.0001174700569379,33,0.4244644492864609,0.4598619639873504
8,INTERMEDIATE,94,relu,64,0.1653448734315513,0.0001174700569379,33,0.4274988025426864,0.4970697611570358
8,INTERMEDIATE,95,relu,64,0.1653448734315513,0.0001174700569379,33,0.4175636023283005,0.4848344884812832
8,INTERMEDIATE,96,relu,64,0.1653448734315513,0.0001174700569379,33,0.418713167309761,0.4839210845530033
8,INTERMEDIATE,97,relu,64,0.1653448734315513,0.0001174700569379,33,0.4136063307523727,0.4310271516442299
8,INTERMEDIATE,98,relu,64,0.1653448734315513,0.0001174700569379,33,0.4117165207862854,0.4554539732635021
8,INTERMEDIATE,99,relu,64,0.1653448734315513,0.0001174700569379,33,0.4256321340799331,0.4554846659302711
8,INTERMEDIATE,100,relu,64,0.1653448734315513,0.0001174700569379,33,0.4205399304628372,0.4547130838036537
8,INTERMEDIATE,101,relu,64,0.1653448734315513,0.0001174700569379,33,0.4178528189659118,0.4489688910543918
8,INTERMEDIATE,102,relu,64,0.1653448734315513,0.0001174700569379,33,0.4186660647392273,0.4211817700415849
8,INTERMEDIATE,103,relu,64,0.1653448734315513,0.0001174700569379,33,0.4122280478477478,0.4383998215198517
8,INTERMEDIATE,104,relu,64,0.1653448734315513,0.0001174700569379,33,0.414364755153656,0.4678423963487148
8,INTERMEDIATE,105,relu,64,0.1653448734315513,0.0001174700569379,33,0.4120824635028839,0.4367565549910068
8,INTERMEDIATE,106,relu,64,0.1653448734315513,0.0001174700569379,33,0.4034466594457626,0.4352744556963444
8,INTERMEDIATE,107,relu,64,0.1653448734315513,0.0001174700569379,33,0.3959330916404724,0.4635216183960438
8,INTERMEDIATE,108,relu,64,0.1653448734315513,0.0001174700569379,33,0.3934598565101623,0.4367094412446022
8,INTERMEDIATE,109,relu,64,0.1653448734315513,0.0001174700569379,33,0.3948066681623459,0.4539302811026573
8,INTERMEDIATE,110,relu,64,0.1653448734315513,0.0001174700569379,33,0.3965188860893249,0.4313359633088112
8,INTERMEDIATE,111,relu,64,0.1653448734315513,0.0001174700569379,33,0.3858269304037094,0.4238738641142845
8,INTERMEDIATE,112,relu,64,0.1653448734315513,0.0001174700569379,33,0.4022048860788345,0.4126744940876961
8,INTERMEDIATE,113,relu,64,0.1653448734315513,0.0001174700569379,33,0.3950866460800171,0.4543341398239136
8,INTERMEDIATE,114,relu,64,0.1653448734315513,0.0001174700569379,33,0.4084113240242004,0.4522862173616886
8,INTERMEDIATE,115,relu,64,0.1653448734315513,0.0001174700569379,33,0.3852775990962982,0.4028305280953645
8,INTERMEDIATE,116,relu,64,0.1653448734315513,0.0001174700569379,33,0.3817716240882873,0.4123061820864677
8,INTERMEDIATE,117,relu,64,0.1653448734315513,0.0001174700569379,33,0.3868360966444015,0.4415276423096657
8,INTERMEDIATE,118,relu,64,0.1653448734315513,0.0001174700569379,33,0.3807269483804703,0.401832852512598
8,INTERMEDIATE,119,relu,64,0.1653448734315513,0.0001174700569379,33,0.3845746517181396,0.4587773941457271
8,INTERMEDIATE,120,relu,64,0.1653448734315513,0.0001174700569379,33,0.3782738745212555,0.4272509813308716
8,INTERMEDIATE,121,relu,64,0.1653448734315513,0.0001174700569379,33,0.3746980428695678,0.4307159706950187
8,INTERMEDIATE,122,relu,64,0.1653448734315513,0.0001174700569379,33,0.3787954300642013,0.4382412694394588
8,INTERMEDIATE,123,relu,64,0.1653448734315513,0.0001174700569379,33,0.36236672103405,0.3967841751873493
8,INTERMEDIATE,124,relu,64,0.1653448734315513,0.0001174700569379,33,0.3760351091623306,0.4141981638967991
8,INTERMEDIATE,125,relu,64,0.1653448734315513,0.0001174700569379,33,0.3718312680721283,0.4057454317808151
8,INTERMEDIATE,126,relu,64,0.1653448734315513,0.0001174700569379,33,0.3657330572605133,0.4040777571499347
8,INTERMEDIATE,127,relu,64,0.1653448734315513,0.0001174700569379,33,0.3723856210708618,0.4049798585474491
8,INTERMEDIATE,128,relu,64,0.1653448734315513,0.0001174700569379,33,0.3581258505582809,0.4135281853377819
8,INTERMEDIATE,129,relu,64,0.1653448734315513,0.0001174700569379,33,0.3654399663209915,0.3959258422255516
8,INTERMEDIATE,130,relu,64,0.1653448734315513,0.0001174700569379,33,0.3690211176872253,0.4274709038436413
8,INTERMEDIATE,131,relu,64,0.1653448734315513,0.0001174700569379,33,0.3674859702587127,0.4072527959942817
8,INTERMEDIATE,132,relu,64,0.1653448734315513,0.0001174700569379,33,0.360132485628128,0.4028087258338928
8,INTERMEDIATE,133,relu,64,0.1653448734315513,0.0001174700569379,33,0.3627829402685165,0.3919946886599064
8,INTERMEDIATE,134,relu,64,0.1653448734315513,0.0001174700569379,33,0.3621684312820434,0.3890611790120601
8,INTERMEDIATE,135,relu,64,0.1653448734315513,0.0001174700569379,33,0.3559065461158752,0.4203811660408973
8,INTERMEDIATE,136,relu,64,0.1653448734315513,0.0001174700569379,33,0.3547253608703613,0.4203914292156696
8,INTERMEDIATE,137,relu,64,0.1653448734315513,0.0001174700569379,33,0.3571199774742126,0.3775010742247104
8,INTERMEDIATE,138,relu,64,0.1653448734315513,0.0001174700569379,33,0.3585437834262848,0.3920198865234852
8,INTERMEDIATE,139,relu,64,0.1653448734315513,0.0001174700569379,33,0.360285609960556,0.379172470420599
8,INTERMEDIATE,140,relu,64,0.1653448734315513,0.0001174700569379,33,0.3492372632026672,0.3839579652994871
8,INTERMEDIATE,141,relu,64,0.1653448734315513,0.0001174700569379,33,0.3466261625289917,0.3986539877951145
8,INTERMEDIATE,142,relu,64,0.1653448734315513,0.0001174700569379,33,0.3725540488958359,0.3769249077886343
8,INTERMEDIATE,143,relu,64,0.1653448734315513,0.0001174700569379,33,0.3591131716966629,0.3745305929332971
8,INTERMEDIATE,144,relu,64,0.1653448734315513,0.0001174700569379,33,0.3687387108802795,0.3863018900156021
8,INTERMEDIATE,145,relu,64,0.1653448734315513,0.0001174700569379,33,0.3472843468189239,0.3701304048299789
8,INTERMEDIATE,146,relu,64,0.1653448734315513,0.0001174700569379,33,0.3432071655988693,0.403280895203352
8,INTERMEDIATE,147,relu,64,0.1653448734315513,0.0001174700569379,33,0.3395237326622009,0.3786244168877601
8,INTERMEDIATE,148,relu,64,0.1653448734315513,0.0001174700569379,33,0.3662663400173187,0.3705473393201828
8,INTERMEDIATE,149,relu,64,0.1653448734315513,0.0001174700569379,33,0.3493363708257675,0.4308562241494655
8,COMPLETED,149,relu,64,0.1653448734315513,0.0001174700569379,33,0.3395237326622009,0.3786244168877601
9,INTERMEDIATE,0,relu,64,0.3544366599758131,0.0008299773384823,34,0.689630001783371,0.712392084300518
9,INTERMEDIATE,1,relu,64,0.3544366599758131,0.0008299773384823,34,0.6834340691566467,0.6988584324717522
9,INTERMEDIATE,2,relu,64,0.3544366599758131,0.0008299773384823,34,0.6782456636428833,0.6890567615628242
9,INTERMEDIATE,3,relu,64,0.3544366599758131,0.0008299773384823,34,0.6736256182193756,0.6860418617725372
9,INTERMEDIATE,4,relu,64,0.3544366599758131,0.0008299773384823,34,0.6643352508544922,0.6766021624207497
9,INTERMEDIATE,5,relu,64,0.3544366599758131,0.0008299773384823,34,0.6487278342247009,0.6622145473957062
9,INTERMEDIATE,6,relu,64,0.3544366599758131,0.0008299773384823,34,0.6247577667236328,0.6433350220322609
9,INTERMEDIATE,7,relu,64,0.3544366599758131,0.0008299773384823,34,0.5784169137477875,0.61843191832304
9,INTERMEDIATE,8,relu,64,0.3544366599758131,0.0008299773384823,34,0.5150982439517975,0.565492294728756
9,INTERMEDIATE,9,relu,64,0.3544366599758131,0.0008299773384823,34,0.4663976579904556,0.5128316543996334
9,INTERMEDIATE,10,relu,64,0.3544366599758131,0.0008299773384823,34,0.4616828113794327,0.4813464097678661
9,INTERMEDIATE,11,relu,64,0.3544366599758131,0.0008299773384823,34,0.4018928557634353,0.4221740029752254
9,INTERMEDIATE,12,relu,64,0.3544366599758131,0.0008299773384823,34,0.4431949108839035,0.4427389502525329
9,INTERMEDIATE,13,relu,64,0.3544366599758131,0.0008299773384823,34,0.38387531042099,0.4053426347672939
9,INTERMEDIATE,14,relu,64,0.3544366599758131,0.0008299773384823,34,0.3430031538009643,0.4360267370939255
9,INTERMEDIATE,15,relu,64,0.3544366599758131,0.0008299773384823,34,0.3465898483991623,0.3719307370483875
9,INTERMEDIATE,16,relu,64,0.3544366599758131,0.0008299773384823,34,0.3249096274375915,0.3450114540755749
9,INTERMEDIATE,17,relu,64,0.3544366599758131,0.0008299773384823,34,0.3133984953165054,0.3217024365440011
9,INTERMEDIATE,18,relu,64,0.3544366599758131,0.0008299773384823,34,0.3032191693782806,0.3300654981285333
9,INTERMEDIATE,19,relu,64,0.3544366599758131,0.0008299773384823,34,0.2748689502477646,0.4081490486860275
9,INTERMEDIATE,20,relu,64,0.3544366599758131,0.0008299773384823,34,0.2757844179868698,0.3014175705611706
9,INTERMEDIATE,21,relu,64,0.3544366599758131,0.0008299773384823,34,0.2602996379137039,0.3122953586280346
9,INTERMEDIATE,22,relu,64,0.3544366599758131,0.0008299773384823,34,0.2659326866269111,0.3270505201071501
9,INTERMEDIATE,23,relu,64,0.3544366599758131,0.0008299773384823,34,0.2408019751310348,0.2901677135378122
9,INTERMEDIATE,24,relu,64,0.3544366599758131,0.0008299773384823,34,0.2661611214280128,0.3082472123205662
9,INTERMEDIATE,25,relu,64,0.3544366599758131,0.0008299773384823,34,0.2702484503388405,0.3688661027699709
9,INTERMEDIATE,26,relu,64,0.3544366599758131,0.0008299773384823,34,0.287805899977684,0.2783675603568554
9,INTERMEDIATE,27,relu,64,0.3544366599758131,0.0008299773384823,34,0.2967343553900718,0.3085542842745781
9,INTERMEDIATE,28,relu,64,0.3544366599758131,0.0008299773384823,34,0.269903764128685,0.3016536869108677
9,INTERMEDIATE,29,relu,64,0.3544366599758131,0.0008299773384823,34,0.251240499317646,0.26336988247931
9,INTERMEDIATE,30,relu,64,0.3544366599758131,0.0008299773384823,34,0.2505749613046646,0.2572251632809639
9,INTERMEDIATE,31,relu,64,0.3544366599758131,0.0008299773384823,34,0.2971365004777908,0.2480797003954649
9,INTERMEDIATE,32,relu,64,0.3544366599758131,0.0008299773384823,34,0.3585973680019378,0.3229588232934475
9,INTERMEDIATE,33,relu,64,0.3544366599758131,0.0008299773384823,34,0.3545484095811844,0.3608572632074356
9,INTERMEDIATE,34,relu,64,0.3544366599758131,0.0008299773384823,34,0.3578964471817016,0.3226544428616762
9,INTERMEDIATE,35,relu,64,0.3544366599758131,0.0008299773384823,34,0.3311797976493835,0.2912115957587957
9,INTERMEDIATE,36,relu,64,0.3544366599758131,0.0008299773384823,34,0.3678873479366302,0.2657105475664139
9,INTERMEDIATE,37,relu,64,0.3544366599758131,0.0008299773384823,34,0.2915999442338943,0.2887187004089355
9,INTERMEDIATE,38,relu,64,0.3544366599758131,0.0008299773384823,34,0.2611101865768432,0.3238064013421535
9,INTERMEDIATE,39,relu,64,0.3544366599758131,0.0008299773384823,34,0.2423821538686752,0.291414538398385
9,INTERMEDIATE,40,relu,64,0.3544366599758131,0.0008299773384823,34,0.2575887516140938,0.260734137147665
9,INTERMEDIATE,41,relu,64,0.3544366599758131,0.0008299773384823,34,0.2463596388697624,0.2507930304855108
9,INTERMEDIATE,42,relu,64,0.3544366599758131,0.0008299773384823,34,0.2526408061385155,0.2319716773927211
9,INTERMEDIATE,43,relu,64,0.3544366599758131,0.0008299773384823,34,0.2533390820026397,0.2342887436971068
9,INTERMEDIATE,44,relu,64,0.3544366599758131,0.0008299773384823,34,0.2598683089017868,0.260316813364625
9,INTERMEDIATE,45,relu,64,0.3544366599758131,0.0008299773384823,34,0.236192025244236,0.2548485044389963
9,INTERMEDIATE,46,relu,64,0.3544366599758131,0.0008299773384823,34,0.2319168001413345,0.2369449962861836
9,INTERMEDIATE,47,relu,64,0.3544366599758131,0.0008299773384823,34,0.244133710861206,0.2254391470924019
9,INTERMEDIATE,48,relu,64,0.3544366599758131,0.0008299773384823,34,0.2470434084534645,0.2115409839898347
9,INTERMEDIATE,49,relu,64,0.3544366599758131,0.0008299773384823,34,0.2782859802246094,0.2779667731374502
9,INTERMEDIATE,50,relu,64,0.3544366599758131,0.0008299773384823,34,0.229541040956974,0.2504418101161718
9,INTERMEDIATE,51,relu,64,0.3544366599758131,0.0008299773384823,34,0.2439106330275535,0.2555778101086616
9,INTERMEDIATE,52,relu,64,0.3544366599758131,0.0008299773384823,34,0.2455149516463279,0.2431082352995872
9,INTERMEDIATE,53,relu,64,0.3544366599758131,0.0008299773384823,34,0.2852697968482971,0.2399662816897034
9,INTERMEDIATE,54,relu,64,0.3544366599758131,0.0008299773384823,34,0.2551199644804001,0.2280959412455558
9,INTERMEDIATE,55,relu,64,0.3544366599758131,0.0008299773384823,34,0.258247934281826,0.2440119124948978
9,INTERMEDIATE,56,relu,64,0.3544366599758131,0.0008299773384823,34,0.2826422080397606,0.2413459988310933
9,INTERMEDIATE,57,relu,64,0.3544366599758131,0.0008299773384823,34,0.2598157301545143,0.2814973276108503
9,INTERMEDIATE,58,relu,64,0.3544366599758131,0.0008299773384823,34,0.2342750951647758,0.2199181532487273
9,INTERMEDIATE,59,relu,64,0.3544366599758131,0.0008299773384823,34,0.2376189231872558,0.2268618876114487
9,INTERMEDIATE,60,relu,64,0.3544366599758131,0.0008299773384823,34,0.252817615866661,0.2211244376376271
9,INTERMEDIATE,61,relu,64,0.3544366599758131,0.0008299773384823,34,0.2721964791417122,0.2315258122980594
9,INTERMEDIATE,62,relu,64,0.3544366599758131,0.0008299773384823,34,0.2387828901410102,0.2457862831652164
9,INTERMEDIATE,63,relu,64,0.3544366599758131,0.0008299773384823,34,0.21775833517313,0.2687411997467279
9,INTERMEDIATE,64,relu,64,0.3544366599758131,0.0008299773384823,34,0.2195826321840286,0.2137742647901177
9,INTERMEDIATE,65,relu,64,0.3544366599758131,0.0008299773384823,34,0.2270687147974968,0.2381492704153061
9,INTERMEDIATE,66,relu,64,0.3544366599758131,0.0008299773384823,34,0.2708735391497612,0.2254670169204473
9,INTERMEDIATE,67,relu,64,0.3544366599758131,0.0008299773384823,34,0.2351819202303886,0.2363202716223895
9,INTERMEDIATE,68,relu,64,0.3544366599758131,0.0008299773384823,34,0.2405094802379608,0.2426822315901518
9,INTERMEDIATE,69,relu,64,0.3544366599758131,0.0008299773384823,34,0.2444156780838966,0.2330116257071495
9,INTERMEDIATE,70,relu,64,0.3544366599758131,0.0008299773384823,34,0.2312189042568206,0.2118670884519815
9,INTERMEDIATE,71,relu,64,0.3544366599758131,0.0008299773384823,34,0.2395683974027633,0.2206574156880378
9,INTERMEDIATE,72,relu,64,0.3544366599758131,0.0008299773384823,34,0.2080562710762024,0.2203384451568126
9,INTERMEDIATE,73,relu,64,0.3544366599758131,0.0008299773384823,34,0.2045428529381752,0.1918309722095728
9,INTERMEDIATE,74,relu,64,0.3544366599758131,0.0008299773384823,34,0.3251483887434006,0.2612016722559929
9,INTERMEDIATE,75,relu,64,0.3544366599758131,0.0008299773384823,34,0.2631846070289612,0.2550981026142835
9,INTERMEDIATE,76,relu,64,0.3544366599758131,0.0008299773384823,34,0.370640754699707,0.4325923286378383
9,INTERMEDIATE,77,relu,64,0.3544366599758131,0.0008299773384823,34,0.2958953976631164,0.2681033695116639
9,INTERMEDIATE,78,relu,64,0.3544366599758131,0.0008299773384823,34,0.2453150898218155,0.2530844006687403
9,INTERMEDIATE,79,relu,64,0.3544366599758131,0.0008299773384823,34,0.2269840463995933,0.2465089242905378
9,INTERMEDIATE,80,relu,64,0.3544366599758131,0.0008299773384823,34,0.2447834312915802,0.2019030707888305
9,INTERMEDIATE,81,relu,64,0.3544366599758131,0.0008299773384823,34,0.2610833048820495,0.2601172346621752
9,INTERMEDIATE,82,relu,64,0.3544366599758131,0.0008299773384823,34,0.2857912182807922,0.2196499034762382
9,INTERMEDIATE,83,relu,64,0.3544366599758131,0.0008299773384823,34,0.278854563832283,0.2058592122048139
9,INTERMEDIATE,84,relu,64,0.3544366599758131,0.0008299773384823,34,0.2827542573213577,0.2314107716083526
9,INTERMEDIATE,85,relu,64,0.3544366599758131,0.0008299773384823,34,0.2382023334503173,0.1991389691829681
9,INTERMEDIATE,86,relu,64,0.3544366599758131,0.0008299773384823,34,0.2238944172859192,0.1854919223114848
9,INTERMEDIATE,87,relu,64,0.3544366599758131,0.0008299773384823,34,0.2353187426924705,0.1902460670098662
9,INTERMEDIATE,88,relu,64,0.3544366599758131,0.0008299773384823,34,0.2340938970446586,0.1840275772847235
9,INTERMEDIATE,89,relu,64,0.3544366599758131,0.0008299773384823,34,0.2399540320038795,0.2840326186269521
9,INTERMEDIATE,90,relu,64,0.3544366599758131,0.0008299773384823,34,0.2500118836760521,0.1961063034832477
9,INTERMEDIATE,91,relu,64,0.3544366599758131,0.0008299773384823,34,0.2499797418713569,0.1786902649328112
9,INTERMEDIATE,92,relu,64,0.3544366599758131,0.0008299773384823,34,0.2672690376639366,0.2135989246889948
9,INTERMEDIATE,93,relu,64,0.3544366599758131,0.0008299773384823,34,0.2402267605066299,0.1901811361312866
9,INTERMEDIATE,94,relu,64,0.3544366599758131,0.0008299773384823,34,0.2407683655619621,0.2358706649392843
9,INTERMEDIATE,95,relu,64,0.3544366599758131,0.0008299773384823,34,0.2413346469402313,0.2086486034095287
9,INTERMEDIATE,96,relu,64,0.3544366599758131,0.0008299773384823,34,0.2407129257917404,0.1781362928450107
9,INTERMEDIATE,97,relu,64,0.3544366599758131,0.0008299773384823,34,0.241338200867176,0.1876727351918816
9,INTERMEDIATE,98,relu,64,0.3544366599758131,0.0008299773384823,34,0.2208432033658027,0.1789558874443173
9,INTERMEDIATE,99,relu,64,0.3544366599758131,0.0008299773384823,34,0.229495607316494,0.21285882871598
9,INTERMEDIATE,100,relu,64,0.3544366599758131,0.0008299773384823,34,0.2303586676716804,0.191610774025321
9,INTERMEDIATE,101,relu,64,0.3544366599758131,0.0008299773384823,34,0.2384858205914497,0.1757360929623246
9,INTERMEDIATE,102,relu,64,0.3544366599758131,0.0008299773384823,34,0.2471354305744171,0.2415842749178409
9,INTERMEDIATE,103,relu,64,0.3544366599758131,0.0008299773384823,34,0.250925250351429,0.1968141887336969
9,INTERMEDIATE,104,relu,64,0.3544366599758131,0.0008299773384823,34,0.2447278797626495,0.1885029175318777
9,INTERMEDIATE,105,relu,64,0.3544366599758131,0.0008299773384823,34,0.2561980560421943,0.1802593432366848
9,INTERMEDIATE,106,relu,64,0.3544366599758131,0.0008299773384823,34,0.242933414876461,0.2083538295701146
9,INTERMEDIATE,107,relu,64,0.3544366599758131,0.0008299773384823,34,0.2273750975728035,0.1749002560973167
9,INTERMEDIATE,108,relu,64,0.3544366599758131,0.0008299773384823,34,0.2505424544215202,0.1631982950493693
9,INTERMEDIATE,109,relu,64,0.3544366599758131,0.0008299773384823,34,0.2365487888455391,0.3213962037116289
9,INTERMEDIATE,110,relu,64,0.3544366599758131,0.0008299773384823,34,0.242725022137165,0.172619083430618
9,INTERMEDIATE,111,relu,64,0.3544366599758131,0.0008299773384823,34,0.2415604442358017,0.192055900581181
9,INTERMEDIATE,112,relu,64,0.3544366599758131,0.0008299773384823,34,0.2838734164834022,0.2258415622636675
9,INTERMEDIATE,113,relu,64,0.3544366599758131,0.0008299773384823,34,0.2631510943174362,0.151828727684915
9,COMPLETED,113,relu,64,0.3544366599758131,0.0008299773384823,34,0.2045428529381752,0.1918309722095728
10,INTERMEDIATE,0,relu,16,0.2188767332077204,0.0007430670009952,42,0.6826343238353729,0.6858990644586498
10,INTERMEDIATE,1,relu,16,0.2188767332077204,0.0007430670009952,42,0.6395976766943932,0.6608673272461727
10,INTERMEDIATE,2,relu,16,0.2188767332077204,0.0007430670009952,42,0.5593143813312054,0.5897162906054793
10,INTERMEDIATE,3,relu,16,0.2188767332077204,0.0007430670009952,42,0.5091020166873932,0.5196254489750698
10,INTERMEDIATE,4,relu,16,0.2188767332077204,0.0007430670009952,42,0.467616818845272,0.5408788467275685
10,INTERMEDIATE,5,relu,16,0.2188767332077204,0.0007430670009952,42,0.4217332154512405,0.4656783054614889
10,INTERMEDIATE,6,relu,16,0.2188767332077204,0.0007430670009952,42,0.3777442183345556,0.4194795494449549
10,INTERMEDIATE,7,relu,16,0.2188767332077204,0.0007430670009952,42,0.3376106228679418,0.3541731459313425
10,INTERMEDIATE,8,relu,16,0.2188767332077204,0.0007430670009952,42,0.3091441262513399,0.3482252030537046
10,INTERMEDIATE,9,relu,16,0.2188767332077204,0.0007430670009952,42,0.2705268859863281,0.3318220068668497
10,INTERMEDIATE,10,relu,16,0.2188767332077204,0.0007430670009952,42,0.2817245032638311,0.3296083386602073
10,INTERMEDIATE,11,relu,16,0.2188767332077204,0.0007430670009952,42,0.3641289742663502,0.3102217532437423
10,INTERMEDIATE,12,relu,16,0.2188767332077204,0.0007430670009952,42,0.3218215331435203,0.3168770000338554
10,INTERMEDIATE,13,relu,16,0.2188767332077204,0.0007430670009952,42,0.2387967300601303,0.3117318541325372
10,INTERMEDIATE,14,relu,16,0.2188767332077204,0.0007430670009952,42,0.3288309641648084,0.3239421500214215
10,INTERMEDIATE,15,relu,16,0.2188767332077204,0.0007430670009952,42,0.2644708158914,0.3594564461502536
10,INTERMEDIATE,16,relu,16,0.2188767332077204,0.0007430670009952,42,0.3099126741290092,0.2986125374405548
10,INTERMEDIATE,17,relu,16,0.2188767332077204,0.0007430670009952,42,0.2763207629323005,0.2937741700945229
10,INTERMEDIATE,18,relu,16,0.2188767332077204,0.0007430670009952,42,0.3093324154615402,0.292658486242952
10,INTERMEDIATE,19,relu,16,0.2188767332077204,0.0007430670009952,42,0.2898655431345105,0.3051830201313413
10,INTERMEDIATE,20,relu,16,0.2188767332077204,0.0007430670009952,42,0.2699976172298193,0.2844287228995356
10,INTERMEDIATE,21,relu,16,0.2188767332077204,0.0007430670009952,42,0.2781892884522676,0.288160469254543
10,INTERMEDIATE,22,relu,16,0.2188767332077204,0.0007430670009952,42,0.2915724776685238,0.2793241802217631
10,INTERMEDIATE,23,relu,16,0.2188767332077204,0.0007430670009952,42,0.2781791826710105,0.3121932226008382
10,INTERMEDIATE,24,relu,16,0.2188767332077204,0.0007430670009952,42,0.2514571882784366,0.2771549497185082
10,INTERMEDIATE,25,relu,16,0.2188767332077204,0.0007430670009952,42,0.2591331368312239,0.2991710549284672
10,INTERMEDIATE,26,relu,16,0.2188767332077204,0.0007430670009952,42,0.3229320282116532,0.2626180593566647
10,INTERMEDIATE,27,relu,16,0.2188767332077204,0.0007430670009952,42,0.3005659133195877,0.2611896702698592
10,INTERMEDIATE,28,relu,16,0.2188767332077204,0.0007430670009952,42,0.2765798401087522,0.3086257633464089
10,INTERMEDIATE,29,relu,16,0.2188767332077204,0.0007430670009952,42,0.2689985847100615,0.3013749937045163
10,INTERMEDIATE,30,relu,16,0.2188767332077204,0.0007430670009952,42,0.2556545473635196,0.285270649297484
10,INTERMEDIATE,31,relu,16,0.2188767332077204,0.0007430670009952,42,0.2794792987406254,0.2651045147714944
10,INTERMEDIATE,32,relu,16,0.2188767332077204,0.0007430670009952,42,0.3062122748233378,0.2496675499554338
10,INTERMEDIATE,33,relu,16,0.2188767332077204,0.0007430670009952,42,0.2615608851192519,0.2532722915297952
10,INTERMEDIATE,34,relu,16,0.2188767332077204,0.0007430670009952,42,0.3540921956300735,0.2398995978051218
10,INTERMEDIATE,35,relu,16,0.2188767332077204,0.0007430670009952,42,0.2946432717144489,0.2601139229433289
10,INTERMEDIATE,36,relu,16,0.2188767332077204,0.0007430670009952,42,0.2713377233594656,0.2679795706323508
10,INTERMEDIATE,37,relu,16,0.2188767332077204,0.0007430670009952,42,0.2901912089437246,0.2651825136151807
10,INTERMEDIATE,38,relu,16,0.2188767332077204,0.0007430670009952,42,0.3168195448815822,0.2832100733086981
10,INTERMEDIATE,39,relu,16,0.2188767332077204,0.0007430670009952,42,0.2411635853350162,0.2689070141520993
10,INTERMEDIATE,40,relu,16,0.2188767332077204,0.0007430670009952,42,0.2384460708126425,0.2854889862496277
10,INTERMEDIATE,41,relu,16,0.2188767332077204,0.0007430670009952,42,0.2830953560769558,0.2346667906847493
10,INTERMEDIATE,42,relu,16,0.2188767332077204,0.0007430670009952,42,0.2566046668216586,0.2351131939554009
10,INTERMEDIATE,43,relu,16,0.2188767332077204,0.0007430670009952,42,0.2363556306809187,0.2365472269212377
10,INTERMEDIATE,44,relu,16,0.2188767332077204,0.0007430670009952,42,0.367632002569735,0.2584397761986173
10,INTERMEDIATE,45,relu,16,0.2188767332077204,0.0007430670009952,42,0.2113662841729819,0.2198738448064902
10,INTERMEDIATE,46,relu,16,0.2188767332077204,0.0007430670009952,42,0.2540655555203557,0.2112725961568026
10,INTERMEDIATE,47,relu,16,0.2188767332077204,0.0007430670009952,42,0.280363991856575,0.2316041952320214
10,INTERMEDIATE,48,relu,16,0.2188767332077204,0.0007430670009952,42,0.1905816727085039,0.2106134075799892
10,INTERMEDIATE,49,relu,16,0.2188767332077204,0.0007430670009952,42,0.2560667851939797,0.2434842587801917
10,INTERMEDIATE,50,relu,16,0.2188767332077204,0.0007430670009952,42,0.2376329582184553,0.208953698069371
10,INTERMEDIATE,51,relu,16,0.2188767332077204,0.0007430670009952,42,0.2007173309102654,0.1889518282922177
10,INTERMEDIATE,52,relu,16,0.2188767332077204,0.0007430670009952,42,0.2500660000368953,0.2087619741415155
10,INTERMEDIATE,53,relu,16,0.2188767332077204,0.0007430670009952,42,0.1855620415881276,0.1978432852132567
10,INTERMEDIATE,54,relu,16,0.2188767332077204,0.0007430670009952,42,0.2035913374274969,0.1950349144894501
10,INTERMEDIATE,55,relu,16,0.2188767332077204,0.0007430670009952,42,0.2971610529348254,0.1772776567216577
10,INTERMEDIATE,56,relu,16,0.2188767332077204,0.0007430670009952,42,0.3845779709517956,0.1923126263608192
10,INTERMEDIATE,57,relu,16,0.2188767332077204,0.0007430670009952,42,0.2909035328775644,0.1893781728014864
10,INTERMEDIATE,58,relu,16,0.2188767332077204,0.0007430670009952,42,0.1967393481172621,0.1773795384014475
10,INTERMEDIATE,59,relu,16,0.2188767332077204,0.0007430670009952,42,0.1840996872633695,0.1840801430416518
10,INTERMEDIATE,60,relu,16,0.2188767332077204,0.0007430670009952,42,0.2335326173342764,0.2251604822432172
10,INTERMEDIATE,61,relu,16,0.2188767332077204,0.0007430670009952,42,0.1833671185886487,0.1978721605806515
10,INTERMEDIATE,62,relu,16,0.2188767332077204,0.0007430670009952,42,0.1864318163134157,0.1850322923333994
10,INTERMEDIATE,63,relu,16,0.2188767332077204,0.0007430670009952,42,0.1879246961325407,0.1800986565649509
10,INTERMEDIATE,64,relu,16,0.2188767332077204,0.0007430670009952,42,0.1626287950202822,0.1741987468096716
10,INTERMEDIATE,65,relu,16,0.2188767332077204,0.0007430670009952,42,0.4511224664747715,0.205297826821434
10,INTERMEDIATE,66,relu,16,0.2188767332077204,0.0007430670009952,42,0.2830390948802233,0.2642154165639959
10,INTERMEDIATE,67,relu,16,0.2188767332077204,0.0007430670009952,42,0.1837415075860917,0.2044026302494879
10,INTERMEDIATE,68,relu,16,0.2188767332077204,0.0007430670009952,42,0.1908710759598761,0.1630482487059359
10,INTERMEDIATE,69,relu,16,0.2188767332077204,0.0007430670009952,42,0.1678489303740207,0.2041604380797723
10,INTERMEDIATE,70,relu,16,0.2188767332077204,0.0007430670009952,42,0.1810706839896738,0.1726497613086269
10,INTERMEDIATE,71,relu,16,0.2188767332077204,0.0007430670009952,42,0.1705632512457668,0.1534305863596242
10,INTERMEDIATE,72,relu,16,0.2188767332077204,0.0007430670009952,42,0.1834876394714228,0.1407086495310068
10,INTERMEDIATE,73,relu,16,0.2188767332077204,0.0007430670009952,42,0.2105527045205235,0.1637410302485885
10,INTERMEDIATE,74,relu,16,0.2188767332077204,0.0007430670009952,42,0.2704479387030005,0.1835722985581077
10,INTERMEDIATE,75,relu,16,0.2188767332077204,0.0007430670009952,42,0.1898823417723179,0.1713895359686736
10,INTERMEDIATE,76,relu,16,0.2188767332077204,0.0007430670009952,42,0.1543145175091922,0.1371229677942806
10,INTERMEDIATE,77,relu,16,0.2188767332077204,0.0007430670009952,42,0.150300461333245,0.1157231273707644
10,INTERMEDIATE,78,relu,16,0.2188767332077204,0.0007430670009952,42,0.1609099686611443,0.1209577469412108
10,INTERMEDIATE,79,relu,16,0.2188767332077204,0.0007430670009952,42,0.1541972892591729,0.1570644683108247
10,INTERMEDIATE,80,relu,16,0.2188767332077204,0.0007430670009952,42,0.1704799045110121,0.137202533154652
10,INTERMEDIATE,81,relu,16,0.2188767332077204,0.0007430670009952,42,0.1742369974963367,0.128778719792849
10,INTERMEDIATE,82,relu,16,0.2188767332077204,0.0007430670009952,42,0.1234190163377206,0.1587059614730292
10,INTERMEDIATE,83,relu,16,0.2188767332077204,0.0007430670009952,42,0.2908965023234486,0.1855729773865434
10,INTERMEDIATE,84,relu,16,0.2188767332077204,0.0007430670009952,42,0.1509711117250844,0.1695410946448301
10,INTERMEDIATE,85,relu,16,0.2188767332077204,0.0007430670009952,42,0.149616996088298,0.1166964135100615
10,INTERMEDIATE,86,relu,16,0.2188767332077204,0.0007430670009952,42,0.2384068160899914,0.1154477020147545
10,INTERMEDIATE,87,relu,16,0.2188767332077204,0.0007430670009952,42,0.1590681537054479,0.1894249623191767
10,INTERMEDIATE,88,relu,16,0.2188767332077204,0.0007430670009952,42,0.1835362626588903,0.113310453867347
10,INTERMEDIATE,89,relu,16,0.2188767332077204,0.0007430670009952,42,0.171666752314195,0.0915100304088715
10,INTERMEDIATE,90,relu,16,0.2188767332077204,0.0007430670009952,42,0.1793363586184568,0.0732107435610016
10,INTERMEDIATE,91,relu,16,0.2188767332077204,0.0007430670009952,42,0.1839593278709799,0.1140712331819894
10,INTERMEDIATE,92,relu,16,0.2188767332077204,0.0007430670009952,42,0.1924786542076617,0.0785274315416684
10,INTERMEDIATE,93,relu,16,0.2188767332077204,0.0007430670009952,42,0.1663198168098461,0.0915119296967469
10,INTERMEDIATE,94,relu,16,0.2188767332077204,0.0007430670009952,42,0.4329655030742287,0.1011267467281492
10,INTERMEDIATE,95,relu,16,0.2188767332077204,0.0007430670009952,42,0.1831081029231427,0.081985444641383
10,INTERMEDIATE,96,relu,16,0.2188767332077204,0.0007430670009952,42,0.1695257314131595,0.1201255828912915
10,INTERMEDIATE,97,relu,16,0.2188767332077204,0.0007430670009952,42,0.1633304900606162,0.0833581550175259
10,INTERMEDIATE,98,relu,16,0.2188767332077204,0.0007430670009952,42,0.237180552445352,0.0928000132232133
10,INTERMEDIATE,99,relu,16,0.2188767332077204,0.0007430670009952,42,0.1639435824472457,0.1554025732109259
10,INTERMEDIATE,100,relu,16,0.2188767332077204,0.0007430670009952,42,0.1545987337740371,0.0752272531229617
10,INTERMEDIATE,101,relu,16,0.2188767332077204,0.0007430670009952,42,0.1691502830944955,0.0637329817219669
10,INTERMEDIATE,102,relu,16,0.2188767332077204,0.0007430670009952,42,0.1797057666553883,0.053459047420143
10,INTERMEDIATE,103,relu,16,0.2188767332077204,0.0007430670009952,42,0.2042786560487002,0.0692565210789827
10,INTERMEDIATE,104,relu,16,0.2188767332077204,0.0007430670009952,42,0.2133724824525416,0.1245942572292325
10,INTERMEDIATE,105,relu,16,0.2188767332077204,0.0007430670009952,42,0.1603446787084976,0.0862741470256627
10,INTERMEDIATE,106,relu,16,0.2188767332077204,0.0007430670009952,42,0.3559059388935566,0.1133821722609793
10,INTERMEDIATE,107,relu,16,0.2188767332077204,0.0007430670009952,42,0.1820424366742372,0.1498715560240992
10,INTERMEDIATE,108,relu,16,0.2188767332077204,0.0007430670009952,42,0.1697156771697336,0.0775982840307827
10,INTERMEDIATE,109,relu,16,0.2188767332077204,0.0007430670009952,42,0.1669018209213391,0.0528400781692872
10,INTERMEDIATE,110,relu,16,0.2188767332077204,0.0007430670009952,42,0.5397008652798831,0.0630103138211215
10,INTERMEDIATE,111,relu,16,0.2188767332077204,0.0007430670009952,42,0.1860310627380386,0.0549733763970113
10,INTERMEDIATE,112,relu,16,0.2188767332077204,0.0007430670009952,42,0.2188645807327702,0.041528255437854
10,INTERMEDIATE,113,relu,16,0.2188767332077204,0.0007430670009952,42,0.2174886614084243,0.0444793179290015
10,INTERMEDIATE,114,relu,16,0.2188767332077204,0.0007430670009952,42,0.1898971316113602,0.0910093250106377
10,INTERMEDIATE,115,relu,16,0.2188767332077204,0.0007430670009952,42,0.1713143796368967,0.0566219711066063
10,INTERMEDIATE,116,relu,16,0.2188767332077204,0.0007430670009952,42,0.1787507915723836,0.0498785984417391
10,INTERMEDIATE,117,relu,16,0.2188767332077204,0.0007430670009952,42,0.2269413025933317,0.0555248175474718
10,INTERMEDIATE,118,relu,16,0.2188767332077204,0.0007430670009952,42,0.1934025373775512,0.0523757704991269
10,INTERMEDIATE,119,relu,16,0.2188767332077204,0.0007430670009952,42,0.2056684715562369,0.0288827138117932
10,INTERMEDIATE,120,relu,16,0.2188767332077204,0.0007430670009952,42,0.2098689304857544,0.0385844007200673
10,INTERMEDIATE,121,relu,16,0.2188767332077204,0.0007430670009952,42,0.189126769093491,0.0945518381636718
10,INTERMEDIATE,122,relu,16,0.2188767332077204,0.0007430670009952,42,0.211973833036609,0.0359760289770904
