Trial-ID,Status,Iteration,activation,batch_size,dropout,learning_rate,num_hidden_units,Objective,avg_train_loss
5,BEST,132,relu,16,0.1407325348177933,0.0006676914378015229,56,0.08840605949275991,0.026375272064067333
1,INTERMEDIATE,0,relu,16,0.2385317666625645,0.0001213347697074,45,1.52987542966517,1.5847139866263775
1,INTERMEDIATE,1,relu,16,0.2385317666625645,0.0001213347697074,45,1.2253957230870316,1.3766227666242623
1,INTERMEDIATE,2,relu,16,0.2385317666625645,0.0001213347697074,45,1.075381908474899,1.1453456650545568
1,INTERMEDIATE,3,relu,16,0.2385317666625645,0.0001213347697074,45,1.0194314020435984,1.0547193450692258
1,INTERMEDIATE,4,relu,16,0.2385317666625645,0.0001213347697074,45,0.9589649715074678,0.989374139426667
1,INTERMEDIATE,5,relu,16,0.2385317666625645,0.0001213347697074,45,0.906602943815836,0.9425271997849146
1,INTERMEDIATE,6,relu,16,0.2385317666625645,0.0001213347697074,45,0.8424101050307111,0.880749288716434
1,INTERMEDIATE,7,relu,16,0.2385317666625645,0.0001213347697074,45,0.7948218111584826,0.827312868134475
1,INTERMEDIATE,8,relu,16,0.2385317666625645,0.0001213347697074,45,0.7567736906249348,0.7868244730763965
1,INTERMEDIATE,9,relu,16,0.2385317666625645,0.0001213347697074,45,0.7474331346953788,0.7490435003498455
1,INTERMEDIATE,10,relu,16,0.2385317666625645,0.0001213347697074,45,0.7006851907183484,0.7206823338329056
1,INTERMEDIATE,11,relu,16,0.2385317666625645,0.0001213347697074,45,0.6920251948077504,0.6995569504337547
1,INTERMEDIATE,12,relu,16,0.2385317666625645,0.0001213347697074,45,0.6539365932708834,0.6633418746936468
1,INTERMEDIATE,13,relu,16,0.2385317666625645,0.0001213347697074,45,0.6303307944681587,0.6496958292928743
1,INTERMEDIATE,14,relu,16,0.2385317666625645,0.0001213347697074,45,0.6020638419360649,0.610795815601761
1,INTERMEDIATE,15,relu,16,0.2385317666625645,0.0001213347697074,45,0.589978319115755,0.5881371642520399
1,INTERMEDIATE,16,relu,16,0.2385317666625645,0.0001213347697074,45,0.5884853387024345,0.5755983845871172
1,INTERMEDIATE,17,relu,16,0.2385317666625645,0.0001213347697074,45,0.6216459434206892,0.5593200963404443
1,INTERMEDIATE,18,relu,16,0.2385317666625645,0.0001213347697074,45,0.5782861854971909,0.5503786572335679
1,INTERMEDIATE,19,relu,16,0.2385317666625645,0.0001213347697074,45,0.540164539726769,0.5171037497527805
1,INTERMEDIATE,20,relu,16,0.2385317666625645,0.0001213347697074,45,0.7487733276878915,0.5797041685860834
1,INTERMEDIATE,21,relu,16,0.2385317666625645,0.0001213347697074,45,0.4997045270553449,0.5690124760623332
1,INTERMEDIATE,22,relu,16,0.2385317666625645,0.0001213347697074,45,0.4957031941995388,0.5200716065771785
1,INTERMEDIATE,23,relu,16,0.2385317666625645,0.0001213347697074,45,0.4794966204137337,0.5146712826357948
1,INTERMEDIATE,24,relu,16,0.2385317666625645,0.0001213347697074,45,0.4849099120715769,0.5121876956136139
1,INTERMEDIATE,25,relu,16,0.2385317666625645,0.0001213347697074,45,0.4705264862717652,0.5077432382069988
1,INTERMEDIATE,26,relu,16,0.2385317666625645,0.0001213347697074,45,0.5302440709457165,0.4876547402437822
1,INTERMEDIATE,27,relu,16,0.2385317666625645,0.0001213347697074,45,0.4485311177445621,0.4741419880294505
1,INTERMEDIATE,28,relu,16,0.2385317666625645,0.0001213347697074,45,0.468911836423525,0.4642134078858811
1,INTERMEDIATE,29,relu,16,0.2385317666625645,0.0001213347697074,45,0.6173717430452021,0.6722910085026129
1,INTERMEDIATE,30,relu,16,0.2385317666625645,0.0001213347697074,45,0.5170864506465632,0.5878723211310528
1,INTERMEDIATE,31,relu,16,0.2385317666625645,0.0001213347697074,45,0.489573433268361,0.51705984522899
1,INTERMEDIATE,32,relu,16,0.2385317666625645,0.0001213347697074,45,0.4577239246630087,0.4960932796935976
1,INTERMEDIATE,33,relu,16,0.2385317666625645,0.0001213347697074,45,0.4494053145370832,0.4744870553689974
1,INTERMEDIATE,34,relu,16,0.2385317666625645,0.0001213347697074,45,0.4355318989695572,0.4631252293877395
1,INTERMEDIATE,35,relu,16,0.2385317666625645,0.0001213347697074,45,0.4161373674869537,0.4616669571877997
1,INTERMEDIATE,36,relu,16,0.2385317666625645,0.0001213347697074,45,0.4649363494500881,0.4486329755113448
1,INTERMEDIATE,37,relu,16,0.2385317666625645,0.0001213347697074,45,0.4242207785932029,0.4534167111103917
1,INTERMEDIATE,38,relu,16,0.2385317666625645,0.0001213347697074,45,0.4231266253968564,0.4291060047201168
1,INTERMEDIATE,39,relu,16,0.2385317666625645,0.0001213347697074,45,0.406640181999381,0.4044440173440509
1,INTERMEDIATE,40,relu,16,0.2385317666625645,0.0001213347697074,45,0.4219416127335734,0.4430819206675629
1,INTERMEDIATE,41,relu,16,0.2385317666625645,0.0001213347697074,45,0.4501018771311132,0.4212104876836141
1,INTERMEDIATE,42,relu,16,0.2385317666625645,0.0001213347697074,45,0.4339353325890331,0.4408343775588789
1,INTERMEDIATE,43,relu,16,0.2385317666625645,0.0001213347697074,45,0.3880965177242348,0.413441599243217
1,INTERMEDIATE,44,relu,16,0.2385317666625645,0.0001213347697074,45,0.3836965475503991,0.3929152940802368
1,INTERMEDIATE,45,relu,16,0.2385317666625645,0.0001213347697074,45,0.3910307680688253,0.3907497022990827
1,INTERMEDIATE,46,relu,16,0.2385317666625645,0.0001213347697074,45,0.3814535762478666,0.3799186485049165
1,INTERMEDIATE,47,relu,16,0.2385317666625645,0.0001213347697074,45,0.3879554009110462,0.3854244593760849
1,INTERMEDIATE,48,relu,16,0.2385317666625645,0.0001213347697074,45,0.3790243327981088,0.3780976977245307
1,INTERMEDIATE,49,relu,16,0.2385317666625645,0.0001213347697074,45,0.3707952228624646,0.3802321560588884
1,INTERMEDIATE,50,relu,16,0.2385317666625645,0.0001213347697074,45,0.4736886282519596,0.3900183818222564
1,INTERMEDIATE,51,relu,16,0.2385317666625645,0.0001213347697074,45,0.4146409396354745,0.4190547036719911
1,INTERMEDIATE,52,relu,16,0.2385317666625645,0.0001213347697074,45,0.384781238691109,0.3612899068329069
1,INTERMEDIATE,53,relu,16,0.2385317666625645,0.0001213347697074,45,0.3695764585239131,0.3547188028187295
1,INTERMEDIATE,54,relu,16,0.2385317666625645,0.0001213347697074,45,0.3819914939018284,0.3598013876212967
1,INTERMEDIATE,55,relu,16,0.2385317666625645,0.0001213347697074,45,0.3754841727091045,0.3534893602776675
1,INTERMEDIATE,56,relu,16,0.2385317666625645,0.0001213347697074,45,0.3640845347105003,0.3554189707393999
1,INTERMEDIATE,57,relu,16,0.2385317666625645,0.0001213347697074,45,0.3729601708672395,0.361461027904793
1,INTERMEDIATE,58,relu,16,0.2385317666625645,0.0001213347697074,45,0.3854329255295963,0.3573131761801095
1,INTERMEDIATE,59,relu,16,0.2385317666625645,0.0001213347697074,45,0.3609918459523015,0.3461302726265089
1,INTERMEDIATE,60,relu,16,0.2385317666625645,0.0001213347697074,45,0.3570381737336879,0.3371502955524642
1,INTERMEDIATE,61,relu,16,0.2385317666625645,0.0001213347697074,45,0.3926377928838497,0.3220572497833658
1,INTERMEDIATE,62,relu,16,0.2385317666625645,0.0001213347697074,45,0.3883803470469102,0.3411769611232074
1,INTERMEDIATE,63,relu,16,0.2385317666625645,0.0001213347697074,45,0.3620220901580845,0.3324512129442559
1,INTERMEDIATE,64,relu,16,0.2385317666625645,0.0001213347697074,45,0.3420227304464433,0.3216973290905172
1,INTERMEDIATE,65,relu,16,0.2385317666625645,0.0001213347697074,45,0.3314868619710934,0.3163424172887095
1,INTERMEDIATE,66,relu,16,0.2385317666625645,0.0001213347697074,45,0.3822356724157566,0.3139339488597564
1,INTERMEDIATE,67,relu,16,0.2385317666625645,0.0001213347697074,45,0.3782019194488118,0.3243705457375373
1,INTERMEDIATE,68,relu,16,0.2385317666625645,0.0001213347697074,45,0.4002061014676966,0.3774102248803333
1,INTERMEDIATE,69,relu,16,0.2385317666625645,0.0001213347697074,45,0.3717233713080243,0.346737902979424
1,INTERMEDIATE,70,relu,16,0.2385317666625645,0.0001213347697074,45,0.4341763045366217,0.3284079621511477
1,INTERMEDIATE,71,relu,16,0.2385317666625645,0.0001213347697074,45,0.3622823289436538,0.3295684212381825
1,INTERMEDIATE,72,relu,16,0.2385317666625645,0.0001213347697074,45,0.3412268695126219,0.3047987556107986
1,INTERMEDIATE,73,relu,16,0.2385317666625645,0.0001213347697074,45,0.3637343056318236,0.3512928365603273
1,INTERMEDIATE,74,relu,16,0.2385317666625645,0.0001213347697074,45,0.3336384676215125,0.2978459415658389
1,INTERMEDIATE,75,relu,16,0.2385317666625645,0.0001213347697074,45,0.3361761584514525,0.2977947106837858
1,INTERMEDIATE,76,relu,16,0.2385317666625645,0.0001213347697074,45,0.3460872895652201,0.2860127238119826
1,INTERMEDIATE,77,relu,16,0.2385317666625645,0.0001213347697074,45,0.3799224145165303,0.2928951768733469
1,INTERMEDIATE,78,relu,16,0.2385317666625645,0.0001213347697074,45,0.3222367768062324,0.2974895507235218
1,INTERMEDIATE,79,relu,16,0.2385317666625645,0.0001213347697074,45,0.3200633071544694,0.2893663943503742
1,INTERMEDIATE,80,relu,16,0.2385317666625645,0.0001213347697074,45,0.31583740126069,0.2777386300817684
1,INTERMEDIATE,81,relu,16,0.2385317666625645,0.0001213347697074,45,0.300100427120924,0.2682656535395869
1,INTERMEDIATE,82,relu,16,0.2385317666625645,0.0001213347697074,45,0.3256700191555953,0.2793955597566602
1,INTERMEDIATE,83,relu,16,0.2385317666625645,0.0001213347697074,45,0.3295231366121187,0.2890190919056351
1,INTERMEDIATE,84,relu,16,0.2385317666625645,0.0001213347697074,45,0.318549643475108,0.2709451991328854
1,INTERMEDIATE,85,relu,16,0.2385317666625645,0.0001213347697074,45,0.302037391539027,0.3056456972787409
1,INTERMEDIATE,86,relu,16,0.2385317666625645,0.0001213347697074,45,0.3274556911754899,0.2616349234142237
1,INTERMEDIATE,87,relu,16,0.2385317666625645,0.0001213347697074,45,0.3364131338440063,0.279353727851017
1,INTERMEDIATE,88,relu,16,0.2385317666625645,0.0001213347697074,45,0.3347661299858151,0.2767634306930833
1,INTERMEDIATE,89,relu,16,0.2385317666625645,0.0001213347697074,45,0.329084067628151,0.2978478276435239
1,INTERMEDIATE,90,relu,16,0.2385317666625645,0.0001213347697074,45,0.3148314315007954,0.2621549372503787
1,INTERMEDIATE,91,relu,16,0.2385317666625645,0.0001213347697074,45,0.3009548095486513,0.2554147885307485
1,INTERMEDIATE,92,relu,16,0.2385317666625645,0.0001213347697074,45,0.4779370212018853,0.2675081647840547
1,INTERMEDIATE,93,relu,16,0.2385317666625645,0.0001213347697074,45,0.365614563862725,0.3647178115185212
1,INTERMEDIATE,94,relu,16,0.2385317666625645,0.0001213347697074,45,0.3372729597840367,0.3010970358104433
1,INTERMEDIATE,95,relu,16,0.2385317666625645,0.0001213347697074,45,0.3848286614548869,0.3389413850266992
1,INTERMEDIATE,96,relu,16,0.2385317666625645,0.0001213347697074,45,0.3458972077635003,0.3128259743529337
1,INTERMEDIATE,97,relu,16,0.2385317666625645,0.0001213347697074,45,0.3797511333463395,0.2988341534165321
1,INTERMEDIATE,98,relu,16,0.2385317666625645,0.0001213347697074,45,0.3597590111014319,0.2746079575822309
1,INTERMEDIATE,99,relu,16,0.2385317666625645,0.0001213347697074,45,0.350193500427938,0.2757337028390647
1,INTERMEDIATE,100,relu,16,0.2385317666625645,0.0001213347697074,45,0.3593454437739238,0.263480595830414
1,INTERMEDIATE,101,relu,16,0.2385317666625645,0.0001213347697074,45,0.3562370575964451,0.2572765074164411
1,INTERMEDIATE,102,relu,16,0.2385317666625645,0.0001213347697074,45,0.3494594402429534,0.2610580046189787
1,INTERMEDIATE,103,relu,16,0.2385317666625645,0.0001213347697074,45,0.3843468046042977,0.2853209464868277
1,INTERMEDIATE,104,relu,16,0.2385317666625645,0.0001213347697074,45,0.4044471988227309,0.3160768994762574
1,INTERMEDIATE,105,relu,16,0.2385317666625645,0.0001213347697074,45,0.3256332621705241,0.3080731723917487
1,INTERMEDIATE,106,relu,16,0.2385317666625645,0.0001213347697074,45,0.3175474686048379,0.2766939060141642
1,INTERMEDIATE,107,relu,16,0.2385317666625645,0.0001213347697074,45,0.3390127814761022,0.265884316307895
1,INTERMEDIATE,108,relu,16,0.2385317666625645,0.0001213347697074,45,0.3512185038771571,0.2600371395525189
1,INTERMEDIATE,109,relu,16,0.2385317666625645,0.0001213347697074,45,0.3201400628540574,0.2892535377385807
1,INTERMEDIATE,110,relu,16,0.2385317666625645,0.0001213347697074,45,0.3575211829255993,0.2858120158406687
1,INTERMEDIATE,111,relu,16,0.2385317666625645,0.0001213347697074,45,0.3234569872388752,0.2884586302586543
1,INTERMEDIATE,112,relu,16,0.2385317666625645,0.0001213347697074,45,0.3272582208056275,0.258339321102809
1,INTERMEDIATE,113,relu,16,0.2385317666625645,0.0001213347697074,45,0.3137834020322416,0.2582157642385106
1,INTERMEDIATE,114,relu,16,0.2385317666625645,0.0001213347697074,45,0.3047074275772746,0.265906670510217
1,INTERMEDIATE,115,relu,16,0.2385317666625645,0.0001213347697074,45,0.3198153589193414,0.2471127225844948
1,INTERMEDIATE,116,relu,16,0.2385317666625645,0.0001213347697074,45,0.3375661447644233,0.3662937742048575
1,INTERMEDIATE,117,relu,16,0.2385317666625645,0.0001213347697074,45,0.3225689474947569,0.2717314350568218
1,INTERMEDIATE,118,relu,16,0.2385317666625645,0.0001213347697074,45,0.3207451792024984,0.2639569044113159
1,INTERMEDIATE,119,relu,16,0.2385317666625645,0.0001213347697074,45,0.3094241832632844,0.2420904486336642
1,INTERMEDIATE,120,relu,16,0.2385317666625645,0.0001213347697074,45,0.3346327207073932,0.233250479478343
1,INTERMEDIATE,121,relu,16,0.2385317666625645,0.0001213347697074,45,0.3073750031521408,0.2342617698243738
1,COMPLETED,121,relu,16,0.2385317666625645,0.0001213347697074,45,0.300100427120924,0.2682656535395869
2,INTERMEDIATE,0,relu,32,0.3715336123426033,0.0001575001940852,33,1.5830072334834508,1.5880368020799425
2,INTERMEDIATE,1,relu,32,0.3715336123426033,0.0001575001940852,33,1.5659620478039695,1.573824103967643
2,INTERMEDIATE,2,relu,32,0.3715336123426033,0.0001575001940852,33,1.5207343158267794,1.5492045761626445
2,INTERMEDIATE,3,relu,32,0.3715336123426033,0.0001575001940852,33,1.3509288969494049,1.470943812970762
2,INTERMEDIATE,4,relu,32,0.3715336123426033,0.0001575001940852,33,1.1854246911548434,1.2898154140990457
2,INTERMEDIATE,5,relu,32,0.3715336123426033,0.0001575001940852,33,1.089291405110132,1.1594811641139748
2,INTERMEDIATE,6,relu,32,0.3715336123426033,0.0001575001940852,33,1.0486516072636558,1.1111934037856113
2,INTERMEDIATE,7,relu,32,0.3715336123426033,0.0001575001940852,33,1.0337109225136891,1.0727030487708102
2,INTERMEDIATE,8,relu,32,0.3715336123426033,0.0001575001940852,33,1.007200973374503,1.0724690622753568
2,INTERMEDIATE,9,relu,32,0.3715336123426033,0.0001575001940852,33,0.995910298256647,1.037979178222609
2,INTERMEDIATE,10,relu,32,0.3715336123426033,0.0001575001940852,33,0.9539730208260672,1.0098254901391488
2,INTERMEDIATE,11,relu,32,0.3715336123426033,0.0001575001940852,33,0.933208391779945,0.9784280893243388
2,INTERMEDIATE,12,relu,32,0.3715336123426033,0.0001575001940852,33,0.9202685214224317,0.9676288314807562
2,INTERMEDIATE,13,relu,32,0.3715336123426033,0.0001575001940852,33,0.8843604510738736,0.9414016096680252
2,INTERMEDIATE,14,relu,32,0.3715336123426033,0.0001575001940852,33,0.8791983099210829,0.9291206980928962
2,INTERMEDIATE,15,relu,32,0.3715336123426033,0.0001575001940852,33,0.8565871403330848,0.9096561044822504
2,INTERMEDIATE,16,relu,32,0.3715336123426033,0.0001575001940852,33,0.8291950878642854,0.910283385971446
2,INTERMEDIATE,17,relu,32,0.3715336123426033,0.0001575001940852,33,0.827830141498929,0.8831589604601447
2,INTERMEDIATE,18,relu,32,0.3715336123426033,0.0001575001940852,33,0.8207633523713975,0.8560265655870791
2,INTERMEDIATE,19,relu,32,0.3715336123426033,0.0001575001940852,33,0.7677746131306603,0.8367796179689007
2,INTERMEDIATE,20,relu,32,0.3715336123426033,0.0001575001940852,33,0.7881985590571449,0.8188101575698381
2,INTERMEDIATE,21,relu,32,0.3715336123426033,0.0001575001940852,33,0.7254555140222821,0.7934357052967872
2,INTERMEDIATE,22,relu,32,0.3715336123426033,0.0001575001940852,33,0.7115818361441294,0.7824012283925657
2,INTERMEDIATE,23,relu,32,0.3715336123426033,0.0001575001940852,33,0.7634093420846122,0.7682861862359224
2,INTERMEDIATE,24,relu,32,0.3715336123426033,0.0001575001940852,33,0.7048981076195127,0.7545586129029592
2,INTERMEDIATE,25,relu,32,0.3715336123426033,0.0001575001940852,33,0.6941992186364674,0.763917421117241
2,INTERMEDIATE,26,relu,32,0.3715336123426033,0.0001575001940852,33,0.6721666043712979,0.7700604193004561
2,INTERMEDIATE,27,relu,32,0.3715336123426033,0.0001575001940852,33,0.6863980747404552,0.7366695878682313
2,INTERMEDIATE,28,relu,32,0.3715336123426033,0.0001575001940852,33,0.6775718288762229,0.7265749367666833
2,INTERMEDIATE,29,relu,32,0.3715336123426033,0.0001575001940852,33,0.6886302800405593,0.7191789481374953
2,INTERMEDIATE,30,relu,32,0.3715336123426033,0.0001575001940852,33,0.6642987217221942,0.7027840886586978
2,INTERMEDIATE,31,relu,32,0.3715336123426033,0.0001575001940852,33,0.6549847239539737,0.7015737836007718
2,INTERMEDIATE,32,relu,32,0.3715336123426033,0.0001575001940852,33,0.6491081416606903,0.7051890091395673
2,INTERMEDIATE,33,relu,32,0.3715336123426033,0.0001575001940852,33,0.637015530041286,0.6988561745779014
2,INTERMEDIATE,34,relu,32,0.3715336123426033,0.0001575001940852,33,0.6540959221976144,0.7003538755722988
2,INTERMEDIATE,35,relu,32,0.3715336123426033,0.0001575001940852,33,0.6253897419997624,0.7147912695819949
2,INTERMEDIATE,36,relu,32,0.3715336123426033,0.0001575001940852,33,0.6226999490034013,0.7008213923301225
2,INTERMEDIATE,37,relu,32,0.3715336123426033,0.0001575001940852,33,0.6297946700028011,0.6780079757725751
2,INTERMEDIATE,38,relu,32,0.3715336123426033,0.0001575001940852,33,0.608446451879683,0.6934168449154606
2,INTERMEDIATE,39,relu,32,0.3715336123426033,0.0001575001940852,33,0.6131182383923304,0.7023458951785241
2,INTERMEDIATE,40,relu,32,0.3715336123426033,0.0001575001940852,33,0.5926535668827239,0.6737267088007044
2,INTERMEDIATE,41,relu,32,0.3715336123426033,0.0001575001940852,33,0.6064301388604301,0.6703783465020451
2,INTERMEDIATE,42,relu,32,0.3715336123426033,0.0001575001940852,33,0.5932206695988065,0.6623196517243798
2,INTERMEDIATE,43,relu,32,0.3715336123426033,0.0001575001940852,33,0.628206900187901,0.6615885761049058
2,INTERMEDIATE,44,relu,32,0.3715336123426033,0.0001575001940852,33,0.602209522610619,0.6742381799368211
2,INTERMEDIATE,45,relu,32,0.3715336123426033,0.0001575001940852,33,0.5825870973723275,0.6775270991119338
2,INTERMEDIATE,46,relu,32,0.3715336123426033,0.0001575001940852,33,0.5858652350448427,0.6653109443040541
2,INTERMEDIATE,47,relu,32,0.3715336123426033,0.0001575001940852,33,0.6120314470359257,0.6487791512483432
2,INTERMEDIATE,48,relu,32,0.3715336123426033,0.0001575001940852,33,0.5793552015508924,0.6462754949375435
2,INTERMEDIATE,49,relu,32,0.3715336123426033,0.0001575001940852,33,0.5911059081554413,0.6476178706428151
2,INTERMEDIATE,50,relu,32,0.3715336123426033,0.0001575001940852,33,0.5723403110390618,0.6392259178338228
2,INTERMEDIATE,51,relu,32,0.3715336123426033,0.0001575001940852,33,0.5749338027976808,0.630043152305815
2,INTERMEDIATE,52,relu,32,0.3715336123426033,0.0001575001940852,33,0.5847033148720151,0.6252541137330326
2,INTERMEDIATE,53,relu,32,0.3715336123426033,0.0001575001940852,33,0.5825483330658504,0.6301423215571745
2,INTERMEDIATE,54,relu,32,0.3715336123426033,0.0001575001940852,33,0.626024047533671,0.6647970187075344
2,INTERMEDIATE,55,relu,32,0.3715336123426033,0.0001575001940852,33,0.6008998368467603,0.6512890185838864
2,INTERMEDIATE,56,relu,32,0.3715336123426033,0.0001575001940852,33,0.5605260162126451,0.6306671393506321
2,INTERMEDIATE,57,relu,32,0.3715336123426033,0.0001575001940852,33,0.6021999305202848,0.6195518856431231
2,INTERMEDIATE,58,relu,32,0.3715336123426033,0.0001575001940852,33,0.5655608588740939,0.6099761117387701
2,INTERMEDIATE,59,relu,32,0.3715336123426033,0.0001575001940852,33,0.5563732186953226,0.6284325696803905
2,INTERMEDIATE,60,relu,32,0.3715336123426033,0.0001575001940852,33,0.5765548163936252,0.5938566772290218
2,INTERMEDIATE,61,relu,32,0.3715336123426033,0.0001575001940852,33,0.5337237729912713,0.6042885975337323
2,INTERMEDIATE,62,relu,32,0.3715336123426033,0.0001575001940852,33,0.547968993584315,0.6035066309534474
2,INTERMEDIATE,63,relu,32,0.3715336123426033,0.0001575001940852,33,0.5446929378168923,0.6092350736812309
2,INTERMEDIATE,64,relu,32,0.3715336123426033,0.0001575001940852,33,0.540023250239236,0.6214691742702767
2,INTERMEDIATE,65,relu,32,0.3715336123426033,0.0001575001940852,33,0.5242582800842467,0.6125059808477943
2,INTERMEDIATE,66,relu,32,0.3715336123426033,0.0001575001940852,33,0.529557486375173,0.5860409008132087
2,INTERMEDIATE,67,relu,32,0.3715336123426033,0.0001575001940852,33,0.5908843874931335,0.6325370676723527
2,INTERMEDIATE,68,relu,32,0.3715336123426033,0.0001575001940852,33,0.5655638107231685,0.6202858167665976
2,INTERMEDIATE,69,relu,32,0.3715336123426033,0.0001575001940852,33,0.56265722711881,0.6189718960243978
2,INTERMEDIATE,70,relu,32,0.3715336123426033,0.0001575001940852,33,0.5483993930476052,0.5992678937352733
2,INTERMEDIATE,71,relu,32,0.3715336123426033,0.0001575001940852,33,0.5188042975607372,0.5967836376325584
2,INTERMEDIATE,72,relu,32,0.3715336123426033,0.0001575001940852,33,0.5586523342700231,0.5857025749153562
2,INTERMEDIATE,73,relu,32,0.3715336123426033,0.0001575001940852,33,0.5386012253307161,0.5953488191704691
2,INTERMEDIATE,74,relu,32,0.3715336123426033,0.0001575001940852,33,0.5014475924628121,0.5849762051193802
2,INTERMEDIATE,75,relu,32,0.3715336123426033,0.0001575001940852,33,0.579407757236844,0.6092701660998073
2,INTERMEDIATE,76,relu,32,0.3715336123426033,0.0001575001940852,33,0.5002371824923015,0.5799842329672825
2,INTERMEDIATE,77,relu,32,0.3715336123426033,0.0001575001940852,33,0.5234226414135524,0.5843220257464751
2,INTERMEDIATE,78,relu,32,0.3715336123426033,0.0001575001940852,33,0.5090729878062293,0.566708512880184
2,INTERMEDIATE,79,relu,32,0.3715336123426033,0.0001575001940852,33,0.5138368195011502,0.5838085953836087
2,INTERMEDIATE,80,relu,32,0.3715336123426033,0.0001575001940852,33,0.4825198536827451,0.5877524658485695
2,INTERMEDIATE,81,relu,32,0.3715336123426033,0.0001575001940852,33,0.4961853169259571,0.5679232165401364
2,INTERMEDIATE,82,relu,32,0.3715336123426033,0.0001575001940852,33,0.5013461240700313,0.5606619697294117
2,INTERMEDIATE,83,relu,32,0.3715336123426033,0.0001575001940852,33,0.508853242510841,0.5683749549918704
2,INTERMEDIATE,84,relu,32,0.3715336123426033,0.0001575001940852,33,0.5026024196829114,0.5454093232566928
2,INTERMEDIATE,85,relu,32,0.3715336123426033,0.0001575001940852,33,0.504742872147333,0.552379533096596
2,INTERMEDIATE,86,relu,32,0.3715336123426033,0.0001575001940852,33,0.4786811286494845,0.5482979659680967
2,INTERMEDIATE,87,relu,32,0.3715336123426033,0.0001575001940852,33,0.4706458264873141,0.5401528532858249
2,INTERMEDIATE,88,relu,32,0.3715336123426033,0.0001575001940852,33,0.4744504548254467,0.5430453493271346
2,INTERMEDIATE,89,relu,32,0.3715336123426033,0.0001575001940852,33,0.4623861185141972,0.5491070567089834
2,INTERMEDIATE,90,relu,32,0.3715336123426033,0.0001575001940852,33,0.5334547431696028,0.5791412246080092
2,INTERMEDIATE,91,relu,32,0.3715336123426033,0.0001575001940852,33,0.4664517754600161,0.5508447705227651
2,INTERMEDIATE,92,relu,32,0.3715336123426033,0.0001575001940852,33,0.4730294176510402,0.5467411471001896
2,INTERMEDIATE,93,relu,32,0.3715336123426033,0.0001575001940852,33,0.4791920646315529,0.5434786371978713
2,INTERMEDIATE,94,relu,32,0.3715336123426033,0.0001575001940852,33,0.4892607373850686,0.5429517483269727
2,INTERMEDIATE,95,relu,32,0.3715336123426033,0.0001575001940852,33,0.4778423564774649,0.5370202664239907
2,INTERMEDIATE,96,relu,32,0.3715336123426033,0.0001575001940852,33,0.4653686561754772,0.5507094083744802
2,INTERMEDIATE,97,relu,32,0.3715336123426033,0.0001575001940852,33,0.4584437488090424,0.5344279864687979
2,INTERMEDIATE,98,relu,32,0.3715336123426033,0.0001575001940852,33,0.4532157452333541,0.5424010028809677
2,INTERMEDIATE,99,relu,32,0.3715336123426033,0.0001575001940852,33,0.4491847647087915,0.5327083637684952
2,INTERMEDIATE,100,relu,32,0.3715336123426033,0.0001575001940852,33,0.447019229332606,0.5294820018756536
2,INTERMEDIATE,101,relu,32,0.3715336123426033,0.0001575001940852,33,0.4329974154631297,0.5259223087334338
2,INTERMEDIATE,102,relu,32,0.3715336123426033,0.0001575001940852,33,0.4913412289960043,0.5552226926809476
2,INTERMEDIATE,103,relu,32,0.3715336123426033,0.0001575001940852,33,0.4393146591527121,0.5123745129432207
2,INTERMEDIATE,104,relu,32,0.3715336123426033,0.0001575001940852,33,0.464034514767783,0.5368404222859277
2,INTERMEDIATE,105,relu,32,0.3715336123426033,0.0001575001940852,33,0.4524752746025721,0.5270755646037467
2,INTERMEDIATE,106,relu,32,0.3715336123426033,0.0001575001940852,33,0.43854269243422,0.5212764522911589
2,INTERMEDIATE,107,relu,32,0.3715336123426033,0.0001575001940852,33,0.4449192363591421,0.5242849470656595
2,INTERMEDIATE,108,relu,32,0.3715336123426033,0.0001575001940852,33,0.4273302100953601,0.5265647618123043
2,INTERMEDIATE,109,relu,32,0.3715336123426033,0.0001575001940852,33,0.4332270494529179,0.5080928372012244
2,INTERMEDIATE,110,relu,32,0.3715336123426033,0.0001575001940852,33,0.4448203969569433,0.4878203832072976
2,INTERMEDIATE,111,relu,32,0.3715336123426033,0.0001575001940852,33,0.4114410089594977,0.5088882479402754
2,INTERMEDIATE,112,relu,32,0.3715336123426033,0.0001575001940852,33,0.4114188282262711,0.5220773392989312
2,INTERMEDIATE,113,relu,32,0.3715336123426033,0.0001575001940852,33,0.4260454021749042,0.5097719294789397
2,INTERMEDIATE,114,relu,32,0.3715336123426033,0.0001575001940852,33,0.4114140981719607,0.4911456860509919
2,INTERMEDIATE,115,relu,32,0.3715336123426033,0.0001575001940852,33,0.4205627320777802,0.4922803552062423
2,INTERMEDIATE,116,relu,32,0.3715336123426033,0.0001575001940852,33,0.4428655349072956,0.4995612886584835
2,INTERMEDIATE,117,relu,32,0.3715336123426033,0.0001575001940852,33,0.4061943399054663,0.4938972252018658
2,INTERMEDIATE,118,relu,32,0.3715336123426033,0.0001575001940852,33,0.412858308780761,0.4906618238231282
2,INTERMEDIATE,119,relu,32,0.3715336123426033,0.0001575001940852,33,0.442321030156953,0.4943506520839385
2,INTERMEDIATE,120,relu,32,0.3715336123426033,0.0001575001940852,33,0.4356955814929235,0.4896842899881763
2,INTERMEDIATE,121,relu,32,0.3715336123426033,0.0001575001940852,33,0.4016625696704501,0.4828217055326627
2,INTERMEDIATE,122,relu,32,0.3715336123426033,0.0001575001940852,33,0.3995403668710163,0.4803565484874042
2,INTERMEDIATE,123,relu,32,0.3715336123426033,0.0001575001940852,33,0.4132218261559804,0.4693108178951122
2,INTERMEDIATE,124,relu,32,0.3715336123426033,0.0001575001940852,33,0.4285412593966439,0.4784661700696121
2,INTERMEDIATE,125,relu,32,0.3715336123426033,0.0001575001940852,33,0.4288809008541561,0.4584488504462772
2,INTERMEDIATE,126,relu,32,0.3715336123426033,0.0001575001940852,33,0.4239751930747713,0.5190753975400219
2,INTERMEDIATE,127,relu,32,0.3715336123426033,0.0001575001940852,33,0.4107186155659811,0.4964206130416305
2,INTERMEDIATE,128,relu,32,0.3715336123426033,0.0001575001940852,33,0.3810292915219352,0.4778068621217469
2,INTERMEDIATE,129,relu,32,0.3715336123426033,0.0001575001940852,33,0.4022739678621292,0.4673492982063764
2,INTERMEDIATE,130,relu,32,0.3715336123426033,0.0001575001940852,33,0.4064631100211824,0.5059596336918113
2,INTERMEDIATE,131,relu,32,0.3715336123426033,0.0001575001940852,33,0.4099710534016291,0.4735363480853445
2,INTERMEDIATE,132,relu,32,0.3715336123426033,0.0001575001940852,33,0.4243036111195882,0.4547614420269742
2,INTERMEDIATE,133,relu,32,0.3715336123426033,0.0001575001940852,33,0.4082254590023131,0.477244993602788
2,INTERMEDIATE,134,relu,32,0.3715336123426033,0.0001575001940852,33,0.3810814711309614,0.4748596076244189
2,INTERMEDIATE,135,relu,32,0.3715336123426033,0.0001575001940852,33,0.380979767867497,0.4596663665624312
2,INTERMEDIATE,136,relu,32,0.3715336123426033,0.0001575001940852,33,0.3995698548498608,0.4665385447902443
2,INTERMEDIATE,137,relu,32,0.3715336123426033,0.0001575001940852,33,0.3803448627392451,0.4482880529062247
2,INTERMEDIATE,138,relu,32,0.3715336123426033,0.0001575001940852,33,0.3750534050521396,0.459654638244782
2,INTERMEDIATE,139,relu,32,0.3715336123426033,0.0001575001940852,33,0.3754957822107133,0.4755406620693795
2,INTERMEDIATE,140,relu,32,0.3715336123426033,0.0001575001940852,33,0.3946782769191833,0.4577034246406437
2,INTERMEDIATE,141,relu,32,0.3715336123426033,0.0001575001940852,33,0.4032554796763828,0.499585892867159
2,INTERMEDIATE,142,relu,32,0.3715336123426033,0.0001575001940852,33,0.4447500038714636,0.4838396270333985
2,INTERMEDIATE,143,relu,32,0.3715336123426033,0.0001575001940852,33,0.3974532577253523,0.489674769801858
2,INTERMEDIATE,144,relu,32,0.3715336123426033,0.0001575001940852,33,0.4088431376786459,0.4698346695046366
2,INTERMEDIATE,145,relu,32,0.3715336123426033,0.0001575001940852,33,0.4170550938163485,0.4604549709661507
2,INTERMEDIATE,146,relu,32,0.3715336123426033,0.0001575001940852,33,0.38181929006463,0.4478514946905183
2,INTERMEDIATE,147,relu,32,0.3715336123426033,0.0001575001940852,33,0.3899250960066205,0.4509093698896008
2,INTERMEDIATE,148,relu,32,0.3715336123426033,0.0001575001940852,33,0.3874345365024748,0.4591690066420001
2,INTERMEDIATE,149,relu,32,0.3715336123426033,0.0001575001940852,33,0.3719320247570674,0.4474515127546993
2,COMPLETED,149,relu,32,0.3715336123426033,0.0001575001940852,33,0.3719320247570674,0.4474515127546993
3,INTERMEDIATE,0,elu,32,0.2761659352180414,0.0001879758045148,32,1.556690533955892,1.5746914310219846
3,INTERMEDIATE,1,elu,32,0.2761659352180414,0.0001879758045148,32,1.438568427449181,1.507546392487891
3,INTERMEDIATE,2,elu,32,0.2761659352180414,0.0001879758045148,32,1.1869389840534754,1.323690148047459
3,INTERMEDIATE,3,elu,32,0.2761659352180414,0.0001879758045148,32,1.0845608853158497,1.1285586106924363
3,INTERMEDIATE,4,elu,32,0.2761659352180414,0.0001879758045148,32,1.0322442168281192,1.05702179155232
3,INTERMEDIATE,5,elu,32,0.2761659352180414,0.0001879758045148,32,1.0080048896017528,1.0126198574348733
3,INTERMEDIATE,6,elu,32,0.2761659352180414,0.0001879758045148,32,1.001075199672154,0.9874638988647932
3,INTERMEDIATE,7,elu,32,0.2761659352180414,0.0001879758045148,32,0.9667260079156784,0.958518354981034
3,INTERMEDIATE,8,elu,32,0.2761659352180414,0.0001879758045148,32,0.920309061095828,0.9365946731449644
3,INTERMEDIATE,9,elu,32,0.2761659352180414,0.0001879758045148,32,0.8883585277057829,0.901314076082206
3,INTERMEDIATE,10,elu,32,0.2761659352180414,0.0001879758045148,32,0.8620093294552394,0.8633733789126078
3,INTERMEDIATE,11,elu,32,0.2761659352180414,0.0001879758045148,32,0.8211094027473813,0.8127587974807362
3,INTERMEDIATE,12,elu,32,0.2761659352180414,0.0001879758045148,32,0.7527630087875185,0.7668281602270809
3,INTERMEDIATE,13,elu,32,0.2761659352180414,0.0001879758045148,32,0.7522346263840085,0.7439457833031078
3,INTERMEDIATE,14,elu,32,0.2761659352180414,0.0001879758045148,32,0.7219376365343729,0.7266164035708816
3,INTERMEDIATE,15,elu,32,0.2761659352180414,0.0001879758045148,32,0.7169941947573707,0.7051255813351384
3,INTERMEDIATE,16,elu,32,0.2761659352180414,0.0001879758045148,32,0.711220573811304,0.7101212754661654
3,INTERMEDIATE,17,elu,32,0.2761659352180414,0.0001879758045148,32,0.686609461193993,0.6841514254057849
3,INTERMEDIATE,18,elu,32,0.2761659352180414,0.0001879758045148,32,0.7067143462953114,0.660323871506585
3,INTERMEDIATE,19,elu,32,0.2761659352180414,0.0001879758045148,32,0.6593313600335803,0.6317205859555138
3,INTERMEDIATE,20,elu,32,0.2761659352180414,0.0001879758045148,32,0.6203739898545402,0.6117472104084345
3,INTERMEDIATE,21,elu,32,0.2761659352180414,0.0001879758045148,32,0.5869003562700181,0.590706534591722
3,INTERMEDIATE,22,elu,32,0.2761659352180414,0.0001879758045148,32,0.55925433692478,0.5703544234052117
3,INTERMEDIATE,23,elu,32,0.2761659352180414,0.0001879758045148,32,0.566723876056217,0.5610951409663683
3,INTERMEDIATE,24,elu,32,0.2761659352180414,0.0001879758045148,32,0.5297117148126874,0.5514219686572934
3,INTERMEDIATE,25,elu,32,0.2761659352180414,0.0001879758045148,32,0.5248373732680366,0.5323830173339372
3,INTERMEDIATE,26,elu,32,0.2761659352180414,0.0001879758045148,32,0.5262074073155721,0.5238478360352693
3,INTERMEDIATE,27,elu,32,0.2761659352180414,0.0001879758045148,32,0.5034075414850598,0.516179210425895
3,INTERMEDIATE,28,elu,32,0.2761659352180414,0.0001879758045148,32,0.5246748370783669,0.5078632329349164
3,INTERMEDIATE,29,elu,32,0.2761659352180414,0.0001879758045148,32,0.5119787553946177,0.5175190415279365
3,INTERMEDIATE,30,elu,32,0.2761659352180414,0.0001879758045148,32,0.5213643567902702,0.4902412052507753
3,INTERMEDIATE,31,elu,32,0.2761659352180414,0.0001879758045148,32,0.4813952445983886,0.486279535808681
3,INTERMEDIATE,32,elu,32,0.2761659352180414,0.0001879758045148,32,0.4830284594070343,0.4798861278427971
3,INTERMEDIATE,33,elu,32,0.2761659352180414,0.0001879758045148,32,0.469175785779953,0.4673967834240125
3,INTERMEDIATE,34,elu,32,0.2761659352180414,0.0001879758045148,32,0.4508888260239646,0.4525851066465731
3,INTERMEDIATE,35,elu,32,0.2761659352180414,0.0001879758045148,32,0.4545039711963562,0.4469964230134163
3,INTERMEDIATE,36,elu,32,0.2761659352180414,0.0001879758045148,32,0.4248738920404797,0.4369503815232972
3,INTERMEDIATE,37,elu,32,0.2761659352180414,0.0001879758045148,32,0.4378451591446286,0.4328598922785417
3,INTERMEDIATE,38,elu,32,0.2761659352180414,0.0001879758045148,32,0.4250551274134999,0.4381744799054699
3,INTERMEDIATE,39,elu,32,0.2761659352180414,0.0001879758045148,32,0.4050875923463276,0.4305109458941
3,INTERMEDIATE,40,elu,32,0.2761659352180414,0.0001879758045148,32,0.4155138312351136,0.4241401310320253
3,INTERMEDIATE,41,elu,32,0.2761659352180414,0.0001879758045148,32,0.4036419150375184,0.3985190276562432
3,INTERMEDIATE,42,elu,32,0.2761659352180414,0.0001879758045148,32,0.4128349026044209,0.3977001498878738
3,INTERMEDIATE,43,elu,32,0.2761659352180414,0.0001879758045148,32,0.4113635832355136,0.4055047261494177
3,INTERMEDIATE,44,elu,32,0.2761659352180414,0.0001879758045148,32,0.3901214599609375,0.4079813727258164
3,INTERMEDIATE,45,elu,32,0.2761659352180414,0.0001879758045148,32,0.4293138363531658,0.3932269051854993
3,INTERMEDIATE,46,elu,32,0.2761659352180414,0.0001879758045148,32,0.3897861795766013,0.3851190607672856
3,INTERMEDIATE,47,elu,32,0.2761659352180414,0.0001879758045148,32,0.4183764691863741,0.3934593713945812
3,INTERMEDIATE,48,elu,32,0.2761659352180414,0.0001879758045148,32,0.3686943770874114,0.384881971610917
3,INTERMEDIATE,49,elu,32,0.2761659352180414,0.0001879758045148,32,0.3793004389320101,0.3725143976417588
3,INTERMEDIATE,50,elu,32,0.2761659352180414,0.0001879758045148,32,0.3808456293883778,0.3641984746044064
3,INTERMEDIATE,51,elu,32,0.2761659352180414,0.0001879758045148,32,0.4054355064318293,0.3794428845982492
3,INTERMEDIATE,52,elu,32,0.2761659352180414,0.0001879758045148,32,0.3880848728475116,0.364545413557394
3,INTERMEDIATE,53,elu,32,0.2761659352180414,0.0001879758045148,32,0.3972147483201254,0.424715784964738
3,INTERMEDIATE,54,elu,32,0.2761659352180414,0.0001879758045148,32,0.3451823152246929,0.3804969543844093
3,INTERMEDIATE,55,elu,32,0.2761659352180414,0.0001879758045148,32,0.3787116259336471,0.3628254076580942
3,INTERMEDIATE,56,elu,32,0.2761659352180414,0.0001879758045148,32,0.3545877607095809,0.3576424700426466
3,INTERMEDIATE,57,elu,32,0.2761659352180414,0.0001879758045148,32,0.364131025260403,0.3558161012184472
3,INTERMEDIATE,58,elu,32,0.2761659352180414,0.0001879758045148,32,0.3425630636158444,0.3466991443692902
3,INTERMEDIATE,59,elu,32,0.2761659352180414,0.0001879758045148,32,0.3492001578921363,0.338722500168247
3,INTERMEDIATE,60,elu,32,0.2761659352180414,0.0001879758045148,32,0.3467035978322937,0.3505809941777476
3,INTERMEDIATE,61,elu,32,0.2761659352180414,0.0001879758045148,32,0.3611356119314829,0.3492840771321897
3,INTERMEDIATE,62,elu,32,0.2761659352180414,0.0001879758045148,32,0.3915997892618179,0.335025852109179
3,INTERMEDIATE,63,elu,32,0.2761659352180414,0.0001879758045148,32,0.3706633363451276,0.3380416651014928
3,INTERMEDIATE,64,elu,32,0.2761659352180414,0.0001879758045148,32,0.3494604840165093,0.3279387282184612
3,INTERMEDIATE,65,elu,32,0.2761659352180414,0.0001879758045148,32,0.3382041145648275,0.3210710574079443
3,INTERMEDIATE,66,elu,32,0.2761659352180414,0.0001879758045148,32,0.3408954292535782,0.3431363648470537
3,INTERMEDIATE,67,elu,32,0.2761659352180414,0.0001879758045148,32,0.3417169047253472,0.3242675885558128
3,INTERMEDIATE,68,elu,32,0.2761659352180414,0.0001879758045148,32,0.3506016883821714,0.3253987517069887
3,INTERMEDIATE,69,elu,32,0.2761659352180414,0.0001879758045148,32,0.3510606352772031,0.3214038668407334
3,INTERMEDIATE,70,elu,32,0.2761659352180414,0.0001879758045148,32,0.3884009200902212,0.3264205593753744
3,INTERMEDIATE,71,elu,32,0.2761659352180414,0.0001879758045148,32,0.3410862765851475,0.3139819237920973
3,INTERMEDIATE,72,elu,32,0.2761659352180414,0.0001879758045148,32,0.3528115163956369,0.3116367408706818
3,INTERMEDIATE,73,elu,32,0.2761659352180414,0.0001879758045148,32,0.3387494864208357,0.3030665981364839
3,INTERMEDIATE,74,elu,32,0.2761659352180414,0.0001879758045148,32,0.3331539258360863,0.3076965502566761
3,INTERMEDIATE,75,elu,32,0.2761659352180414,0.0001879758045148,32,0.350700027176312,0.3046533961170985
3,INTERMEDIATE,76,elu,32,0.2761659352180414,0.0001879758045148,32,0.3180043179364431,0.3103153769984657
3,INTERMEDIATE,77,elu,32,0.2761659352180414,0.0001879758045148,32,0.3264321738055774,0.3079586405261063
3,INTERMEDIATE,78,elu,32,0.2761659352180414,0.0001879758045148,32,0.3246435789125306,0.3055024633620992
3,INTERMEDIATE,79,elu,32,0.2761659352180414,0.0001879758045148,32,0.3286995777771586,0.3075454132976355
3,INTERMEDIATE,80,elu,32,0.2761659352180414,0.0001879758045148,32,0.3334633885394959,0.2869611245430546
3,INTERMEDIATE,81,elu,32,0.2761659352180414,0.0001879758045148,32,0.3203949577042034,0.2923938673403528
3,INTERMEDIATE,82,elu,32,0.2761659352180414,0.0001879758045148,32,0.3180661976692222,0.3062840049833427
3,INTERMEDIATE,83,elu,32,0.2761659352180414,0.0001879758045148,32,0.3170324480604558,0.291593918553841
3,INTERMEDIATE,84,elu,32,0.2761659352180414,0.0001879758045148,32,0.3631226420402527,0.3091881310130343
3,INTERMEDIATE,85,elu,32,0.2761659352180414,0.0001879758045148,32,0.3054453343862578,0.2868894258583033
3,INTERMEDIATE,86,elu,32,0.2761659352180414,0.0001879758045148,32,0.3129925263069925,0.2813987414594049
3,INTERMEDIATE,87,elu,32,0.2761659352180414,0.0001879758045148,32,0.3060583802206175,0.2852303302950329
3,INTERMEDIATE,88,elu,32,0.2761659352180414,0.0001879758045148,32,0.3837663091364361,0.4372554641262984
3,INTERMEDIATE,89,elu,32,0.2761659352180414,0.0001879758045148,32,0.3569747699158532,0.4241682497071631
3,INTERMEDIATE,90,elu,32,0.2761659352180414,0.0001879758045148,32,0.3712550579082398,0.4326180860768129
3,INTERMEDIATE,91,elu,32,0.2761659352180414,0.0001879758045148,32,0.3417597083108766,0.3592714352740181
3,INTERMEDIATE,92,elu,32,0.2761659352180414,0.0001879758045148,32,0.3258179805818058,0.332757625222942
3,INTERMEDIATE,93,elu,32,0.2761659352180414,0.0001879758045148,32,0.3317366146615573,0.3297341764893061
3,INTERMEDIATE,94,elu,32,0.2761659352180414,0.0001879758045148,32,0.3620414549396151,0.3236472498119613
3,INTERMEDIATE,95,elu,32,0.2761659352180414,0.0001879758045148,32,0.3439430005493618,0.3141776664573469
3,INTERMEDIATE,96,elu,32,0.2761659352180414,0.0001879758045148,32,0.3350859515014149,0.3185020331063388
3,INTERMEDIATE,97,elu,32,0.2761659352180414,0.0001879758045148,32,0.348977899977139,0.3259498495378612
3,INTERMEDIATE,98,elu,32,0.2761659352180414,0.0001879758045148,32,0.3303596522836458,0.3135002120225518
3,INTERMEDIATE,99,elu,32,0.2761659352180414,0.0001879758045148,32,0.3283485919237137,0.2953503117149259
3,INTERMEDIATE,100,elu,32,0.2761659352180414,0.0001879758045148,32,0.3220888007254827,0.2881926367128337
3,INTERMEDIATE,101,elu,32,0.2761659352180414,0.0001879758045148,32,0.3200731848676999,0.2917873804216032
3,INTERMEDIATE,102,elu,32,0.2761659352180414,0.0001879758045148,32,0.3148094472431001,0.291259297710142
3,INTERMEDIATE,103,elu,32,0.2761659352180414,0.0001879758045148,32,0.3371519857928866,0.281457356924628
3,INTERMEDIATE,104,elu,32,0.2761659352180414,0.0001879758045148,32,0.3569689251127697,0.2754808158418279
3,INTERMEDIATE,105,elu,32,0.2761659352180414,0.0001879758045148,32,0.3238392986712001,0.2815142283101141
3,INTERMEDIATE,106,elu,32,0.2761659352180414,0.0001879758045148,32,0.3161787089137804,0.2782957039681482
3,INTERMEDIATE,107,elu,32,0.2761659352180414,0.0001879758045148,32,0.3246452716134843,0.2792900115435506
3,INTERMEDIATE,108,elu,32,0.2761659352180414,0.0001879758045148,32,0.346163962213766,0.2748280988983166
3,INTERMEDIATE,109,elu,32,0.2761659352180414,0.0001879758045148,32,0.3043507610758145,0.2856307686479003
3,INTERMEDIATE,110,elu,32,0.2761659352180414,0.0001879758045148,32,0.3066669759296235,0.2784789366026719
3,INTERMEDIATE,111,elu,32,0.2761659352180414,0.0001879758045148,32,0.3119653312578088,0.2745989574878304
3,INTERMEDIATE,112,elu,32,0.2761659352180414,0.0001879758045148,32,0.3265773689463025,0.2731116249421496
3,INTERMEDIATE,113,elu,32,0.2761659352180414,0.0001879758045148,32,0.3386810805116381,0.2765240691326283
3,INTERMEDIATE,114,elu,32,0.2761659352180414,0.0001879758045148,32,0.3397134492794673,0.3003647905992873
3,INTERMEDIATE,115,elu,32,0.2761659352180414,0.0001879758045148,32,0.3227045273496991,0.2743471709114534
3,INTERMEDIATE,116,elu,32,0.2761659352180414,0.0001879758045148,32,0.3133088673154513,0.2718980226803709
3,INTERMEDIATE,117,elu,32,0.2761659352180414,0.0001879758045148,32,0.3369110797842343,0.2657549770341979
3,INTERMEDIATE,118,elu,32,0.2761659352180414,0.0001879758045148,32,0.3058769834183511,0.2782224733152507
3,INTERMEDIATE,119,elu,32,0.2761659352180414,0.0001879758045148,32,0.3196558079549244,0.276795678300622
3,INTERMEDIATE,120,elu,32,0.2761659352180414,0.0001879758045148,32,0.3127392711383955,0.2730386286606023
3,INTERMEDIATE,121,elu,32,0.2761659352180414,0.0001879758045148,32,0.3612492414457457,0.2670536520488468
3,INTERMEDIATE,122,elu,32,0.2761659352180414,0.0001879758045148,32,0.3132344557061082,0.2776002724321536
3,INTERMEDIATE,123,elu,32,0.2761659352180414,0.0001879758045148,32,0.362496558754217,0.2799683181959905
3,INTERMEDIATE,124,elu,32,0.2761659352180414,0.0001879758045148,32,0.3159384993570192,0.2777160568921654
3,INTERMEDIATE,125,elu,32,0.2761659352180414,0.0001879758045148,32,0.3151510219488825,0.2694922647910354
3,INTERMEDIATE,126,elu,32,0.2761659352180414,0.0001879758045148,32,0.3405718746639433,0.2695921914261064
3,INTERMEDIATE,127,elu,32,0.2761659352180414,0.0001879758045148,32,0.319653967661517,0.2751103203605722
3,INTERMEDIATE,128,elu,32,0.2761659352180414,0.0001879758045148,32,0.331764185712451,0.2691000183515342
3,INTERMEDIATE,129,elu,32,0.2761659352180414,0.0001879758045148,32,0.3146061741170429,0.2676947466385217
3,INTERMEDIATE,130,elu,32,0.2761659352180414,0.0001879758045148,32,0.3277440890669822,0.2654400241595727
3,INTERMEDIATE,131,elu,32,0.2761659352180414,0.0001879758045148,32,0.3327012835513978,0.264072346098629
3,INTERMEDIATE,132,elu,32,0.2761659352180414,0.0001879758045148,32,0.3150811521779923,0.2717078714918943
3,INTERMEDIATE,133,elu,32,0.2761659352180414,0.0001879758045148,32,0.3068516257972944,0.2676211054678316
3,INTERMEDIATE,134,elu,32,0.2761659352180414,0.0001879758045148,32,0.3322525189391204,0.2950184566003305
3,INTERMEDIATE,135,elu,32,0.2761659352180414,0.0001879758045148,32,0.3032761485803695,0.3102339027840414
3,INTERMEDIATE,136,elu,32,0.2761659352180414,0.0001879758045148,32,0.2828180759790398,0.276279170801978
3,INTERMEDIATE,137,elu,32,0.2761659352180414,0.0001879758045148,32,0.273368706838006,0.2687675223490338
3,INTERMEDIATE,138,elu,32,0.2761659352180414,0.0001879758045148,32,0.2721568750483649,0.2645493317165492
3,INTERMEDIATE,139,elu,32,0.2761659352180414,0.0001879758045148,32,0.2839354021208627,0.267623414825878
3,INTERMEDIATE,140,elu,32,0.2761659352180414,0.0001879758045148,32,0.303303606453396,0.2841305732727051
3,INTERMEDIATE,141,elu,32,0.2761659352180414,0.0001879758045148,32,0.2996619629363219,0.2931238631775349
3,INTERMEDIATE,142,elu,32,0.2761659352180414,0.0001879758045148,32,0.2960465216920489,0.2701861282097704
3,INTERMEDIATE,143,elu,32,0.2761659352180414,0.0001879758045148,32,0.2925893107340449,0.2679235563601976
3,INTERMEDIATE,144,elu,32,0.2761659352180414,0.0001879758045148,32,0.2938712200238591,0.2739530390611401
3,INTERMEDIATE,145,elu,32,0.2761659352180414,0.0001879758045148,32,0.2949227303976104,0.2648827291013282
3,INTERMEDIATE,146,elu,32,0.2761659352180414,0.0001879758045148,32,0.3183048899684633,0.295742713742786
3,INTERMEDIATE,147,elu,32,0.2761659352180414,0.0001879758045148,32,0.2920133460845266,0.2766063631868656
3,INTERMEDIATE,148,elu,32,0.2761659352180414,0.0001879758045148,32,0.3259107729508763,0.2681661487821443
3,INTERMEDIATE,149,elu,32,0.2761659352180414,0.0001879758045148,32,0.2809444944418612,0.2595463449388374
3,COMPLETED,149,elu,32,0.2761659352180414,0.0001879758045148,32,0.2721568750483649,0.2645493317165492
4,INTERMEDIATE,0,relu,32,0.0744373769050483,0.0008649188902481,58,1.0681452722776503,1.3986605913550765
4,INTERMEDIATE,1,relu,32,0.0744373769050483,0.0008649188902481,58,0.8304705761727833,0.9434973501864776
4,INTERMEDIATE,2,relu,32,0.0744373769050483,0.0008649188902481,58,0.662104111342203,0.7314514779014352
4,INTERMEDIATE,3,relu,32,0.0744373769050483,0.0008649188902481,58,0.5632639101573399,0.6047318184081419
4,INTERMEDIATE,4,relu,32,0.0744373769050483,0.0008649188902481,58,0.6025378959519523,0.5781744608172664
4,INTERMEDIATE,5,relu,32,0.0744373769050483,0.0008649188902481,58,0.5112332999706268,0.5126249315562071
4,INTERMEDIATE,6,relu,32,0.0744373769050483,0.0008649188902481,58,0.4659260823613121,0.4703821534359896
4,INTERMEDIATE,7,relu,32,0.0744373769050483,0.0008649188902481,58,0.4307231938555127,0.4384755896933285
4,INTERMEDIATE,8,relu,32,0.0744373769050483,0.0008649188902481,58,0.3894727861597424,0.4093073231202584
4,INTERMEDIATE,9,relu,32,0.0744373769050483,0.0008649188902481,58,0.6431458620798021,0.4261593494886233
4,INTERMEDIATE,10,relu,32,0.0744373769050483,0.0008649188902481,58,0.4024204973663602,0.4775046566386282
4,INTERMEDIATE,11,relu,32,0.0744373769050483,0.0008649188902481,58,0.347509975589457,0.4077005412107632
4,INTERMEDIATE,12,relu,32,0.0744373769050483,0.0008649188902481,58,0.3473558688447589,0.3632661548477632
4,INTERMEDIATE,13,relu,32,0.0744373769050483,0.0008649188902481,58,0.3823501027765728,0.3535125767927111
4,INTERMEDIATE,14,relu,32,0.0744373769050483,0.0008649188902481,58,0.3215609317024548,0.31903177941287
4,INTERMEDIATE,15,relu,32,0.0744373769050483,0.0008649188902481,58,0.3233618867539224,0.3062795007854332
4,INTERMEDIATE,16,relu,32,0.0744373769050483,0.0008649188902481,58,0.3228221024785723,0.2812216412505985
4,INTERMEDIATE,17,relu,32,0.0744373769050483,0.0008649188902481,58,0.3185177083526339,0.2719344837981977
4,INTERMEDIATE,18,relu,32,0.0744373769050483,0.0008649188902481,58,0.2755345416565736,0.2730929093596376
4,INTERMEDIATE,19,relu,32,0.0744373769050483,0.0008649188902481,58,0.3522462552147252,0.2747888217369715
4,INTERMEDIATE,20,relu,32,0.0744373769050483,0.0008649188902481,58,0.2893372733323347,0.3357594179702394
4,INTERMEDIATE,21,relu,32,0.0744373769050483,0.0008649188902481,58,0.3377573683503128,0.2699185590501184
4,INTERMEDIATE,22,relu,32,0.0744373769050483,0.0008649188902481,58,0.384926424849601,0.2955019776651889
4,INTERMEDIATE,23,relu,32,0.0744373769050483,0.0008649188902481,58,0.3053090270786058,0.2574329592379523
4,INTERMEDIATE,24,relu,32,0.0744373769050483,0.0008649188902481,58,0.2564164316725163,0.2559783957254739
4,INTERMEDIATE,25,relu,32,0.0744373769050483,0.0008649188902481,58,0.2679059856704303,0.2475369021664431
4,INTERMEDIATE,26,relu,32,0.0744373769050483,0.0008649188902481,58,0.2763012725682485,0.2480003803416534
4,INTERMEDIATE,27,relu,32,0.0744373769050483,0.0008649188902481,58,0.3186300645271937,0.2375140549775994
4,INTERMEDIATE,28,relu,32,0.0744373769050483,0.0008649188902481,58,0.2257191524619148,0.2098213597948168
4,INTERMEDIATE,29,relu,32,0.0744373769050483,0.0008649188902481,58,0.2556465849102962,0.2245859692310109
4,INTERMEDIATE,30,relu,32,0.0744373769050483,0.0008649188902481,58,0.2593365630933216,0.2342812083201643
4,INTERMEDIATE,31,relu,32,0.0744373769050483,0.0008649188902481,58,0.2343162473823343,0.2251290896976435
4,INTERMEDIATE,32,relu,32,0.0744373769050483,0.0008649188902481,58,0.2805140272137664,0.2420646983808205
4,INTERMEDIATE,33,relu,32,0.0744373769050483,0.0008649188902481,58,0.303190352661269,0.3198492322347046
4,INTERMEDIATE,34,relu,32,0.0744373769050483,0.0008649188902481,58,0.3209898297985394,0.2522723913928609
4,INTERMEDIATE,35,relu,32,0.0744373769050483,0.0008649188902481,58,0.2497605787856238,0.2346773924834934
4,INTERMEDIATE,36,relu,32,0.0744373769050483,0.0008649188902481,58,0.2371158998991762,0.2107826214467669
4,INTERMEDIATE,37,relu,32,0.0744373769050483,0.0008649188902481,58,0.2516364146556173,0.2076691561091093
4,INTERMEDIATE,38,relu,32,0.0744373769050483,0.0008649188902481,58,0.3121747899623144,0.2548239371382896
4,INTERMEDIATE,39,relu,32,0.0744373769050483,0.0008649188902481,58,0.2843767940288498,0.2263760531758084
4,INTERMEDIATE,40,relu,32,0.0744373769050483,0.0008649188902481,58,0.2241570616052264,0.2207547158094835
4,INTERMEDIATE,41,relu,32,0.0744373769050483,0.0008649188902481,58,0.2137658659900937,0.2227908569721528
4,INTERMEDIATE,42,relu,32,0.0744373769050483,0.0008649188902481,58,0.2216794242461522,0.2013697161994598
4,INTERMEDIATE,43,relu,32,0.0744373769050483,0.0008649188902481,58,0.2075415039878516,0.1881104183877691
4,INTERMEDIATE,44,relu,32,0.0744373769050483,0.0008649188902481,58,0.208314210886047,0.1767056303811662
4,INTERMEDIATE,45,relu,32,0.0744373769050483,0.0008649188902481,58,0.2650964753258796,0.1664487086696389
4,INTERMEDIATE,46,relu,32,0.0744373769050483,0.0008649188902481,58,0.2103377334063961,0.1768265325162145
4,INTERMEDIATE,47,relu,32,0.0744373769050483,0.0008649188902481,58,0.2220843884916532,0.1763414951662222
4,INTERMEDIATE,48,relu,32,0.0744373769050483,0.0008649188902481,58,0.2216640068661599,0.1703830363435877
4,INTERMEDIATE,49,relu,32,0.0744373769050483,0.0008649188902481,58,0.4687426182485762,0.2122617179964795
4,INTERMEDIATE,50,relu,32,0.0744373769050483,0.0008649188902481,58,0.3200194267999558,0.3232431093483795
4,INTERMEDIATE,51,relu,32,0.0744373769050483,0.0008649188902481,58,0.4618918824763525,0.4795324485978962
4,INTERMEDIATE,52,relu,32,0.0744373769050483,0.0008649188902481,58,0.3998425656131336,0.3994211712737142
4,INTERMEDIATE,53,relu,32,0.0744373769050483,0.0008649188902481,58,0.3410231953575497,0.3445830468410327
4,INTERMEDIATE,54,relu,32,0.0744373769050483,0.0008649188902481,58,0.3229424421276365,0.3059040966593189
4,INTERMEDIATE,55,relu,32,0.0744373769050483,0.0008649188902481,58,0.3022956933294023,0.2762113291724228
4,INTERMEDIATE,56,relu,32,0.0744373769050483,0.0008649188902481,58,0.2736099632013412,0.2599131338942198
4,INTERMEDIATE,57,relu,32,0.0744373769050483,0.0008649188902481,58,0.3002977768580119,0.2471640649953006
4,INTERMEDIATE,58,relu,32,0.0744373769050483,0.0008649188902481,58,0.2572641887125514,0.2334727936504799
4,INTERMEDIATE,59,relu,32,0.0744373769050483,0.0008649188902481,58,0.2722840000476156,0.2180212958267441
4,INTERMEDIATE,60,relu,32,0.0744373769050483,0.0008649188902481,58,0.2273344589131219,0.2050116650852156
4,INTERMEDIATE,61,relu,32,0.0744373769050483,0.0008649188902481,58,0.221110261666278,0.1949639230230708
4,INTERMEDIATE,62,relu,32,0.0744373769050483,0.0008649188902481,58,0.2391071576802503,0.1857556136853901
4,INTERMEDIATE,63,relu,32,0.0744373769050483,0.0008649188902481,58,0.2345052304722014,0.1875601145496339
4,INTERMEDIATE,64,relu,32,0.0744373769050483,0.0008649188902481,58,0.2172693688245046,0.1665029494022881
4,INTERMEDIATE,65,relu,32,0.0744373769050483,0.0008649188902481,58,0.2027661822558868,0.1632027485074452
4,INTERMEDIATE,66,relu,32,0.0744373769050483,0.0008649188902481,58,0.2422992585315591,0.1446352051456033
4,INTERMEDIATE,67,relu,32,0.0744373769050483,0.0008649188902481,58,0.1928404099529697,0.1445125175846947
4,INTERMEDIATE,68,relu,32,0.0744373769050483,0.0008649188902481,58,0.2162266373634338,0.1348249366805877
4,INTERMEDIATE,69,relu,32,0.0744373769050483,0.0008649188902481,58,0.241536421701312,0.1308718393614262
4,INTERMEDIATE,70,relu,32,0.0744373769050483,0.0008649188902481,58,0.2037641072557086,0.140654491605582
4,INTERMEDIATE,71,relu,32,0.0744373769050483,0.0008649188902481,58,0.1870905058901934,0.1240409343606895
4,INTERMEDIATE,72,relu,32,0.0744373769050483,0.0008649188902481,58,0.2072973882868176,0.1213150617586057
4,INTERMEDIATE,73,relu,32,0.0744373769050483,0.0008649188902481,58,0.1785440636532647,0.1119859216642784
4,INTERMEDIATE,74,relu,32,0.0744373769050483,0.0008649188902481,58,0.1854296493388357,0.1091900509034777
4,INTERMEDIATE,75,relu,32,0.0744373769050483,0.0008649188902481,58,0.3017179362830661,0.1178929231325049
4,INTERMEDIATE,76,relu,32,0.0744373769050483,0.0008649188902481,58,0.1825981686512629,0.1184062880153457
4,INTERMEDIATE,77,relu,32,0.0744373769050483,0.0008649188902481,58,0.1634168919353258,0.0999272258285387
4,INTERMEDIATE,78,relu,32,0.0744373769050483,0.0008649188902481,58,0.1842234372383072,0.0964274720898197
4,INTERMEDIATE,79,relu,32,0.0744373769050483,0.0008649188902481,58,0.1885733033219973,0.0968692408253749
4,INTERMEDIATE,80,relu,32,0.0744373769050483,0.0008649188902481,58,0.1702639113535128,0.0902211152385046
4,INTERMEDIATE,81,relu,32,0.0744373769050483,0.0008649188902481,58,0.1713368222782654,0.0874214020592195
4,INTERMEDIATE,82,relu,32,0.0744373769050483,0.0008649188902481,58,0.138533303070636,0.1370435178647806
4,INTERMEDIATE,83,relu,32,0.0744373769050483,0.0008649188902481,58,0.153031343505496,0.0861915241995895
4,INTERMEDIATE,84,relu,32,0.0744373769050483,0.0008649188902481,58,0.149658920154685,0.0771933459435348
4,INTERMEDIATE,85,relu,32,0.0744373769050483,0.0008649188902481,58,0.1604412828261653,0.0701198632955367
4,INTERMEDIATE,86,relu,32,0.0744373769050483,0.0008649188902481,58,0.1591872341398681,0.0644047959811157
4,INTERMEDIATE,87,relu,32,0.0744373769050483,0.0008649188902481,58,0.184791988205342,0.089917611543457
4,INTERMEDIATE,88,relu,32,0.0744373769050483,0.0008649188902481,58,0.1885553069767497,0.0856559485840944
4,INTERMEDIATE,89,relu,32,0.0744373769050483,0.0008649188902481,58,0.1514579786786011,0.08508409301026
4,INTERMEDIATE,90,relu,32,0.0744373769050483,0.0008649188902481,58,0.1519248133436554,0.0810339299754964
4,INTERMEDIATE,91,relu,32,0.0744373769050483,0.0008649188902481,58,0.1310033973395115,0.0588367508931292
4,INTERMEDIATE,92,relu,32,0.0744373769050483,0.0008649188902481,58,0.1643097671192316,0.0613995641239999
4,INTERMEDIATE,93,relu,32,0.0744373769050483,0.0008649188902481,58,0.187726366688453,0.057539107300985
4,INTERMEDIATE,94,relu,32,0.0744373769050483,0.0008649188902481,58,0.1623493756300636,0.0678866978067858
4,INTERMEDIATE,95,relu,32,0.0744373769050483,0.0008649188902481,58,0.1572443495637604,0.0533840886409176
4,INTERMEDIATE,96,relu,32,0.0744373769050483,0.0008649188902481,58,0.2198385764800366,0.0529180964179061
4,INTERMEDIATE,97,relu,32,0.0744373769050483,0.0008649188902481,58,0.1438385049502054,0.0526544356224253
4,INTERMEDIATE,98,relu,32,0.0744373769050483,0.0008649188902481,58,0.1806947815486984,0.0454866107277296
4,INTERMEDIATE,99,relu,32,0.0744373769050483,0.0008649188902481,58,0.1442286450903685,0.0497043324737913
4,INTERMEDIATE,100,relu,32,0.0744373769050483,0.0008649188902481,58,0.1458488081670588,0.0378810634382391
4,INTERMEDIATE,101,relu,32,0.0744373769050483,0.0008649188902481,58,0.1703902506491258,0.0370973027670572
4,INTERMEDIATE,102,relu,32,0.0744373769050483,0.0008649188902481,58,0.1723939568425218,0.0739463131363147
4,INTERMEDIATE,103,relu,32,0.0744373769050483,0.0008649188902481,58,0.1451427611034541,0.0395944276192214
4,INTERMEDIATE,104,relu,32,0.0744373769050483,0.0008649188902481,58,0.1540322113793254,0.0302401720330602
4,INTERMEDIATE,105,relu,32,0.0744373769050483,0.0008649188902481,58,0.1643403064933539,0.0390718918750752
4,INTERMEDIATE,106,relu,32,0.0744373769050483,0.0008649188902481,58,0.1688037588638031,0.0309028833138721
4,INTERMEDIATE,107,relu,32,0.0744373769050483,0.0008649188902481,58,0.248437989813586,0.0341591210345979
4,INTERMEDIATE,108,relu,32,0.0744373769050483,0.0008649188902481,58,0.1767514843626746,0.0860900423276801
4,INTERMEDIATE,109,relu,32,0.0744373769050483,0.0008649188902481,58,0.1468000109418339,0.066973857814446
4,INTERMEDIATE,110,relu,32,0.0744373769050483,0.0008649188902481,58,0.1458964531276641,0.0376878631370211
4,INTERMEDIATE,111,relu,32,0.0744373769050483,0.0008649188902481,58,0.1411558318262299,0.0330062990973669
4,INTERMEDIATE,112,relu,32,0.0744373769050483,0.0008649188902481,58,0.1347929462679617,0.0289506609853426
4,INTERMEDIATE,113,relu,32,0.0744373769050483,0.0008649188902481,58,0.2022175051138869,0.0405760403150508
4,INTERMEDIATE,114,relu,32,0.0744373769050483,0.0008649188902481,58,0.1455648430301586,0.0527607961960228
4,INTERMEDIATE,115,relu,32,0.0744373769050483,0.0008649188902481,58,0.1828189154288598,0.0545925597220452
4,INTERMEDIATE,116,relu,32,0.0744373769050483,0.0008649188902481,58,0.1519178463190439,0.0407281706144136
4,INTERMEDIATE,117,relu,32,0.0744373769050483,0.0008649188902481,58,0.1490834156672159,0.0273872210491839
4,INTERMEDIATE,118,relu,32,0.0744373769050483,0.0008649188902481,58,0.133889345176396,0.0208952790413649
4,INTERMEDIATE,119,relu,32,0.0744373769050483,0.0008649188902481,58,0.1596075291301877,0.0184807780796638
4,INTERMEDIATE,120,relu,32,0.0744373769050483,0.0008649188902481,58,0.1494118778278962,0.0247654292422036
4,INTERMEDIATE,121,relu,32,0.0744373769050483,0.0008649188902481,58,0.1968587814120664,0.0409010954231403
4,INTERMEDIATE,122,relu,32,0.0744373769050483,0.0008649188902481,58,0.1789446919269505,0.0508405388904919
4,INTERMEDIATE,123,relu,32,0.0744373769050483,0.0008649188902481,58,0.1366064095027035,0.0224052339340962
4,INTERMEDIATE,124,relu,32,0.0744373769050483,0.0008649188902481,58,0.1432381432525636,0.0176826552574143
4,INTERMEDIATE,125,relu,32,0.0744373769050483,0.0008649188902481,58,0.2036201091527584,0.0138729163488649
4,INTERMEDIATE,126,relu,32,0.0744373769050483,0.0008649188902481,58,0.1774199173724766,0.0154958643187354
4,INTERMEDIATE,127,relu,32,0.0744373769050483,0.0008649188902481,58,0.1478626552575622,0.0257338095832915
4,INTERMEDIATE,128,relu,32,0.0744373769050483,0.0008649188902481,58,0.2111235706584661,0.0414278922907226
4,INTERMEDIATE,129,relu,32,0.0744373769050483,0.0008649188902481,58,0.1882490374236589,0.0458977610191882
4,INTERMEDIATE,130,relu,32,0.0744373769050483,0.0008649188902481,58,0.1572921258186744,0.0672067881872256
4,INTERMEDIATE,131,relu,32,0.0744373769050483,0.0008649188902481,58,0.140294679507081,0.0371288407226035
4,COMPLETED,131,relu,32,0.0744373769050483,0.0008649188902481,58,0.1310033973395115,0.0588367508931292
5,INTERMEDIATE,0,relu,16,0.1407325348177933,0.0006676914378015,56,0.9687647993971662,1.2355843245247264
5,INTERMEDIATE,1,relu,16,0.1407325348177933,0.0006676914378015,56,0.7911423844535176,0.8456017170791272
5,INTERMEDIATE,2,relu,16,0.1407325348177933,0.0006676914378015,56,0.6446467463563128,0.7056926402412815
5,INTERMEDIATE,3,relu,16,0.1407325348177933,0.0006676914378015,56,0.5619282642515694,0.5971396609588906
5,INTERMEDIATE,4,relu,16,0.1407325348177933,0.0006676914378015,56,0.5054302270092615,0.5365894875592656
5,INTERMEDIATE,5,relu,16,0.1407325348177933,0.0006676914378015,56,0.5457090437412262,0.5550114655936206
5,INTERMEDIATE,6,relu,16,0.1407325348177933,0.0006676914378015,56,0.4566825137632649,0.5253243347928848
5,INTERMEDIATE,7,relu,16,0.1407325348177933,0.0006676914378015,56,0.3817245753073111,0.4292264864032651
5,INTERMEDIATE,8,relu,16,0.1407325348177933,0.0006676914378015,56,0.3550649207176232,0.4024243645461989
5,INTERMEDIATE,9,relu,16,0.1407325348177933,0.0006676914378015,56,0.3162162917234549,0.3624405240938987
5,INTERMEDIATE,10,relu,16,0.1407325348177933,0.0006676914378015,56,0.3035048253652526,0.3303215387794707
5,INTERMEDIATE,11,relu,16,0.1407325348177933,0.0006676914378015,56,0.3095507212891811,0.3457073033499865
5,INTERMEDIATE,12,relu,16,0.1407325348177933,0.0006676914378015,56,0.2925082337928981,0.317375105081333
5,INTERMEDIATE,13,relu,16,0.1407325348177933,0.0006676914378015,56,0.2925856044379676,0.2786406730704101
5,INTERMEDIATE,14,relu,16,0.1407325348177933,0.0006676914378015,56,0.2783793901524892,0.2787475132233935
5,INTERMEDIATE,15,relu,16,0.1407325348177933,0.0006676914378015,56,0.2221082219535984,0.2751061626606517
5,INTERMEDIATE,16,relu,16,0.1407325348177933,0.0006676914378015,56,0.2240460187923617,0.2362422645781879
5,INTERMEDIATE,17,relu,16,0.1407325348177933,0.0006676914378015,56,0.2434260884254444,0.2517707799273876
5,INTERMEDIATE,18,relu,16,0.1407325348177933,0.0006676914378015,56,0.2045930749395998,0.2380472548811892
5,INTERMEDIATE,19,relu,16,0.1407325348177933,0.0006676914378015,56,0.2125398351288423,0.2349733588642176
5,INTERMEDIATE,20,relu,16,0.1407325348177933,0.0006676914378015,56,0.2471219656489244,0.2304536338297673
5,INTERMEDIATE,21,relu,16,0.1407325348177933,0.0006676914378015,56,0.290910855299089,0.226685015703149
5,INTERMEDIATE,22,relu,16,0.1407325348177933,0.0006676914378015,56,0.2132636882001307,0.2271583635520971
5,INTERMEDIATE,23,relu,16,0.1407325348177933,0.0006676914378015,56,0.1926749077421136,0.217633875604305
5,INTERMEDIATE,24,relu,16,0.1407325348177933,0.0006676914378015,56,0.1978945497014537,0.2139289366702238
5,INTERMEDIATE,25,relu,16,0.1407325348177933,0.0006676914378015,56,0.1749670157527051,0.1911856674497234
5,INTERMEDIATE,26,relu,16,0.1407325348177933,0.0006676914378015,56,0.1905403661246343,0.1871069954926676
5,INTERMEDIATE,27,relu,16,0.1407325348177933,0.0006676914378015,56,0.2376056532034786,0.1823592439098398
5,INTERMEDIATE,28,relu,16,0.1407325348177933,0.0006676914378015,56,0.2127074427539255,0.1860752808631478
5,INTERMEDIATE,29,relu,16,0.1407325348177933,0.0006676914378015,56,0.1704586689564876,0.1572762382055782
5,INTERMEDIATE,30,relu,16,0.1407325348177933,0.0006676914378015,56,0.2048287962268038,0.1817626130571704
5,INTERMEDIATE,31,relu,16,0.1407325348177933,0.0006676914378015,56,0.1997051554527588,0.169638963036791
5,INTERMEDIATE,32,relu,16,0.1407325348177933,0.0006676914378015,56,0.1937842397927874,0.1599092452418933
5,INTERMEDIATE,33,relu,16,0.1407325348177933,0.0006676914378015,56,0.1933670075519419,0.1459003646202661
5,INTERMEDIATE,34,relu,16,0.1407325348177933,0.0006676914378015,56,0.1833604316158992,0.1773812331799647
5,INTERMEDIATE,35,relu,16,0.1407325348177933,0.0006676914378015,56,0.3538645979516753,0.1558627185848668
5,INTERMEDIATE,36,relu,16,0.1407325348177933,0.0006676914378015,56,0.1810940580624269,0.1682003057090404
5,INTERMEDIATE,37,relu,16,0.1407325348177933,0.0006676914378015,56,0.1393481028924991,0.1270439019886615
5,INTERMEDIATE,38,relu,16,0.1407325348177933,0.0006676914378015,56,0.1710722819424984,0.1237451001127928
5,INTERMEDIATE,39,relu,16,0.1407325348177933,0.0006676914378015,56,0.1863354741391248,0.1148608507370047
5,INTERMEDIATE,40,relu,16,0.1407325348177933,0.0006676914378015,56,0.1788158339857146,0.1101574095621429
5,INTERMEDIATE,41,relu,16,0.1407325348177933,0.0006676914378015,56,0.1726966127526105,0.1172175561307849
5,INTERMEDIATE,42,relu,16,0.1407325348177933,0.0006676914378015,56,0.1573844278208548,0.1140966867959057
5,INTERMEDIATE,43,relu,16,0.1407325348177933,0.0006676914378015,56,0.147811342297667,0.097309356653074
5,INTERMEDIATE,44,relu,16,0.1407325348177933,0.0006676914378015,56,0.148895447006131,0.1022644630779891
5,INTERMEDIATE,45,relu,16,0.1407325348177933,0.0006676914378015,56,0.1632980227515828,0.0895143775140038
5,INTERMEDIATE,46,relu,16,0.1407325348177933,0.0006676914378015,56,0.1578867472424285,0.0787208457621113
5,INTERMEDIATE,47,relu,16,0.1407325348177933,0.0006676914378015,56,0.1821261136906176,0.1974691478219343
5,INTERMEDIATE,48,relu,16,0.1407325348177933,0.0006676914378015,56,0.1716229054940546,0.1361630561008451
5,INTERMEDIATE,49,relu,16,0.1407325348177933,0.0006676914378015,56,0.1700734441600195,0.1112108111358535
5,INTERMEDIATE,50,relu,16,0.1407325348177933,0.0006676914378015,56,0.1538792625410346,0.1075637644648345
5,INTERMEDIATE,51,relu,16,0.1407325348177933,0.0006676914378015,56,0.180043274809311,0.0990595545010342
5,INTERMEDIATE,52,relu,16,0.1407325348177933,0.0006676914378015,56,0.1426691591353496,0.096208354021296
5,INTERMEDIATE,53,relu,16,0.1407325348177933,0.0006676914378015,56,0.1308772591703639,0.0846603874370087
5,INTERMEDIATE,54,relu,16,0.1407325348177933,0.0006676914378015,56,0.1564088871549224,0.0758125109060518
5,INTERMEDIATE,55,relu,16,0.1407325348177933,0.0006676914378015,56,0.148969115490639,0.0886069577313775
5,INTERMEDIATE,56,relu,16,0.1407325348177933,0.0006676914378015,56,0.1796123949788147,0.131822791759695
5,INTERMEDIATE,57,relu,16,0.1407325348177933,0.0006676914378015,56,0.1194470925994853,0.0893135313591402
5,INTERMEDIATE,58,relu,16,0.1407325348177933,0.0006676914378015,56,0.1273556719704463,0.0725726431615098
5,INTERMEDIATE,59,relu,16,0.1407325348177933,0.0006676914378015,56,0.1581116236672486,0.0812600396773318
5,INTERMEDIATE,60,relu,16,0.1407325348177933,0.0006676914378015,56,0.1249034786824046,0.0733102610834908
5,INTERMEDIATE,61,relu,16,0.1407325348177933,0.0006676914378015,56,0.1260131395921656,0.0561849850827805
5,INTERMEDIATE,62,relu,16,0.1407325348177933,0.0006676914378015,56,0.1643192304707155,0.0556336998580926
5,INTERMEDIATE,63,relu,16,0.1407325348177933,0.0006676914378015,56,0.1366453487397648,0.0584554911410022
5,INTERMEDIATE,64,relu,16,0.1407325348177933,0.0006676914378015,56,0.2002982097541595,0.1753871182445436
5,INTERMEDIATE,65,relu,16,0.1407325348177933,0.0006676914378015,56,0.1553430631188903,0.0981784406769158
5,INTERMEDIATE,66,relu,16,0.1407325348177933,0.0006676914378015,56,0.1589451427940597,0.083737754299633
5,INTERMEDIATE,67,relu,16,0.1407325348177933,0.0006676914378015,56,0.1395088763362387,0.0967761233332566
5,INTERMEDIATE,68,relu,16,0.1407325348177933,0.0006676914378015,56,0.1464028613863331,0.0783277883576689
5,INTERMEDIATE,69,relu,16,0.1407325348177933,0.0006676914378015,56,0.1354077907631219,0.0706646769482895
5,INTERMEDIATE,70,relu,16,0.1407325348177933,0.0006676914378015,56,0.1744427564269976,0.0709057672928018
5,INTERMEDIATE,71,relu,16,0.1407325348177933,0.0006676914378015,56,0.2830517810042493,0.0837514019121393
5,INTERMEDIATE,72,relu,16,0.1407325348177933,0.0006676914378015,56,0.128076253390712,0.0847844432077922
5,INTERMEDIATE,73,relu,16,0.1407325348177933,0.0006676914378015,56,0.1955926168267047,0.0646390662547258
5,INTERMEDIATE,74,relu,16,0.1407325348177933,0.0006676914378015,56,0.1614267899109641,0.1546307641554359
5,INTERMEDIATE,75,relu,16,0.1407325348177933,0.0006676914378015,56,0.1334022653811588,0.1010371368884304
5,INTERMEDIATE,76,relu,16,0.1407325348177933,0.0006676914378015,56,0.1314252751691993,0.0619203075033578
5,INTERMEDIATE,77,relu,16,0.1407325348177933,0.0006676914378015,56,0.1280419475160448,0.0582513590889442
5,INTERMEDIATE,78,relu,16,0.1407325348177933,0.0006676914378015,56,0.1470265074224188,0.0487487404934205
5,INTERMEDIATE,79,relu,16,0.1407325348177933,0.0006676914378015,56,0.1399320570436851,0.0638274865427606
5,INTERMEDIATE,80,relu,16,0.1407325348177933,0.0006676914378015,56,0.114102596777673,0.0437392053312196
5,INTERMEDIATE,81,relu,16,0.1407325348177933,0.0006676914378015,56,0.1216299525879482,0.0405718346060265
5,INTERMEDIATE,82,relu,16,0.1407325348177933,0.0006676914378015,56,0.1332417942779479,0.0294024764619807
5,INTERMEDIATE,83,relu,16,0.1407325348177933,0.0006676914378015,56,0.1347479268890044,0.0342421647801529
5,INTERMEDIATE,84,relu,16,0.1407325348177933,0.0006676914378015,56,0.1610596441641086,0.0613767287203823
5,INTERMEDIATE,85,relu,16,0.1407325348177933,0.0006676914378015,56,0.1281401331468326,0.0453540137415625
5,INTERMEDIATE,86,relu,16,0.1407325348177933,0.0006676914378015,56,0.1175548725579751,0.0351810721672617
5,INTERMEDIATE,87,relu,16,0.1407325348177933,0.0006676914378015,56,0.1116292255003539,0.0272518632134758
5,INTERMEDIATE,88,relu,16,0.1407325348177933,0.0006676914378015,56,0.1683466450933071,0.0295059596670555
5,INTERMEDIATE,89,relu,16,0.1407325348177933,0.0006676914378015,56,0.1209584393924692,0.0374465749885047
5,INTERMEDIATE,90,relu,16,0.1407325348177933,0.0006676914378015,56,0.113124442958307,0.0305181250018735
5,INTERMEDIATE,91,relu,16,0.1407325348177933,0.0006676914378015,56,0.130144892676404,0.0203540023814392
5,INTERMEDIATE,92,relu,16,0.1407325348177933,0.0006676914378015,56,0.1481323190680818,0.026557047488484
5,INTERMEDIATE,93,relu,16,0.1407325348177933,0.0006676914378015,56,0.1502043418295215,0.024291709878009
5,INTERMEDIATE,94,relu,16,0.1407325348177933,0.0006676914378015,56,0.1196759740741094,0.0336051823909611
5,INTERMEDIATE,95,relu,16,0.1407325348177933,0.0006676914378015,56,0.1310724187670729,0.0321853932558794
5,INTERMEDIATE,96,relu,16,0.1407325348177933,0.0006676914378015,56,0.1299665499600672,0.0392787321711413
5,INTERMEDIATE,97,relu,16,0.1407325348177933,0.0006676914378015,56,0.1187578382456061,0.0201917265988828
5,INTERMEDIATE,98,relu,16,0.1407325348177933,0.0006676914378015,56,0.1493921919069934,0.0161149045841424
5,INTERMEDIATE,99,relu,16,0.1407325348177933,0.0006676914378015,56,0.1306476061460959,0.0145960900347599
5,INTERMEDIATE,100,relu,16,0.1407325348177933,0.0006676914378015,56,0.1485317337387752,0.0123267205490265
5,INTERMEDIATE,101,relu,16,0.1407325348177933,0.0006676914378015,56,0.1512807770202748,0.0120647775136289
5,INTERMEDIATE,102,relu,16,0.1407325348177933,0.0006676914378015,56,0.1738776357038083,0.1265319998431404
5,INTERMEDIATE,103,relu,16,0.1407325348177933,0.0006676914378015,56,0.1088037582727648,0.0542063227312834
5,INTERMEDIATE,104,relu,16,0.1407325348177933,0.0006676914378015,56,0.1337568980951157,0.0381485143102228
5,INTERMEDIATE,105,relu,16,0.1407325348177933,0.0006676914378015,56,0.1317519919794882,0.0226450664556102
5,INTERMEDIATE,106,relu,16,0.1407325348177933,0.0006676914378015,56,0.1270196774208537,0.0196298473228249
5,INTERMEDIATE,107,relu,16,0.1407325348177933,0.0006676914378015,56,0.1438554759270784,0.0188699945701281
5,INTERMEDIATE,108,relu,16,0.1407325348177933,0.0006676914378015,56,0.1262455906327842,0.0187122543136888
5,INTERMEDIATE,109,relu,16,0.1407325348177933,0.0006676914378015,56,0.1145168037816425,0.0251031697973505
5,INTERMEDIATE,110,relu,16,0.1407325348177933,0.0006676914378015,56,0.1163343203828312,0.0209865971183818
5,INTERMEDIATE,111,relu,16,0.1407325348177933,0.0006676914378015,56,0.1142639119352679,0.0121172250943839
5,INTERMEDIATE,112,relu,16,0.1407325348177933,0.0006676914378015,56,0.1287039981543785,0.0097786597261914
5,INTERMEDIATE,113,relu,16,0.1407325348177933,0.0006676914378015,56,0.1302722783705287,0.0051797540157021
5,INTERMEDIATE,114,relu,16,0.1407325348177933,0.0006676914378015,56,0.1327170858171373,0.0048664256611107
5,INTERMEDIATE,115,relu,16,0.1407325348177933,0.0006676914378015,56,0.1519328495540809,0.0061701654167897
5,INTERMEDIATE,116,relu,16,0.1407325348177933,0.0006676914378015,56,0.1547349837463826,0.0169040572352654
5,INTERMEDIATE,117,relu,16,0.1407325348177933,0.0006676914378015,56,0.1146168719161523,0.0475505283980448
5,INTERMEDIATE,118,relu,16,0.1407325348177933,0.0006676914378015,56,0.1423317209353227,0.0456563866309021
5,INTERMEDIATE,119,relu,16,0.1407325348177933,0.0006676914378015,56,0.0989109590101601,0.0389793473479113
5,INTERMEDIATE,120,relu,16,0.1407325348177933,0.0006676914378015,56,0.1106504741978047,0.0129665069064315
5,INTERMEDIATE,121,relu,16,0.1407325348177933,0.0006676914378015,56,0.1007260953497834,0.0082725160139006
5,INTERMEDIATE,122,relu,16,0.1407325348177933,0.0006676914378015,56,0.1062436912332309,0.0060327476760757
5,INTERMEDIATE,123,relu,16,0.1407325348177933,0.0006676914378015,56,0.109574352613247,0.0044490637101486
5,INTERMEDIATE,124,relu,16,0.1407325348177933,0.0006676914378015,56,0.1102805965893799,0.0046592745244579
5,INTERMEDIATE,125,relu,16,0.1407325348177933,0.0006676914378015,56,0.1123823113803376,0.0026068851345517
5,INTERMEDIATE,126,relu,16,0.1407325348177933,0.0006676914378015,56,0.1579104009586267,0.0057211467088945
5,INTERMEDIATE,127,relu,16,0.1407325348177933,0.0006676914378015,56,0.1746878209227494,0.0125981755820562
5,INTERMEDIATE,128,relu,16,0.1407325348177933,0.0006676914378015,56,0.168683422818814,0.0927557220292115
5,INTERMEDIATE,129,relu,16,0.1407325348177933,0.0006676914378015,56,0.1441674223325851,0.0333140060489021
5,INTERMEDIATE,130,relu,16,0.1407325348177933,0.0006676914378015,56,0.122426979933729,0.0548319500712189
5,INTERMEDIATE,131,relu,16,0.1407325348177933,0.0006676914378015,56,0.1113888960879682,0.0386724222254189
5,INTERMEDIATE,132,relu,16,0.1407325348177933,0.0006676914378015,56,0.0884060594927599,0.0263752720640673
5,INTERMEDIATE,133,relu,16,0.1407325348177933,0.0006676914378015,56,0.0990391367643208,0.0163848400478866
5,INTERMEDIATE,134,relu,16,0.1407325348177933,0.0006676914378015,56,0.1040133738112295,0.0125991517721379
5,INTERMEDIATE,135,relu,16,0.1407325348177933,0.0006676914378015,56,0.1010842624407193,0.0124671240559963
5,INTERMEDIATE,136,relu,16,0.1407325348177933,0.0006676914378015,56,0.1159229122220095,0.0099352873729025
5,INTERMEDIATE,137,relu,16,0.1407325348177933,0.0006676914378015,56,0.1139826836467652,0.0081030430498944
5,INTERMEDIATE,138,relu,16,0.1407325348177933,0.0006676914378015,56,0.1159654873204644,0.0100405450309748
5,INTERMEDIATE,139,relu,16,0.1407325348177933,0.0006676914378015,56,0.1101298113971119,0.0435566919377716
5,INTERMEDIATE,140,relu,16,0.1407325348177933,0.0006676914378015,56,0.1410480989505275,0.0632299483823086
5,INTERMEDIATE,141,relu,16,0.1407325348177933,0.0006676914378015,56,0.1069886835700855,0.0267784392664548
5,INTERMEDIATE,142,relu,16,0.1407325348177933,0.0006676914378015,56,0.1104678499985134,0.0142779578303883
5,INTERMEDIATE,143,relu,16,0.1407325348177933,0.0006676914378015,56,0.1143600406748435,0.0094286284251727
5,INTERMEDIATE,144,relu,16,0.1407325348177933,0.0006676914378015,56,0.1192004842681543,0.0147987693203897
5,INTERMEDIATE,145,relu,16,0.1407325348177933,0.0006676914378015,56,0.1174632731999736,0.0070110385763936
5,INTERMEDIATE,146,relu,16,0.1407325348177933,0.0006676914378015,56,0.1127383488346822,0.0054491067825393
5,INTERMEDIATE,147,relu,16,0.1407325348177933,0.0006676914378015,56,0.1184469222416072,0.0037111542579724
5,INTERMEDIATE,148,relu,16,0.1407325348177933,0.0006676914378015,56,0.1211272244123037,0.003044195521184
5,INTERMEDIATE,149,relu,16,0.1407325348177933,0.0006676914378015,56,0.1330365202520624,0.0022307984788795
5,COMPLETED,149,relu,16,0.1407325348177933,0.0006676914378015,56,0.0884060594927599,0.0263752720640673
6,INTERMEDIATE,0,relu,64,0.3504033352214961,0.0003825521459205,61,1.5744993469931865,1.593439840688938
6,INTERMEDIATE,1,relu,64,0.3504033352214961,0.0003825521459205,61,1.4054151339964434,1.5161959049178333
6,INTERMEDIATE,2,relu,64,0.3504033352214961,0.0003825521459205,61,1.156131766059182,1.289119656493024
6,INTERMEDIATE,3,relu,64,0.3504033352214961,0.0003825521459205,61,1.074708174575459,1.1348938374984554
6,INTERMEDIATE,4,relu,64,0.3504033352214961,0.0003825521459205,61,1.0531803965568542,1.0667259736758907
6,INTERMEDIATE,5,relu,64,0.3504033352214961,0.0003825521459205,61,0.9510613734071904,1.0220313435647546
6,INTERMEDIATE,6,relu,64,0.3504033352214961,0.0003825521459205,61,0.9175676703453064,0.9511935521916646
6,INTERMEDIATE,7,relu,64,0.3504033352214961,0.0003825521459205,61,0.8374947526238181,0.8889770769491429
6,INTERMEDIATE,8,relu,64,0.3504033352214961,0.0003825521459205,61,0.79205383495851,0.8454837769996829
6,INTERMEDIATE,9,relu,64,0.3504033352214961,0.0003825521459205,61,0.688053076917475,0.7773493150385414
6,INTERMEDIATE,10,relu,64,0.3504033352214961,0.0003825521459205,61,0.6599896523085508,0.7328783230083745
6,INTERMEDIATE,11,relu,64,0.3504033352214961,0.0003825521459205,61,0.5993746979670092,0.7263431214704746
6,INTERMEDIATE,12,relu,64,0.3504033352214961,0.0003825521459205,61,0.5712009505792097,0.6561946759863597
6,INTERMEDIATE,13,relu,64,0.3504033352214961,0.0003825521459205,61,0.5288643877614628,0.6280229193408314
6,INTERMEDIATE,14,relu,64,0.3504033352214961,0.0003825521459205,61,0.678669197992845,0.8645479693645384
6,INTERMEDIATE,15,relu,64,0.3504033352214961,0.0003825521459205,61,0.6159089668230577,0.6593849411824855
6,INTERMEDIATE,16,relu,64,0.3504033352214961,0.0003825521459205,61,0.5326993709260767,0.6017315976503419
6,INTERMEDIATE,17,relu,64,0.3504033352214961,0.0003825521459205,61,0.5580874410542574,0.5927227684637395
6,INTERMEDIATE,18,relu,64,0.3504033352214961,0.0003825521459205,61,0.5453361435370012,0.5671788541282096
6,INTERMEDIATE,19,relu,64,0.3504033352214961,0.0003825521459205,61,0.5115645717490803,0.5511064209589144
6,INTERMEDIATE,20,relu,64,0.3504033352214961,0.0003825521459205,61,0.4963906055146997,0.5805600990609425
6,INTERMEDIATE,21,relu,64,0.3504033352214961,0.0003825521459205,61,0.4791035462509502,0.5738856051026321
6,INTERMEDIATE,22,relu,64,0.3504033352214961,0.0003825521459205,61,0.4861493029377677,0.55963218866325
6,INTERMEDIATE,23,relu,64,0.3504033352214961,0.0003825521459205,61,0.4417288438840346,0.5407834292911902
6,INTERMEDIATE,24,relu,64,0.3504033352214961,0.0003825521459205,61,0.4191867113113403,0.5210818364852812
6,INTERMEDIATE,25,relu,64,0.3504033352214961,0.0003825521459205,61,0.3990955000573938,0.4999010991759416
6,INTERMEDIATE,26,relu,64,0.3504033352214961,0.0003825521459205,61,0.4026773897084323,0.4970843406712136
6,INTERMEDIATE,27,relu,64,0.3504033352214961,0.0003825521459205,61,0.3816813095049424,0.4825803928258942
6,INTERMEDIATE,28,relu,64,0.3504033352214961,0.0003825521459205,61,0.3743684833700006,0.4957734797059036
6,INTERMEDIATE,29,relu,64,0.3504033352214961,0.0003825521459205,61,0.3808904615315524,0.4611592452700545
6,INTERMEDIATE,30,relu,64,0.3504033352214961,0.0003825521459205,61,0.3475545102899725,0.4591770455604646
6,INTERMEDIATE,31,relu,64,0.3504033352214961,0.0003825521459205,61,0.3583367168903351,0.4482014593554706
6,INTERMEDIATE,32,relu,64,0.3504033352214961,0.0003825521459205,61,0.3635272898457267,0.4484242884124197
6,INTERMEDIATE,33,relu,64,0.3504033352214961,0.0003825521459205,61,0.4720096561041745,0.5437910193350257
6,INTERMEDIATE,34,relu,64,0.3504033352214961,0.0003825521459205,61,0.4403454336253079,0.5469461439586267
6,INTERMEDIATE,35,relu,64,0.3504033352214961,0.0003825521459205,61,0.4520690414038571,0.5009817909903642
6,INTERMEDIATE,36,relu,64,0.3504033352214961,0.0003825521459205,61,0.5595356063409285,0.6708267948976377
6,INTERMEDIATE,37,relu,64,0.3504033352214961,0.0003825521459205,61,0.5447460169141943,0.6023683758770547
6,INTERMEDIATE,38,relu,64,0.3504033352214961,0.0003825521459205,61,0.48083050142635,0.555660828584578
6,INTERMEDIATE,39,relu,64,0.3504033352214961,0.0003825521459205,61,0.4892898608337749,0.5614126986119805
6,INTERMEDIATE,40,relu,64,0.3504033352214961,0.0003825521459205,61,0.4843825210224498,0.5580205066901881
6,INTERMEDIATE,41,relu,64,0.3504033352214961,0.0003825521459205,61,0.4512851468541405,0.5305458249115362
6,INTERMEDIATE,42,relu,64,0.3504033352214961,0.0003825521459205,61,0.4546857367862355,0.5305724936287578
6,INTERMEDIATE,43,relu,64,0.3504033352214961,0.0003825521459205,61,0.4436945617198944,0.5131804710481225
6,INTERMEDIATE,44,relu,64,0.3504033352214961,0.0003825521459205,61,0.4474250349131497,0.510003140786799
6,INTERMEDIATE,45,relu,64,0.3504033352214961,0.0003825521459205,61,0.4398540448058735,0.509870749421236
6,INTERMEDIATE,46,relu,64,0.3504033352214961,0.0003825521459205,61,0.4556131823496385,0.5005738698854679
6,INTERMEDIATE,47,relu,64,0.3504033352214961,0.0003825521459205,61,0.4191166677258231,0.5111891561891975
6,INTERMEDIATE,48,relu,64,0.3504033352214961,0.0003825521459205,61,0.4415577961639924,0.4911768189290674
6,INTERMEDIATE,49,relu,64,0.3504033352214961,0.0003825521459205,61,0.4467584680427204,0.4860983570901359
6,INTERMEDIATE,50,relu,64,0.3504033352214961,0.0003825521459205,61,0.415765798904679,0.4848292768001556
6,INTERMEDIATE,51,relu,64,0.3504033352214961,0.0003825521459205,61,0.441443684426221,0.465330653074311
6,INTERMEDIATE,52,relu,64,0.3504033352214961,0.0003825521459205,61,0.4458308490839871,0.4735020562642958
6,INTERMEDIATE,53,relu,64,0.3504033352214961,0.0003825521459205,61,0.4232251969250766,0.463044260333224
6,INTERMEDIATE,54,relu,64,0.3504033352214961,0.0003825521459205,61,0.4142888770862059,0.4523869356731089
6,INTERMEDIATE,55,relu,64,0.3504033352214961,0.0003825521459205,61,0.424831051718105,0.4640759106089429
6,INTERMEDIATE,56,relu,64,0.3504033352214961,0.0003825521459205,61,0.5028387010097504,0.4729872862013375
6,INTERMEDIATE,57,relu,64,0.3504033352214961,0.0003825521459205,61,0.5130662511695515,0.5405183906962232
6,INTERMEDIATE,58,relu,64,0.3504033352214961,0.0003825521459205,61,0.4189217077060179,0.5014527672674598
6,INTERMEDIATE,59,relu,64,0.3504033352214961,0.0003825521459205,61,0.5620717839761213,0.5832775976599717
6,INTERMEDIATE,60,relu,64,0.3504033352214961,0.0003825521459205,61,0.4513564922592856,0.5470339844866496
6,INTERMEDIATE,61,relu,64,0.3504033352214961,0.0003825521459205,61,0.4826783348213542,0.6154675360133008
6,INTERMEDIATE,62,relu,64,0.3504033352214961,0.0003825521459205,61,0.4351693960753354,0.5217446793870228
6,INTERMEDIATE,63,relu,64,0.3504033352214961,0.0003825521459205,61,0.4389610588550567,0.4892538509717801
6,INTERMEDIATE,64,relu,64,0.3504033352214961,0.0003825521459205,61,0.4297048259865154,0.4953446235598587
6,INTERMEDIATE,65,relu,64,0.3504033352214961,0.0003825521459205,61,0.4306152977726676,0.4531072349083133
6,INTERMEDIATE,66,relu,64,0.3504033352214961,0.0003825521459205,61,0.433262900872664,0.5346261800789252
6,INTERMEDIATE,67,relu,64,0.3504033352214961,0.0003825521459205,61,0.41824394735423,0.491635353100009
6,INTERMEDIATE,68,relu,64,0.3504033352214961,0.0003825521459205,61,0.4016563404690135,0.4693756743175227
6,INTERMEDIATE,69,relu,64,0.3504033352214961,0.0003825521459205,61,0.4104793613607233,0.4684562595879159
6,INTERMEDIATE,70,relu,64,0.3504033352214961,0.0003825521459205,61,0.4124577776952223,0.4668811581483701
6,COMPLETED,70,relu,64,0.3504033352214961,0.0003825521459205,61,0.3475545102899725,0.4591770455604646
7,INTERMEDIATE,0,elu,16,0.3260911558159249,0.000152188691333,53,1.4153597761945027,1.5409508347511292
7,INTERMEDIATE,1,elu,16,0.3260911558159249,0.000152188691333,53,1.0804904277731733,1.2143318447065945
7,INTERMEDIATE,2,elu,16,0.3260911558159249,0.000152188691333,53,0.9765706542061596,1.0290509226881428
7,INTERMEDIATE,3,elu,16,0.3260911558159249,0.000152188691333,53,0.9251388471301007,0.9624152194570612
7,INTERMEDIATE,4,elu,16,0.3260911558159249,0.000152188691333,53,0.8615117291124855,0.9126138657699396
7,INTERMEDIATE,5,elu,16,0.3260911558159249,0.000152188691333,53,0.8038495481014252,0.8583414116759359
7,INTERMEDIATE,6,elu,16,0.3260911558159249,0.000152188691333,53,0.8318634200386885,0.7925322009825412
7,INTERMEDIATE,7,elu,16,0.3260911558159249,0.000152188691333,53,0.703369288909726,0.7345916095339222
7,INTERMEDIATE,8,elu,16,0.3260911558159249,0.000152188691333,53,0.6609899801451985,0.6835995373534568
7,INTERMEDIATE,9,elu,16,0.3260911558159249,0.000152188691333,53,0.6163162450964857,0.6452377389794515
7,INTERMEDIATE,10,elu,16,0.3260911558159249,0.000152188691333,53,0.5808944883869915,0.6255081038416168
7,INTERMEDIATE,11,elu,16,0.3260911558159249,0.000152188691333,53,0.5756502115144962,0.6120993604446635
7,INTERMEDIATE,12,elu,16,0.3260911558159249,0.000152188691333,53,0.5765857551156021,0.5770878258310719
7,INTERMEDIATE,13,elu,16,0.3260911558159249,0.000152188691333,53,0.5469774920039061,0.5691507397978394
7,INTERMEDIATE,14,elu,16,0.3260911558159249,0.000152188691333,53,0.5465493914557666,0.5484422493128129
7,INTERMEDIATE,15,elu,16,0.3260911558159249,0.000152188691333,53,0.5155147383125817,0.5243890957883847
7,INTERMEDIATE,16,elu,16,0.3260911558159249,0.000152188691333,53,0.602297306060791,0.5067457748967924
7,INTERMEDIATE,17,elu,16,0.3260911558159249,0.000152188691333,53,0.5672073560517009,0.6622808028334453
7,INTERMEDIATE,18,elu,16,0.3260911558159249,0.000152188691333,53,0.5229798337308372,0.570930930107464
7,INTERMEDIATE,19,elu,16,0.3260911558159249,0.000152188691333,53,0.5082305182770985,0.5297949401500784
7,INTERMEDIATE,20,elu,16,0.3260911558159249,0.000152188691333,53,0.4949066537182505,0.522007683912913
7,INTERMEDIATE,21,elu,16,0.3260911558159249,0.000152188691333,53,0.4906561632708805,0.4981396741889141
7,INTERMEDIATE,22,elu,16,0.3260911558159249,0.000152188691333,53,0.4980540206519568,0.492077286320704
7,INTERMEDIATE,23,elu,16,0.3260911558159249,0.000152188691333,53,0.4787785694366548,0.4704926609073156
7,INTERMEDIATE,24,elu,16,0.3260911558159249,0.000152188691333,53,0.4805618655390856,0.4569965009520083
7,INTERMEDIATE,25,elu,16,0.3260911558159249,0.000152188691333,53,0.4531915002479786,0.4575165574105433
7,INTERMEDIATE,26,elu,16,0.3260911558159249,0.000152188691333,53,0.4528453119280862,0.449565309525272
7,INTERMEDIATE,27,elu,16,0.3260911558159249,0.000152188691333,53,0.4392244405135875,0.4392694944032916
7,INTERMEDIATE,28,elu,16,0.3260911558159249,0.000152188691333,53,0.4780984044801898,0.4292553908387084
7,INTERMEDIATE,29,elu,16,0.3260911558159249,0.000152188691333,53,0.4420252376940192,0.421896122350001
7,INTERMEDIATE,30,elu,16,0.3260911558159249,0.000152188691333,53,0.4241012712804282,0.4116262726393747
7,INTERMEDIATE,31,elu,16,0.3260911558159249,0.000152188691333,53,0.3915677223263717,0.4349199458496806
7,INTERMEDIATE,32,elu,16,0.3260911558159249,0.000152188691333,53,0.3804115805684066,0.388360356659065
7,INTERMEDIATE,33,elu,16,0.3260911558159249,0.000152188691333,53,0.5346655338639166,0.3826530605646563
7,INTERMEDIATE,34,elu,16,0.3260911558159249,0.000152188691333,53,0.4309355749226198,0.4351821816813798
7,INTERMEDIATE,35,elu,16,0.3260911558159249,0.000152188691333,53,0.4543918137688462,0.400228745913432
7,INTERMEDIATE,36,elu,16,0.3260911558159249,0.000152188691333,53,0.4256106286150653,0.3749665413281799
7,INTERMEDIATE,37,elu,16,0.3260911558159249,0.000152188691333,53,0.37243679147668,0.3663545899829011
7,INTERMEDIATE,38,elu,16,0.3260911558159249,0.000152188691333,53,0.3768399188794741,0.3961603525152177
7,INTERMEDIATE,39,elu,16,0.3260911558159249,0.000152188691333,53,0.5709580361116223,0.4393302118520678
7,INTERMEDIATE,40,elu,16,0.3260911558159249,0.000152188691333,53,0.3877749768335645,0.4491967955305253
7,INTERMEDIATE,41,elu,16,0.3260911558159249,0.000152188691333,53,0.3411881187703551,0.3639607499870989
7,INTERMEDIATE,42,elu,16,0.3260911558159249,0.000152188691333,53,0.3411676367608512,0.3490776090342321
7,INTERMEDIATE,43,elu,16,0.3260911558159249,0.000152188691333,53,0.3169989273315522,0.3461436495000933
7,INTERMEDIATE,44,elu,16,0.3260911558159249,0.000152188691333,53,0.2993977833084943,0.3398049867907424
7,INTERMEDIATE,45,elu,16,0.3260911558159249,0.000152188691333,53,0.3814864691074301,0.3408622569232075
7,INTERMEDIATE,46,elu,16,0.3260911558159249,0.000152188691333,53,0.347693009165729,0.3558532718890979
7,INTERMEDIATE,47,elu,16,0.3260911558159249,0.000152188691333,53,0.3339369738610779,0.3368470505523829
7,INTERMEDIATE,48,elu,16,0.3260911558159249,0.000152188691333,53,0.3158929395239527,0.3199025285372763
7,INTERMEDIATE,49,elu,16,0.3260911558159249,0.000152188691333,53,0.3282934314594036,0.3325604991412457
7,INTERMEDIATE,50,elu,16,0.3260911558159249,0.000152188691333,53,0.3091367519483333,0.3106385863581557
7,INTERMEDIATE,51,elu,16,0.3260911558159249,0.000152188691333,53,0.3590253226277304,0.3148354865656591
7,INTERMEDIATE,52,elu,16,0.3260911558159249,0.000152188691333,53,0.312439686823182,0.3228388212529229
7,INTERMEDIATE,53,elu,16,0.3260911558159249,0.000152188691333,53,0.3159987390404794,0.3079101578734907
7,INTERMEDIATE,54,elu,16,0.3260911558159249,0.000152188691333,53,0.2974081275666632,0.3109730284339116
7,INTERMEDIATE,55,elu,16,0.3260911558159249,0.000152188691333,53,0.3092320505075338,0.3053050857543209
7,INTERMEDIATE,56,elu,16,0.3260911558159249,0.000152188691333,53,0.3043607946757863,0.3044650050822967
7,INTERMEDIATE,57,elu,16,0.3260911558159249,0.000152188691333,53,0.4347431000049521,0.2993811427581089
7,INTERMEDIATE,58,elu,16,0.3260911558159249,0.000152188691333,53,0.3098670747585413,0.341014811815119
7,INTERMEDIATE,59,elu,16,0.3260911558159249,0.000152188691333,53,0.3370511206548388,0.2938664570036862
7,INTERMEDIATE,60,elu,16,0.3260911558159249,0.000152188691333,53,0.3795252742200363,0.3026533655270382
7,INTERMEDIATE,61,elu,16,0.3260911558159249,0.000152188691333,53,0.3079640531867015,0.3137343093798852
7,INTERMEDIATE,62,elu,16,0.3260911558159249,0.000152188691333,53,0.3194767941788929,0.2908526554841686
7,INTERMEDIATE,63,elu,16,0.3260911558159249,0.000152188691333,53,0.3215672013963141,0.2938235515475641
7,INTERMEDIATE,64,elu,16,0.3260911558159249,0.000152188691333,53,0.3123162498743069,0.288845007940207
7,INTERMEDIATE,65,elu,16,0.3260911558159249,0.000152188691333,53,0.3122734992605884,0.281724471449392
7,INTERMEDIATE,66,elu,16,0.3260911558159249,0.000152188691333,53,0.2826456502079963,0.2823431864840748
7,INTERMEDIATE,67,elu,16,0.3260911558159249,0.000152188691333,53,0.2933199467455468,0.2799958490571122
7,INTERMEDIATE,68,elu,16,0.3260911558159249,0.000152188691333,53,0.3017355653843501,0.2739635025622484
7,INTERMEDIATE,69,elu,16,0.3260911558159249,0.000152188691333,53,0.28137571219264,0.2675517277079232
7,INTERMEDIATE,70,elu,16,0.3260911558159249,0.000152188691333,53,0.2805220765493265,0.2633318012971201
7,INTERMEDIATE,71,elu,16,0.3260911558159249,0.000152188691333,53,0.3214005497170658,0.3191440433355761
7,INTERMEDIATE,72,elu,16,0.3260911558159249,0.000152188691333,53,0.3017433188946509,0.2577462448612039
7,INTERMEDIATE,73,elu,16,0.3260911558159249,0.000152188691333,53,0.2669093627936956,0.2557767373452216
7,INTERMEDIATE,74,elu,16,0.3260911558159249,0.000152188691333,53,0.2862011836614551,0.2595495051117958
7,INTERMEDIATE,75,elu,16,0.3260911558159249,0.000152188691333,53,0.2911059015952959,0.2702944090612876
7,INTERMEDIATE,76,elu,16,0.3260911558159249,0.000152188691333,53,0.2834764474139707,0.2415332050051218
7,INTERMEDIATE,77,elu,16,0.3260911558159249,0.000152188691333,53,0.2924552685240419,0.2487263757574521
7,INTERMEDIATE,78,elu,16,0.3260911558159249,0.000152188691333,53,0.2828098166643119,0.2614238602971589
7,INTERMEDIATE,79,elu,16,0.3260911558159249,0.000152188691333,53,0.2738912304545321,0.2382836526282775
7,INTERMEDIATE,80,elu,16,0.3260911558159249,0.000152188691333,53,0.2860737609699731,0.2490665342451797
7,INTERMEDIATE,81,elu,16,0.3260911558159249,0.000152188691333,53,0.2880885758232779,0.2435488398244351
7,INTERMEDIATE,82,elu,16,0.3260911558159249,0.000152188691333,53,0.2686548656897574,0.2410258988815325
7,INTERMEDIATE,83,elu,16,0.3260911558159249,0.000152188691333,53,0.2830003141084822,0.2695211829318676
7,INTERMEDIATE,84,elu,16,0.3260911558159249,0.000152188691333,53,0.2684445519727177,0.2378801008295497
7,INTERMEDIATE,85,elu,16,0.3260911558159249,0.000152188691333,53,0.2785001512526012,0.2302957619367926
7,INTERMEDIATE,86,elu,16,0.3260911558159249,0.000152188691333,53,0.2664561128107512,0.2451825058777575
7,INTERMEDIATE,87,elu,16,0.3260911558159249,0.000152188691333,53,0.2876887243331932,0.2477367023856919
7,INTERMEDIATE,88,elu,16,0.3260911558159249,0.000152188691333,53,0.2866920305007114,0.227590094021533
7,INTERMEDIATE,89,elu,16,0.3260911558159249,0.000152188691333,53,0.2576629713904567,0.2273902781307697
7,INTERMEDIATE,90,elu,16,0.3260911558159249,0.000152188691333,53,0.2920178027778137,0.2299541442850489
7,INTERMEDIATE,91,elu,16,0.3260911558159249,0.000152188691333,53,0.2717434390925052,0.2080520948993019
7,INTERMEDIATE,92,elu,16,0.3260911558159249,0.000152188691333,53,0.2765827617358143,0.220942706030644
7,INTERMEDIATE,93,elu,16,0.3260911558159249,0.000152188691333,53,0.3083688380060399,0.2053669746160323
7,INTERMEDIATE,94,elu,16,0.3260911558159249,0.000152188691333,53,0.2521735307101796,0.203740777068392
7,INTERMEDIATE,95,elu,16,0.3260911558159249,0.000152188691333,53,0.2760320528887394,0.2015360249436379
7,INTERMEDIATE,96,elu,16,0.3260911558159249,0.000152188691333,53,0.2857102886887221,0.2012776776481374
7,INTERMEDIATE,97,elu,16,0.3260911558159249,0.000152188691333,53,0.2616853320107954,0.2248344027586741
7,INTERMEDIATE,98,elu,16,0.3260911558159249,0.000152188691333,53,0.2309279353698579,0.2111185707128894
7,INTERMEDIATE,99,elu,16,0.3260911558159249,0.000152188691333,53,0.2573927208872103,0.1982114606502431
7,INTERMEDIATE,100,elu,16,0.3260911558159249,0.000152188691333,53,0.2749930171227855,0.2121001829186247
7,INTERMEDIATE,101,elu,16,0.3260911558159249,0.000152188691333,53,0.2943823416603774,0.2147238939816569
7,INTERMEDIATE,102,elu,16,0.3260911558159249,0.000152188691333,53,0.2878992995020093,0.2159996218059534
7,INTERMEDIATE,103,elu,16,0.3260911558159249,0.000152188691333,53,0.2657732709606246,0.1916954684312697
7,INTERMEDIATE,104,elu,16,0.3260911558159249,0.000152188691333,53,0.2757902578337163,0.1867002198978522
7,INTERMEDIATE,105,elu,16,0.3260911558159249,0.000152188691333,53,0.3424728794432268,0.2075233200886919
7,INTERMEDIATE,106,elu,16,0.3260911558159249,0.000152188691333,53,0.2656169779507852,0.2383929695934057
7,INTERMEDIATE,107,elu,16,0.3260911558159249,0.000152188691333,53,0.2918443396324064,0.2103104781428421
7,INTERMEDIATE,108,elu,16,0.3260911558159249,0.000152188691333,53,0.2757738985393832,0.2055522102494666
7,INTERMEDIATE,109,elu,16,0.3260911558159249,0.000152188691333,53,0.2895186798783337,0.2042205350036606
7,INTERMEDIATE,110,elu,16,0.3260911558159249,0.000152188691333,53,0.268247754971792,0.1971127764770278
7,INTERMEDIATE,111,elu,16,0.3260911558159249,0.000152188691333,53,0.2786530129520631,0.1825328891016083
7,INTERMEDIATE,112,elu,16,0.3260911558159249,0.000152188691333,53,0.2704080440921754,0.1916934696693019
7,INTERMEDIATE,113,elu,16,0.3260911558159249,0.000152188691333,53,0.2942966570759692,0.2310523489593631
7,INTERMEDIATE,114,elu,16,0.3260911558159249,0.000152188691333,53,0.2616731207136337,0.2315370355974193
7,INTERMEDIATE,115,elu,16,0.3260911558159249,0.000152188691333,53,0.2520410879174383,0.2014980765841441
7,INTERMEDIATE,116,elu,16,0.3260911558159249,0.000152188691333,53,0.2535752404662894,0.1709615336271163
7,INTERMEDIATE,117,elu,16,0.3260911558159249,0.000152188691333,53,0.2605149013149302,0.2548637911907316
7,INTERMEDIATE,118,elu,16,0.3260911558159249,0.000152188691333,53,0.2484807025459481,0.1982160339614859
7,INTERMEDIATE,119,elu,16,0.3260911558159249,0.000152188691333,53,0.2609509302575777,0.1931347776043378
7,INTERMEDIATE,120,elu,16,0.3260911558159249,0.000152188691333,53,0.233439961720894,0.1833711079505766
7,INTERMEDIATE,121,elu,16,0.3260911558159249,0.000152188691333,53,0.2410654685482746,0.1786825134200446
7,INTERMEDIATE,122,elu,16,0.3260911558159249,0.000152188691333,53,0.2427170738214399,0.1723242843592608
7,INTERMEDIATE,123,elu,16,0.3260911558159249,0.000152188691333,53,0.3180833540220813,0.2399565076662434
7,INTERMEDIATE,124,elu,16,0.3260911558159249,0.000152188691333,53,0.2674627559395825,0.2352919451156516
7,INTERMEDIATE,125,elu,16,0.3260911558159249,0.000152188691333,53,0.268980305823611,0.2347556262012617
7,INTERMEDIATE,126,elu,16,0.3260911558159249,0.000152188691333,53,0.255164797735832,0.2074744113502495
7,INTERMEDIATE,127,elu,16,0.3260911558159249,0.000152188691333,53,0.2497322156389312,0.1911594878399261
7,INTERMEDIATE,128,elu,16,0.3260911558159249,0.000152188691333,53,0.235850630055477,0.1983999986040555
7,INTERMEDIATE,129,elu,16,0.3260911558159249,0.000152188691333,53,0.3191801437926365,0.2182969457331907
7,INTERMEDIATE,130,elu,16,0.3260911558159249,0.000152188691333,53,0.2552771721398685,0.2124319734557727
7,INTERMEDIATE,131,elu,16,0.3260911558159249,0.000152188691333,53,0.2391775603655998,0.1854452976531544
7,INTERMEDIATE,132,elu,16,0.3260911558159249,0.000152188691333,53,0.2434045532491149,0.1826421276919176
7,INTERMEDIATE,133,elu,16,0.3260911558159249,0.000152188691333,53,0.2278808064577056,0.1710552107427775
7,INTERMEDIATE,134,elu,16,0.3260911558159249,0.000152188691333,53,0.2238049716802268,0.1837319303763869
7,INTERMEDIATE,135,elu,16,0.3260911558159249,0.000152188691333,53,0.228793417648753,0.1542791745878388
7,INTERMEDIATE,136,elu,16,0.3260911558159249,0.000152188691333,53,0.2310390543737789,0.1507133557288735
7,INTERMEDIATE,137,elu,16,0.3260911558159249,0.000152188691333,53,0.2240426342752648,0.1474801116094085
7,INTERMEDIATE,138,elu,16,0.3260911558159249,0.000152188691333,53,0.2229032374509587,0.1508933848436967
7,INTERMEDIATE,139,elu,16,0.3260911558159249,0.000152188691333,53,0.2200568364705981,0.1501366603878085
7,INTERMEDIATE,140,elu,16,0.3260911558159249,0.000152188691333,53,0.2363609642290124,0.1449045145504728
7,INTERMEDIATE,141,elu,16,0.3260911558159249,0.000152188691333,53,0.2451894250811963,0.1796075043981366
7,INTERMEDIATE,142,elu,16,0.3260911558159249,0.000152188691333,53,0.2412627253272548,0.1643477585942795
7,INTERMEDIATE,143,elu,16,0.3260911558159249,0.000152188691333,53,0.2445734359278548,0.1531109716455785
7,INTERMEDIATE,144,elu,16,0.3260911558159249,0.000152188691333,53,0.2225443495937236,0.1572390570431763
7,INTERMEDIATE,145,elu,16,0.3260911558159249,0.000152188691333,53,0.2226012072003469,0.1505597979807651
7,INTERMEDIATE,146,elu,16,0.3260911558159249,0.000152188691333,53,0.3013593480672414,0.1508499712246343
7,INTERMEDIATE,147,elu,16,0.3260911558159249,0.000152188691333,53,0.2340961527533647,0.1969633453790052
7,INTERMEDIATE,148,elu,16,0.3260911558159249,0.000152188691333,53,0.2291141494699731,0.1541424151395022
7,INTERMEDIATE,149,elu,16,0.3260911558159249,0.000152188691333,53,0.2323290116789682,0.1504009761272665
7,COMPLETED,149,elu,16,0.3260911558159249,0.000152188691333,53,0.2200568364705981,0.1501366603878085
8,INTERMEDIATE,0,elu,16,0.0069113655980022,0.0003917177822952,63,0.9868225149992036,1.2714308562838
8,INTERMEDIATE,1,elu,16,0.0069113655980022,0.0003917177822952,63,0.8241069862028447,0.88421204097477
8,INTERMEDIATE,2,elu,16,0.0069113655980022,0.0003917177822952,63,0.7093237289568273,0.7411937678669706
8,INTERMEDIATE,3,elu,16,0.0069113655980022,0.0003917177822952,63,0.6174060044492163,0.609595447042842
8,INTERMEDIATE,4,elu,16,0.0069113655980022,0.0003917177822952,63,0.5565246997809992,0.5412880003820231
8,INTERMEDIATE,5,elu,16,0.0069113655980022,0.0003917177822952,63,0.4993223805979984,0.5063938110330959
8,INTERMEDIATE,6,elu,16,0.0069113655980022,0.0003917177822952,63,0.4394285751552116,0.4373561102483008
8,INTERMEDIATE,7,elu,16,0.0069113655980022,0.0003917177822952,63,0.4173299146861565,0.4301013168361451
8,INTERMEDIATE,8,elu,16,0.0069113655980022,0.0003917177822952,63,0.4425428595121314,0.4532426309622364
8,INTERMEDIATE,9,elu,16,0.0069113655980022,0.0003917177822952,63,0.4687475451245541,0.4418594559401642
8,INTERMEDIATE,10,elu,16,0.0069113655980022,0.0003917177822952,63,0.4307997059531328,0.4202333702993245
8,INTERMEDIATE,11,elu,16,0.0069113655980022,0.0003917177822952,63,0.3784900776496747,0.3945108035142407
8,INTERMEDIATE,12,elu,16,0.0069113655980022,0.0003917177822952,63,0.42464002130962,0.3986756256609051
8,INTERMEDIATE,13,elu,16,0.0069113655980022,0.0003917177822952,63,0.5343848461421524,0.3518422738085558
8,INTERMEDIATE,14,elu,16,0.0069113655980022,0.0003917177822952,63,0.3386617428282412,0.3463800636890494
8,INTERMEDIATE,15,elu,16,0.0069113655980022,0.0003917177822952,63,0.3267361190079189,0.3308434720254606
8,INTERMEDIATE,16,elu,16,0.0069113655980022,0.0003917177822952,63,0.3720030262157684,0.3204881719509024
8,INTERMEDIATE,17,elu,16,0.0069113655980022,0.0003917177822952,63,0.3211180225196408,0.3110782526387476
8,INTERMEDIATE,18,elu,16,0.0069113655980022,0.0003917177822952,63,0.3126702673914956,0.3100990907139616
8,INTERMEDIATE,19,elu,16,0.0069113655980022,0.0003917177822952,63,0.3379046126473241,0.2999184166805612
8,INTERMEDIATE,20,elu,16,0.0069113655980022,0.0003917177822952,63,0.3201323113426929,0.2976099316168714
8,INTERMEDIATE,21,elu,16,0.0069113655980022,0.0003917177822952,63,0.2920894423817716,0.2816839810276841
8,INTERMEDIATE,22,elu,16,0.0069113655980022,0.0003917177822952,63,0.3226749224633705,0.2796380894005666
8,INTERMEDIATE,23,elu,16,0.0069113655980022,0.0003917177822952,63,0.288735976488125,0.2727615479149936
8,INTERMEDIATE,24,elu,16,0.0069113655980022,0.0003917177822952,63,0.2721068008643825,0.2605395689836622
8,INTERMEDIATE,25,elu,16,0.0069113655980022,0.0003917177822952,63,0.277773920537495,0.2528256285176785
8,INTERMEDIATE,26,elu,16,0.0069113655980022,0.0003917177822952,63,0.2654281708343727,0.2399611181499045
8,INTERMEDIATE,27,elu,16,0.0069113655980022,0.0003917177822952,63,0.4126231216075944,0.2806150106092294
8,INTERMEDIATE,28,elu,16,0.0069113655980022,0.0003917177822952,63,0.4449962377548218,0.3888562466075391
8,INTERMEDIATE,29,elu,16,0.0069113655980022,0.0003917177822952,63,0.3431949684532677,0.3461347940251415
8,INTERMEDIATE,30,elu,16,0.0069113655980022,0.0003917177822952,63,0.3434717233588056,0.2839525313932954
8,INTERMEDIATE,31,elu,16,0.0069113655980022,0.0003917177822952,63,0.3081600238092062,0.2692492850998669
8,INTERMEDIATE,32,elu,16,0.0069113655980022,0.0003917177822952,63,0.2786318373571081,0.250695628332503
8,INTERMEDIATE,33,elu,16,0.0069113655980022,0.0003917177822952,63,0.2796016181932717,0.2476691994356152
8,INTERMEDIATE,34,elu,16,0.0069113655980022,0.0003917177822952,63,0.2563323915549895,0.2371024919765783
8,INTERMEDIATE,35,elu,16,0.0069113655980022,0.0003917177822952,63,0.2690111738516063,0.2352832526451459
8,INTERMEDIATE,36,elu,16,0.0069113655980022,0.0003917177822952,63,0.2814883501609651,0.2320254819214711
8,INTERMEDIATE,37,elu,16,0.0069113655980022,0.0003917177822952,63,0.26433178528053,0.2383941483718377
8,INTERMEDIATE,38,elu,16,0.0069113655980022,0.0003917177822952,63,0.3247983170355238,0.3262799827864877
8,INTERMEDIATE,39,elu,16,0.0069113655980022,0.0003917177822952,63,0.2957416263113661,0.2497709242420064
8,INTERMEDIATE,40,elu,16,0.0069113655980022,0.0003917177822952,63,0.2642705444155669,0.2354134221181825
8,INTERMEDIATE,41,elu,16,0.0069113655980022,0.0003917177822952,63,0.2350539081707233,0.2120408999883098
8,INTERMEDIATE,42,elu,16,0.0069113655980022,0.0003917177822952,63,0.2493255979767659,0.2197488023566059
8,INTERMEDIATE,43,elu,16,0.0069113655980022,0.0003917177822952,63,0.2409984881921512,0.2431347773030952
8,INTERMEDIATE,44,elu,16,0.0069113655980022,0.0003917177822952,63,0.2246993262684199,0.2298085416356722
8,INTERMEDIATE,45,elu,16,0.0069113655980022,0.0003917177822952,63,0.2321392501954262,0.1976251565839773
8,INTERMEDIATE,46,elu,16,0.0069113655980022,0.0003917177822952,63,0.2166834460435117,0.1856886047387012
8,INTERMEDIATE,47,elu,16,0.0069113655980022,0.0003917177822952,63,0.21279735522481,0.1777311103981862
8,INTERMEDIATE,48,elu,16,0.0069113655980022,0.0003917177822952,63,0.2251171835857193,0.1780450128444275
8,INTERMEDIATE,49,elu,16,0.0069113655980022,0.0003917177822952,63,0.2082173110144894,0.1750575174163613
8,INTERMEDIATE,50,elu,16,0.0069113655980022,0.0003917177822952,63,0.2268533570828234,0.1697618132342159
8,INTERMEDIATE,51,elu,16,0.0069113655980022,0.0003917177822952,63,0.1967902053601858,0.1628597562983172
8,INTERMEDIATE,52,elu,16,0.0069113655980022,0.0003917177822952,63,0.1953674459421053,0.160718828646673
8,INTERMEDIATE,53,elu,16,0.0069113655980022,0.0003917177822952,63,0.2041146526249443,0.1478374685781697
8,INTERMEDIATE,54,elu,16,0.0069113655980022,0.0003917177822952,63,0.2049092331492319,0.1498806209326434
8,INTERMEDIATE,55,elu,16,0.0069113655980022,0.0003917177822952,63,0.193233130681442,0.1373913153477105
8,INTERMEDIATE,56,elu,16,0.0069113655980022,0.0003917177822952,63,0.2007931066086379,0.1921552900788316
8,INTERMEDIATE,57,elu,16,0.0069113655980022,0.0003917177822952,63,0.1676376954447932,0.1670348280580875
8,INTERMEDIATE,58,elu,16,0.0069113655980022,0.0003917177822952,63,0.1722492641065179,0.1421381498767454
8,INTERMEDIATE,59,elu,16,0.0069113655980022,0.0003917177822952,63,0.1965431409047507,0.133418416670512
8,INTERMEDIATE,60,elu,16,0.0069113655980022,0.0003917177822952,63,0.1996321177518949,0.1199162574944856
8,INTERMEDIATE,61,elu,16,0.0069113655980022,0.0003917177822952,63,0.2007567503875712,0.1288524777427269
8,INTERMEDIATE,62,elu,16,0.0069113655980022,0.0003917177822952,63,0.2092253987836401,0.14284965482161
8,INTERMEDIATE,63,elu,16,0.0069113655980022,0.0003917177822952,63,0.1617055778141792,0.1053248848852322
8,INTERMEDIATE,64,elu,16,0.0069113655980022,0.0003917177822952,63,0.1567804477654579,0.1445912569646298
8,INTERMEDIATE,65,elu,16,0.0069113655980022,0.0003917177822952,63,0.1775760177931771,0.1045433990829796
8,INTERMEDIATE,66,elu,16,0.0069113655980022,0.0003917177822952,63,0.15861154513479,0.0868516320356938
8,INTERMEDIATE,67,elu,16,0.0069113655980022,0.0003917177822952,63,0.1879417639929892,0.0902923405871807
8,INTERMEDIATE,68,elu,16,0.0069113655980022,0.0003917177822952,63,0.1804104617728692,0.0991329519310966
8,INTERMEDIATE,69,elu,16,0.0069113655980022,0.0003917177822952,63,0.189881294409222,0.1052993438680897
8,INTERMEDIATE,70,elu,16,0.0069113655980022,0.0003917177822952,63,0.1372944771244031,0.080499705047933
8,INTERMEDIATE,71,elu,16,0.0069113655980022,0.0003917177822952,63,0.1713750635659912,0.0687819096593209
8,INTERMEDIATE,72,elu,16,0.0069113655980022,0.0003917177822952,63,0.1416327146381684,0.0784928156810318
8,INTERMEDIATE,73,elu,16,0.0069113655980022,0.0003917177822952,63,0.1526371928204487,0.1076102468363342
8,INTERMEDIATE,74,elu,16,0.0069113655980022,0.0003917177822952,63,0.1573171204569318,0.0974575857370287
8,INTERMEDIATE,75,elu,16,0.0069113655980022,0.0003917177822952,63,0.1263130913125124,0.0902315096550241
8,INTERMEDIATE,76,elu,16,0.0069113655980022,0.0003917177822952,63,0.154029307637091,0.0662779119081312
8,INTERMEDIATE,77,elu,16,0.0069113655980022,0.0003917177822952,63,0.140552092002841,0.0532280024727461
8,INTERMEDIATE,78,elu,16,0.0069113655980022,0.0003917177822952,63,0.129798238460974,0.0600944064467007
8,INTERMEDIATE,79,elu,16,0.0069113655980022,0.0003917177822952,63,0.1760367998376307,0.1211128255480291
8,INTERMEDIATE,80,elu,16,0.0069113655980022,0.0003917177822952,63,0.1452345891668257,0.0771422657647089
8,INTERMEDIATE,81,elu,16,0.0069113655980022,0.0003917177822952,63,0.1337338725513801,0.0690343845103878
8,INTERMEDIATE,82,elu,16,0.0069113655980022,0.0003917177822952,63,0.1326205472507309,0.0484057287556222
8,INTERMEDIATE,83,elu,16,0.0069113655980022,0.0003917177822952,63,0.1797026890875181,0.1224343702398286
8,INTERMEDIATE,84,elu,16,0.0069113655980022,0.0003917177822952,63,0.1429906577644188,0.1100322791119393
8,INTERMEDIATE,85,elu,16,0.0069113655980022,0.0003917177822952,63,0.1574714520730351,0.0797429616357498
8,INTERMEDIATE,86,elu,16,0.0069113655980022,0.0003917177822952,63,0.1402421575834656,0.0703055350617275
8,INTERMEDIATE,87,elu,16,0.0069113655980022,0.0003917177822952,63,0.1702732215181174,0.0662719720405423
8,INTERMEDIATE,88,elu,16,0.0069113655980022,0.0003917177822952,63,0.1386809449688327,0.0776501278620052
8,INTERMEDIATE,89,elu,16,0.0069113655980022,0.0003917177822952,63,0.124848754173599,0.0661261457436787
8,INTERMEDIATE,90,elu,16,0.0069113655980022,0.0003917177822952,63,0.1259738460364865,0.0523514423683216
8,INTERMEDIATE,91,elu,16,0.0069113655980022,0.0003917177822952,63,0.1194176065647497,0.0665201248290638
8,INTERMEDIATE,92,elu,16,0.0069113655980022,0.0003917177822952,63,0.1276143263917552,0.0484573905259934
8,INTERMEDIATE,93,elu,16,0.0069113655980022,0.0003917177822952,63,0.1461055427789688,0.0431575647161491
8,INTERMEDIATE,94,elu,16,0.0069113655980022,0.0003917177822952,63,0.1392010462288631,0.0492639828683164
8,INTERMEDIATE,95,elu,16,0.0069113655980022,0.0003917177822952,63,0.1153689008390689,0.0398089577922494
8,INTERMEDIATE,96,elu,16,0.0069113655980022,0.0003917177822952,63,0.1511193750562464,0.0469029647216235
8,INTERMEDIATE,97,elu,16,0.0069113655980022,0.0003917177822952,63,0.127885850390601,0.0394548732926781
8,INTERMEDIATE,98,elu,16,0.0069113655980022,0.0003917177822952,63,0.1291282481113562,0.0316316938971997
8,INTERMEDIATE,99,elu,16,0.0069113655980022,0.0003917177822952,63,0.1365788256885801,0.0301690429282363
8,INTERMEDIATE,100,elu,16,0.0069113655980022,0.0003917177822952,63,0.1224891095104195,0.0253394423676065
8,INTERMEDIATE,101,elu,16,0.0069113655980022,0.0003917177822952,63,0.1418696526301706,0.0567482751612709
8,INTERMEDIATE,102,elu,16,0.0069113655980022,0.0003917177822952,63,0.1334213647173672,0.0415042762775376
8,INTERMEDIATE,103,elu,16,0.0069113655980022,0.0003917177822952,63,0.1537128981293701,0.0695863342772088
8,INTERMEDIATE,104,elu,16,0.0069113655980022,0.0003917177822952,63,0.1929438680569391,0.1076604331337651
8,INTERMEDIATE,105,elu,16,0.0069113655980022,0.0003917177822952,63,0.1551587540406461,0.0885283290983442
8,INTERMEDIATE,106,elu,16,0.0069113655980022,0.0003917177822952,63,0.133344010864498,0.0619382668361297
8,INTERMEDIATE,107,elu,16,0.0069113655980022,0.0003917177822952,63,0.1228066245207517,0.0477566406142288
8,INTERMEDIATE,108,elu,16,0.0069113655980022,0.0003917177822952,63,0.1263957523013942,0.0432478941784435
8,INTERMEDIATE,109,elu,16,0.0069113655980022,0.0003917177822952,63,0.1175773092417796,0.0432543161707458
8,INTERMEDIATE,110,elu,16,0.0069113655980022,0.0003917177822952,63,0.1345537873893612,0.0272629164693946
8,INTERMEDIATE,111,elu,16,0.0069113655980022,0.0003917177822952,63,0.1236537557802299,0.0245119899092385
8,INTERMEDIATE,112,elu,16,0.0069113655980022,0.0003917177822952,63,0.1431432522509655,0.0269825481524027
8,INTERMEDIATE,113,elu,16,0.0069113655980022,0.0003917177822952,63,0.1479491093579293,0.0311166012227063
8,INTERMEDIATE,114,elu,16,0.0069113655980022,0.0003917177822952,63,0.1562727365959378,0.042567640779767
8,INTERMEDIATE,115,elu,16,0.0069113655980022,0.0003917177822952,63,0.1236924246087011,0.0251611664069868
8,INTERMEDIATE,116,elu,16,0.0069113655980022,0.0003917177822952,63,0.1305751252817217,0.0237952000608834
8,INTERMEDIATE,117,elu,16,0.0069113655980022,0.0003917177822952,63,0.1442477246398594,0.0211629000684443
8,INTERMEDIATE,118,elu,16,0.0069113655980022,0.0003917177822952,63,0.146004586616849,0.0168995561842076
8,INTERMEDIATE,119,elu,16,0.0069113655980022,0.0003917177822952,63,0.1961851174185029,0.013467785659969
8,INTERMEDIATE,120,elu,16,0.0069113655980022,0.0003917177822952,63,0.1256109086893181,0.0306391508671861
8,INTERMEDIATE,121,elu,16,0.0069113655980022,0.0003917177822952,63,0.1106669130641399,0.0446794775991383
8,INTERMEDIATE,122,elu,16,0.0069113655980022,0.0003917177822952,63,0.1213021238076091,0.0192999473839774
8,INTERMEDIATE,123,elu,16,0.0069113655980022,0.0003917177822952,63,0.131135505706458,0.0132173908020859
8,INTERMEDIATE,124,elu,16,0.0069113655980022,0.0003917177822952,63,0.1348974594247254,0.0106410963558175
8,INTERMEDIATE,125,elu,16,0.0069113655980022,0.0003917177822952,63,0.1478688270307895,0.0073127455850933
8,INTERMEDIATE,126,elu,16,0.0069113655980022,0.0003917177822952,63,0.1543144198757789,0.0066102331739212
8,INTERMEDIATE,127,elu,16,0.0069113655980022,0.0003917177822952,63,0.163301895139029,0.0108843707777491
8,INTERMEDIATE,128,elu,16,0.0069113655980022,0.0003917177822952,63,0.1384029670010843,0.0185657947695739
8,INTERMEDIATE,129,elu,16,0.0069113655980022,0.0003917177822952,63,0.1789849050876843,0.0436970487527655
8,INTERMEDIATE,130,elu,16,0.0069113655980022,0.0003917177822952,63,0.1680730009705634,0.0222687219847338
8,INTERMEDIATE,131,elu,16,0.0069113655980022,0.0003917177822952,63,0.1469311503996567,0.0245176178334391
8,INTERMEDIATE,132,elu,16,0.0069113655980022,0.0003917177822952,63,0.164459841807512,0.0142695901937528
8,INTERMEDIATE,133,elu,16,0.0069113655980022,0.0003917177822952,63,0.1434428882976801,0.0084518080511321
8,INTERMEDIATE,134,elu,16,0.0069113655980022,0.0003917177822952,63,0.1150807459290684,0.0143236916867605
8,INTERMEDIATE,135,elu,16,0.0069113655980022,0.0003917177822952,63,0.1431342896915938,0.0065481904541094
8,INTERMEDIATE,136,elu,16,0.0069113655980022,0.0003917177822952,63,0.1208224746280792,0.0038255544006213
8,INTERMEDIATE,137,elu,16,0.0069113655980022,0.0003917177822952,63,0.1297330447602534,0.0030840545701205
8,INTERMEDIATE,138,elu,16,0.0069113655980022,0.0003917177822952,63,0.1456570291998881,0.00652161841464
8,INTERMEDIATE,139,elu,16,0.0069113655980022,0.0003917177822952,63,0.1373122697816764,0.0555959958012717
8,INTERMEDIATE,140,elu,16,0.0069113655980022,0.0003917177822952,63,0.1391036215129311,0.0103536417493474
8,INTERMEDIATE,141,elu,16,0.0069113655980022,0.0003917177822952,63,0.153020327233052,0.0099521531420005
8,INTERMEDIATE,142,elu,16,0.0069113655980022,0.0003917177822952,63,0.1590690308728925,0.0065852500777251
8,INTERMEDIATE,143,elu,16,0.0069113655980022,0.0003917177822952,63,0.1307711231894223,0.0437241603261403
8,INTERMEDIATE,144,elu,16,0.0069113655980022,0.0003917177822952,63,0.1287201103880695,0.0063791267292137
8,INTERMEDIATE,145,elu,16,0.0069113655980022,0.0003917177822952,63,0.1227604696609111,0.0038013231096331
8,INTERMEDIATE,146,elu,16,0.0069113655980022,0.0003917177822952,63,0.1388266480619388,0.0030092785331092
8,INTERMEDIATE,147,elu,16,0.0069113655980022,0.0003917177822952,63,0.152678069615454,0.0023124954731889
8,INTERMEDIATE,148,elu,16,0.0069113655980022,0.0003917177822952,63,0.1458792395780797,0.0018741119268348
8,INTERMEDIATE,149,elu,16,0.0069113655980022,0.0003917177822952,63,0.1451950035266125,0.001573155610099
8,COMPLETED,149,elu,16,0.0069113655980022,0.0003917177822952,63,0.1106669130641399,0.0446794775991383
9,INTERMEDIATE,0,elu,32,0.1365423637428696,0.000360086741264,53,1.2983573788688296,1.5098289104155551
9,INTERMEDIATE,1,elu,32,0.1365423637428696,0.000360086741264,53,1.0141928366252355,1.1039998060391274
9,INTERMEDIATE,2,elu,32,0.1365423637428696,0.000360086741264,53,0.9120222812607176,0.949716325159426
9,INTERMEDIATE,3,elu,32,0.1365423637428696,0.000360086741264,53,0.7978934674035936,0.8347285007253106
9,INTERMEDIATE,4,elu,32,0.1365423637428696,0.000360086741264,53,0.7304080199627649,0.7337286258921211
9,INTERMEDIATE,5,elu,32,0.1365423637428696,0.000360086741264,53,0.6327585194792066,0.6524612811612495
9,INTERMEDIATE,6,elu,32,0.1365423637428696,0.000360086741264,53,0.5819436425254458,0.5942675990087015
9,INTERMEDIATE,7,elu,32,0.1365423637428696,0.000360086741264,53,0.5764214055878776,0.5590765391602929
9,INTERMEDIATE,8,elu,32,0.1365423637428696,0.000360086741264,53,0.5316012828123002,0.5296968847145269
9,INTERMEDIATE,9,elu,32,0.1365423637428696,0.000360086741264,53,0.5076879635453224,0.5177779595057169
9,INTERMEDIATE,10,elu,32,0.1365423637428696,0.000360086741264,53,0.5027975596132732,0.4931769474053089
9,INTERMEDIATE,11,elu,32,0.1365423637428696,0.000360086741264,53,0.458512409102349,0.4713108445759172
9,INTERMEDIATE,12,elu,32,0.1365423637428696,0.000360086741264,53,0.4189637367214475,0.4536579109636354
9,INTERMEDIATE,13,elu,32,0.1365423637428696,0.000360086741264,53,0.4754460283688136,0.4266848593582342
9,INTERMEDIATE,14,elu,32,0.1365423637428696,0.000360086741264,53,0.4207145145961216,0.4057912465966778
9,INTERMEDIATE,15,elu,32,0.1365423637428696,0.000360086741264,53,0.4512434341013431,0.3730093077009107
9,INTERMEDIATE,16,elu,32,0.1365423637428696,0.000360086741264,53,0.6116506203654266,0.3972759831834722
9,INTERMEDIATE,17,elu,32,0.1365423637428696,0.000360086741264,53,0.4896021002814883,0.4764341207934014
9,INTERMEDIATE,18,elu,32,0.1365423637428696,0.000360086741264,53,0.4016472505671637,0.4067212906148698
9,INTERMEDIATE,19,elu,32,0.1365423637428696,0.000360086741264,53,0.3887208451827367,0.3803343317574925
9,INTERMEDIATE,20,elu,32,0.1365423637428696,0.000360086741264,53,0.3681474767980121,0.3456577936440338
9,INTERMEDIATE,21,elu,32,0.1365423637428696,0.000360086741264,53,0.3606588052851813,0.3413966603485154
9,INTERMEDIATE,22,elu,32,0.1365423637428696,0.000360086741264,53,0.42354352665799,0.4077308823664983
9,INTERMEDIATE,23,elu,32,0.1365423637428696,0.000360086741264,53,0.3551993519067764,0.3992251382197863
9,INTERMEDIATE,24,elu,32,0.1365423637428696,0.000360086741264,53,0.3423830064989271,0.3213912703924709
9,INTERMEDIATE,25,elu,32,0.1365423637428696,0.000360086741264,53,0.3966751907552991,0.3198737935335548
9,INTERMEDIATE,26,elu,32,0.1365423637428696,0.000360086741264,53,0.3914865592405909,0.4059318717983033
9,INTERMEDIATE,27,elu,32,0.1365423637428696,0.000360086741264,53,0.3429936770172346,0.3417682886859517
9,INTERMEDIATE,28,elu,32,0.1365423637428696,0.000360086741264,53,0.3271620529038565,0.3214193509868633
9,INTERMEDIATE,29,elu,32,0.1365423637428696,0.000360086741264,53,0.4476370257990701,0.3617310896515846
9,INTERMEDIATE,30,elu,32,0.1365423637428696,0.000360086741264,53,0.3898706308432987,0.4315730252383667
9,INTERMEDIATE,31,elu,32,0.1365423637428696,0.000360086741264,53,0.3433067450920741,0.3327442231921502
9,INTERMEDIATE,32,elu,32,0.1365423637428696,0.000360086741264,53,0.3210094539182527,0.3047015197851039
9,INTERMEDIATE,33,elu,32,0.1365423637428696,0.000360086741264,53,0.3299275657960346,0.3007952890094416
9,INTERMEDIATE,34,elu,32,0.1365423637428696,0.000360086741264,53,0.3264515907281921,0.2974910600869744
9,INTERMEDIATE,35,elu,32,0.1365423637428696,0.000360086741264,53,0.3711393443601472,0.2968559135441427
9,INTERMEDIATE,36,elu,32,0.1365423637428696,0.000360086741264,53,0.3219464087770098,0.2939450762890003
9,INTERMEDIATE,37,elu,32,0.1365423637428696,0.000360086741264,53,0.3444947174617222,0.2891110341857981
9,INTERMEDIATE,38,elu,32,0.1365423637428696,0.000360086741264,53,0.3192224231149469,0.2877003851312178
9,INTERMEDIATE,39,elu,32,0.1365423637428696,0.000360086741264,53,0.3370493143087342,0.2757711104220814
9,INTERMEDIATE,40,elu,32,0.1365423637428696,0.000360086741264,53,0.3218849453897703,0.2802042412905045
9,INTERMEDIATE,41,elu,32,0.1365423637428696,0.000360086741264,53,0.3326920093525023,0.2656377443560847
9,INTERMEDIATE,42,elu,32,0.1365423637428696,0.000360086741264,53,0.323072707369214,0.2601029474610163
9,INTERMEDIATE,43,elu,32,0.1365423637428696,0.000360086741264,53,0.3396529051519575,0.283649906102154
9,INTERMEDIATE,44,elu,32,0.1365423637428696,0.000360086741264,53,0.3219639836322693,0.2533344256657141
9,INTERMEDIATE,45,elu,32,0.1365423637428696,0.000360086741264,53,0.3041598158223288,0.2441970096142203
9,INTERMEDIATE,46,elu,32,0.1365423637428696,0.000360086741264,53,0.3137881812595186,0.2731977618862817
9,INTERMEDIATE,47,elu,32,0.1365423637428696,0.000360086741264,53,0.3016831140433039,0.2324538071766311
9,INTERMEDIATE,48,elu,32,0.1365423637428696,0.000360086741264,53,0.318577535095669,0.2322033316264918
9,INTERMEDIATE,49,elu,32,0.1365423637428696,0.000360086741264,53,0.2939610332250595,0.2209797156169826
9,INTERMEDIATE,50,elu,32,0.1365423637428696,0.000360086741264,53,0.3115257691769373,0.2274171922953776
9,INTERMEDIATE,51,elu,32,0.1365423637428696,0.000360086741264,53,0.3129168943989844,0.2645680719503649
9,INTERMEDIATE,52,elu,32,0.1365423637428696,0.000360086741264,53,0.3181797007010096,0.2629220531218582
9,INTERMEDIATE,53,elu,32,0.1365423637428696,0.000360086741264,53,0.3077067860535213,0.2631997330413188
9,INTERMEDIATE,54,elu,32,0.1365423637428696,0.000360086741264,53,0.3043900483420917,0.2651350385061017
9,INTERMEDIATE,55,elu,32,0.1365423637428696,0.000360086741264,53,0.3020487697351546,0.2646668530816649
9,INTERMEDIATE,56,elu,32,0.1365423637428696,0.000360086741264,53,0.3311787439244134,0.2739937123785048
9,INTERMEDIATE,57,elu,32,0.1365423637428696,0.000360086741264,53,0.2785798911714837,0.2515483494894004
9,INTERMEDIATE,58,elu,32,0.1365423637428696,0.000360086741264,53,0.2543609585790407,0.2540420426262749
9,INTERMEDIATE,59,elu,32,0.1365423637428696,0.000360086741264,53,0.2708653158375195,0.2370836580471124
9,INTERMEDIATE,60,elu,32,0.1365423637428696,0.000360086741264,53,0.2671738300649893,0.2355437315540549
9,INTERMEDIATE,61,elu,32,0.1365423637428696,0.000360086741264,53,0.2789880246633575,0.2292797507051332
9,INTERMEDIATE,62,elu,32,0.1365423637428696,0.000360086741264,53,0.2821133846328372,0.2230638744838443
9,INTERMEDIATE,63,elu,32,0.1365423637428696,0.000360086741264,53,0.3108096406573341,0.2165965100773322
9,INTERMEDIATE,64,elu,32,0.1365423637428696,0.000360086741264,53,0.275838759151243,0.2198409591284063
9,INTERMEDIATE,65,elu,32,0.1365423637428696,0.000360086741264,53,0.2902190475946381,0.2142919272552302
9,INTERMEDIATE,66,elu,32,0.1365423637428696,0.000360086741264,53,0.2605749955844311,0.2145064655737376
9,INTERMEDIATE,67,elu,32,0.1365423637428696,0.000360086741264,53,0.4272038047867162,0.2097411331387213
9,INTERMEDIATE,68,elu,32,0.1365423637428696,0.000360086741264,53,0.3338248548763139,0.3554602668241218
9,INTERMEDIATE,69,elu,32,0.1365423637428696,0.000360086741264,53,0.3466963838963282,0.3014117978789188
9,INTERMEDIATE,70,elu,32,0.1365423637428696,0.000360086741264,53,0.3447483799287251,0.2769893489226147
9,INTERMEDIATE,71,elu,32,0.1365423637428696,0.000360086741264,53,0.280896629960764,0.2496005018920074
9,INTERMEDIATE,72,elu,32,0.1365423637428696,0.000360086741264,53,0.3033619608197893,0.2379352685386016
9,INTERMEDIATE,73,elu,32,0.1365423637428696,0.000360086741264,53,0.3108655489271595,0.2314444296981817
9,INTERMEDIATE,74,elu,32,0.1365423637428696,0.000360086741264,53,0.2939483448863029,0.230737278950803
9,INTERMEDIATE,75,elu,32,0.1365423637428696,0.000360086741264,53,0.2720041408070496,0.2268983133965068
9,INTERMEDIATE,76,elu,32,0.1365423637428696,0.000360086741264,53,0.2621277311728114,0.2171800520133089
9,INTERMEDIATE,77,elu,32,0.1365423637428696,0.000360086741264,53,0.2677467944366591,0.2079312668906318
9,INTERMEDIATE,78,elu,32,0.1365423637428696,0.000360086741264,53,0.2476225076686768,0.2086968075162098
9,INTERMEDIATE,79,elu,32,0.1365423637428696,0.000360086741264,53,0.2495436113150347,0.201434040810039
9,INTERMEDIATE,80,elu,32,0.1365423637428696,0.000360086741264,53,0.2485574542411736,0.1986569452708886
9,INTERMEDIATE,81,elu,32,0.1365423637428696,0.000360086741264,53,0.2690761259623936,0.2595635608850438
9,INTERMEDIATE,82,elu,32,0.1365423637428696,0.000360086741264,53,0.2567802731479917,0.2096203739444414
9,INTERMEDIATE,83,elu,32,0.1365423637428696,0.000360086741264,53,0.2688240593387967,0.2050076386442891
9,INTERMEDIATE,84,elu,32,0.1365423637428696,0.000360086741264,53,0.2955477922445252,0.2283160872757434
9,INTERMEDIATE,85,elu,32,0.1365423637428696,0.000360086741264,53,0.298904926471767,0.2201573994976502
9,INTERMEDIATE,86,elu,32,0.1365423637428696,0.000360086741264,53,0.2931478749073687,0.203318947903168
9,INTERMEDIATE,87,elu,32,0.1365423637428696,0.000360086741264,53,0.2437848957876364,0.2095667106317885
9,INTERMEDIATE,88,elu,32,0.1365423637428696,0.000360086741264,53,0.3410585148348695,0.1988915209600955
9,INTERMEDIATE,89,elu,32,0.1365423637428696,0.000360086741264,53,0.2642810961142892,0.245412542404216
9,INTERMEDIATE,90,elu,32,0.1365423637428696,0.000360086741264,53,0.2407767868467739,0.2337839646655836
9,INTERMEDIATE,91,elu,32,0.1365423637428696,0.000360086741264,53,0.2337791061117535,0.1940750396913952
9,INTERMEDIATE,92,elu,32,0.1365423637428696,0.000360086741264,53,0.2532898278108665,0.179224202685334
9,INTERMEDIATE,93,elu,32,0.1365423637428696,0.000360086741264,53,0.2517091125427257,0.1721362358901971
9,INTERMEDIATE,94,elu,32,0.1365423637428696,0.000360086741264,53,0.3291161752172878,0.2142741405577571
9,INTERMEDIATE,95,elu,32,0.1365423637428696,0.000360086741264,53,0.2420667019628343,0.2260524131541634
9,INTERMEDIATE,96,elu,32,0.1365423637428696,0.000360086741264,53,0.2508213246862094,0.1978618654387968
9,INTERMEDIATE,97,elu,32,0.1365423637428696,0.000360086741264,53,0.239490182626815,0.2056555645425378
9,INTERMEDIATE,98,elu,32,0.1365423637428696,0.000360086741264,53,0.2499981841870716,0.1824673128164844
9,INTERMEDIATE,99,elu,32,0.1365423637428696,0.000360086741264,53,0.2311254013329744,0.1745783716532183
9,INTERMEDIATE,100,elu,32,0.1365423637428696,0.000360086741264,53,0.2471225314906665,0.1743256733925254
9,INTERMEDIATE,101,elu,32,0.1365423637428696,0.000360086741264,53,0.2659900736595903,0.2021044366245652
9,INTERMEDIATE,102,elu,32,0.1365423637428696,0.000360086741264,53,0.2271765053627036,0.1605563110637444
9,INTERMEDIATE,103,elu,32,0.1365423637428696,0.000360086741264,53,0.2273505161560717,0.1642165627376532
9,INTERMEDIATE,104,elu,32,0.1365423637428696,0.000360086741264,53,0.2237782050811109,0.1452074434240291
9,INTERMEDIATE,105,elu,32,0.1365423637428696,0.000360086741264,53,0.2150171920657158,0.1425494611907152
9,INTERMEDIATE,106,elu,32,0.1365423637428696,0.000360086741264,53,0.2057655265643483,0.1320647082670971
9,INTERMEDIATE,107,elu,32,0.1365423637428696,0.000360086741264,53,0.2217814586169663,0.1430813327753617
9,INTERMEDIATE,108,elu,32,0.1365423637428696,0.000360086741264,53,0.2033464986653555,0.1313162774629431
9,INTERMEDIATE,109,elu,32,0.1365423637428696,0.000360086741264,53,0.2268112606945492,0.1359863120740578
9,INTERMEDIATE,110,elu,32,0.1365423637428696,0.000360086741264,53,0.2255794438311741,0.1565577483241572
9,INTERMEDIATE,111,elu,32,0.1365423637428696,0.000360086741264,53,0.1639365384443885,0.1463496240292802
9,INTERMEDIATE,112,elu,32,0.1365423637428696,0.000360086741264,53,0.1825009268664178,0.1278027769776038
9,INTERMEDIATE,113,elu,32,0.1365423637428696,0.000360086741264,53,0.1664209928186167,0.126097058026511
9,INTERMEDIATE,114,elu,32,0.1365423637428696,0.000360086741264,53,0.185221107410533,0.1246397307625523
9,INTERMEDIATE,115,elu,32,0.1365423637428696,0.000360086741264,53,0.1742293906531163,0.1199593534118231
9,INTERMEDIATE,116,elu,32,0.1365423637428696,0.000360086741264,53,0.2898414537665389,0.138922487925968
9,INTERMEDIATE,117,elu,32,0.1365423637428696,0.000360086741264,53,0.2069594986027195,0.1642107652431285
9,INTERMEDIATE,118,elu,32,0.1365423637428696,0.000360086741264,53,0.1846798064098471,0.13695698838543
9,INTERMEDIATE,119,elu,32,0.1365423637428696,0.000360086741264,53,0.1763245216792538,0.1102251958584895
9,INTERMEDIATE,120,elu,32,0.1365423637428696,0.000360086741264,53,0.1704327888077213,0.1088862635057281
9,INTERMEDIATE,121,elu,32,0.1365423637428696,0.000360086741264,53,0.1653250680260715,0.1074464247320537
9,INTERMEDIATE,122,elu,32,0.1365423637428696,0.000360086741264,53,0.1861355230212211,0.1136984157916388
9,INTERMEDIATE,123,elu,32,0.1365423637428696,0.000360086741264,53,0.1594073911685319,0.0991331665420237
9,INTERMEDIATE,124,elu,32,0.1365423637428696,0.000360086741264,53,0.1664581213678632,0.095741068093497
9,INTERMEDIATE,125,elu,32,0.1365423637428696,0.000360086741264,53,0.1752059852393964,0.094164854042048
9,INTERMEDIATE,126,elu,32,0.1365423637428696,0.000360086741264,53,0.1804279230889819,0.1054972908632071
9,INTERMEDIATE,127,elu,32,0.1365423637428696,0.000360086741264,53,0.1610063270976146,0.0996699724346399
9,INTERMEDIATE,128,elu,32,0.1365423637428696,0.000360086741264,53,0.1601567366825682,0.1030024575920384
9,INTERMEDIATE,129,elu,32,0.1365423637428696,0.000360086741264,53,0.1729563300808271,0.0995305424878074
9,INTERMEDIATE,130,elu,32,0.1365423637428696,0.000360086741264,53,0.1807502857187674,0.0896304990682337
9,INTERMEDIATE,131,elu,32,0.1365423637428696,0.000360086741264,53,0.2201377433680352,0.0942147539836573
9,INTERMEDIATE,132,elu,32,0.1365423637428696,0.000360086741264,53,0.1788313748935858,0.0926213038188439
9,INTERMEDIATE,133,elu,32,0.1365423637428696,0.000360086741264,53,0.1618966224736401,0.0904175645016409
9,INTERMEDIATE,134,elu,32,0.1365423637428696,0.000360086741264,53,0.2042200370203881,0.0929257844310299
9,INTERMEDIATE,135,elu,32,0.1365423637428696,0.000360086741264,53,0.1804595566576435,0.095926735918095
9,INTERMEDIATE,136,elu,32,0.1365423637428696,0.000360086741264,53,0.216599649927091,0.090452794422522
9,INTERMEDIATE,137,elu,32,0.1365423637428696,0.000360086741264,53,0.1847011215452637,0.0980178182082319
9,INTERMEDIATE,138,elu,32,0.1365423637428696,0.000360086741264,53,0.1902227670042997,0.0779971557059957
9,INTERMEDIATE,139,elu,32,0.1365423637428696,0.000360086741264,53,0.170026250804464,0.0787775744051661
9,INTERMEDIATE,140,elu,32,0.1365423637428696,0.000360086741264,53,0.1728302485619982,0.0699027663004803
9,INTERMEDIATE,141,elu,32,0.1365423637428696,0.000360086741264,53,0.1764646203567584,0.1316555983122484
9,INTERMEDIATE,142,elu,32,0.1365423637428696,0.000360086741264,53,0.180149703597029,0.1116570905885762
9,INTERMEDIATE,143,elu,32,0.1365423637428696,0.000360086741264,53,0.1790763906070164,0.0975224915087039
9,INTERMEDIATE,144,elu,32,0.1365423637428696,0.000360086741264,53,0.1715664952283813,0.0778672079797144
9,INTERMEDIATE,145,elu,32,0.1365423637428696,0.000360086741264,53,0.1626083634217225,0.0788736332288402
9,INTERMEDIATE,146,elu,32,0.1365423637428696,0.000360086741264,53,0.1833897392664636,0.0722883207160105
9,INTERMEDIATE,147,elu,32,0.1365423637428696,0.000360086741264,53,0.1702599339187145,0.0739563272426617
9,INTERMEDIATE,148,elu,32,0.1365423637428696,0.000360086741264,53,0.1935521739845474,0.064413833523882
9,INTERMEDIATE,149,elu,32,0.1365423637428696,0.000360086741264,53,0.2569490074224415,0.2241772944452586
9,COMPLETED,149,elu,32,0.1365423637428696,0.000360086741264,53,0.1594073911685319,0.0991331665420237
10,INTERMEDIATE,0,elu,16,0.0750541916462087,0.0002175209260014,55,1.1892550224211158,1.4565722081396315
10,INTERMEDIATE,1,elu,16,0.0750541916462087,0.0002175209260014,55,0.9957419255884682,1.054311337294402
10,INTERMEDIATE,2,elu,16,0.0750541916462087,0.0002175209260014,55,0.8825903331361166,0.9175958228699956
10,INTERMEDIATE,3,elu,16,0.0750541916462087,0.0002175209260014,55,0.8254432278435405,0.8292045714678588
10,INTERMEDIATE,4,elu,16,0.0750541916462087,0.0002175209260014,55,0.6779781020269161,0.6995368612769209
10,INTERMEDIATE,5,elu,16,0.0750541916462087,0.0002175209260014,55,0.6518494370507031,0.6473246834896229
10,INTERMEDIATE,6,elu,16,0.0750541916462087,0.0002175209260014,55,0.5893678505246233,0.5489129259446521
10,INTERMEDIATE,7,elu,16,0.0750541916462087,0.0002175209260014,55,0.5413963038746904,0.4950111810991793
10,INTERMEDIATE,8,elu,16,0.0750541916462087,0.0002175209260014,55,0.5503183734126207,0.4453729089395499
10,INTERMEDIATE,9,elu,16,0.0750541916462087,0.0002175209260014,55,0.5544154938401246,0.4731179896604132
10,INTERMEDIATE,10,elu,16,0.0750541916462087,0.0002175209260014,55,0.4728122727900016,0.4316199041995001
10,INTERMEDIATE,11,elu,16,0.0750541916462087,0.0002175209260014,55,0.468342158489111,0.4028884409754364
10,INTERMEDIATE,12,elu,16,0.0750541916462087,0.0002175209260014,55,0.433077273027199,0.3818875373697575
10,INTERMEDIATE,13,elu,16,0.0750541916462087,0.0002175209260014,55,0.4286004522951638,0.3621103704711537
10,INTERMEDIATE,14,elu,16,0.0750541916462087,0.0002175209260014,55,0.4065313733569005,0.3710356902929
10,INTERMEDIATE,15,elu,16,0.0750541916462087,0.0002175209260014,55,0.8374740844819604,0.8204321621192826
10,INTERMEDIATE,16,elu,16,0.0750541916462087,0.0002175209260014,55,0.6670128735827237,0.7150354886680473
10,INTERMEDIATE,17,elu,16,0.0750541916462087,0.0002175209260014,55,0.5822748556369688,0.6217817047863831
10,INTERMEDIATE,18,elu,16,0.0750541916462087,0.0002175209260014,55,0.538240068205973,0.5675687643664854
10,INTERMEDIATE,19,elu,16,0.0750541916462087,0.0002175209260014,55,0.5103925153976534,0.5296259971312535
10,INTERMEDIATE,20,elu,16,0.0750541916462087,0.0002175209260014,55,0.4968354233154436,0.5088376798379568
10,INTERMEDIATE,21,elu,16,0.0750541916462087,0.0002175209260014,55,0.4674511311984644,0.4800634322527014
10,INTERMEDIATE,22,elu,16,0.0750541916462087,0.0002175209260014,55,0.461543198038892,0.465950849753471
10,INTERMEDIATE,23,elu,16,0.0750541916462087,0.0002175209260014,55,0.4371655294444503,0.4423095522747363
10,INTERMEDIATE,24,elu,16,0.0750541916462087,0.0002175209260014,55,0.4230818201492472,0.4289139530357019
10,INTERMEDIATE,25,elu,16,0.0750541916462087,0.0002175209260014,55,0.4197763969622007,0.4150236454550867
10,INTERMEDIATE,26,elu,16,0.0750541916462087,0.0002175209260014,55,0.4216803868369358,0.4099455900766231
10,INTERMEDIATE,27,elu,16,0.0750541916462087,0.0002175209260014,55,0.4032049798747388,0.4114434289067615
10,INTERMEDIATE,28,elu,16,0.0750541916462087,0.0002175209260014,55,0.4232551284679552,0.4056310320250046
10,INTERMEDIATE,29,elu,16,0.0750541916462087,0.0002175209260014,55,0.4052229665401505,0.3873258671826786
10,INTERMEDIATE,30,elu,16,0.0750541916462087,0.0002175209260014,55,0.4056770697054339,0.3729422320094373
10,INTERMEDIATE,31,elu,16,0.0750541916462087,0.0002175209260014,55,0.4435736705980649,0.4337857017914454
10,INTERMEDIATE,32,elu,16,0.0750541916462087,0.0002175209260014,55,0.4360043441013592,0.4147202957559515
10,INTERMEDIATE,33,elu,16,0.0750541916462087,0.0002175209260014,55,0.4262793413022669,0.4090534091271736
10,INTERMEDIATE,34,elu,16,0.0750541916462087,0.0002175209260014,55,0.4149759206466558,0.3987061567144629
10,INTERMEDIATE,35,elu,16,0.0750541916462087,0.0002175209260014,55,0.4083100695435593,0.3888379564899721
10,INTERMEDIATE,36,elu,16,0.0750541916462087,0.0002175209260014,55,0.4024393307726557,0.3880204097080378
10,INTERMEDIATE,37,elu,16,0.0750541916462087,0.0002175209260014,55,0.3985368491309445,0.3739621064821143
10,INTERMEDIATE,38,elu,16,0.0750541916462087,0.0002175209260014,55,0.3964652298245488,0.3629368413009761
10,INTERMEDIATE,39,elu,16,0.0750541916462087,0.0002175209260014,55,0.3897095237199853,0.3607244793049715
10,INTERMEDIATE,40,elu,16,0.0750541916462087,0.0002175209260014,55,0.3834293825415576,0.3483548394783779
10,INTERMEDIATE,41,elu,16,0.0750541916462087,0.0002175209260014,55,0.3815669079379337,0.349507300781063
10,INTERMEDIATE,42,elu,16,0.0750541916462087,0.0002175209260014,55,0.3782192023425567,0.3518586247055619
10,INTERMEDIATE,43,elu,16,0.0750541916462087,0.0002175209260014,55,0.3699142722094931,0.3413042066917743
10,INTERMEDIATE,44,elu,16,0.0750541916462087,0.0002175209260014,55,0.3805134469961247,0.3391248437311546
10,INTERMEDIATE,45,elu,16,0.0750541916462087,0.0002175209260014,55,0.3687979356363052,0.3324789654141591
10,INTERMEDIATE,46,elu,16,0.0750541916462087,0.0002175209260014,55,0.4180303550348049,0.3299151151958439
10,INTERMEDIATE,47,elu,16,0.0750541916462087,0.0002175209260014,55,0.3899202632104478,0.3255394345816271
10,INTERMEDIATE,48,elu,16,0.0750541916462087,0.0002175209260014,55,0.3812449032940516,0.3158833047857991
10,INTERMEDIATE,49,elu,16,0.0750541916462087,0.0002175209260014,55,0.4116281364567396,0.3187865905555678
10,INTERMEDIATE,50,elu,16,0.0750541916462087,0.0002175209260014,55,0.3774988831179898,0.3169558865052682
10,INTERMEDIATE,51,elu,16,0.0750541916462087,0.0002175209260014,55,0.3801783057974606,0.3067453217773158
10,INTERMEDIATE,52,elu,16,0.0750541916462087,0.0002175209260014,55,0.3676318421778155,0.3059839423929835
10,INTERMEDIATE,53,elu,16,0.0750541916462087,0.0002175209260014,55,0.3690816236705315,0.3099653295206803
10,INTERMEDIATE,54,elu,16,0.0750541916462087,0.0002175209260014,55,0.3486088176326054,0.3017420528203617
10,INTERMEDIATE,55,elu,16,0.0750541916462087,0.0002175209260014,55,0.356572858898378,0.2987035628132246
10,INTERMEDIATE,56,elu,16,0.0750541916462087,0.0002175209260014,55,0.3671862358545384,0.3028046289389884
10,INTERMEDIATE,57,elu,16,0.0750541916462087,0.0002175209260014,55,0.3422220240278942,0.2945707071986463
10,INTERMEDIATE,58,elu,16,0.0750541916462087,0.0002175209260014,55,0.352512863532799,0.2875328733367316
10,INTERMEDIATE,59,elu,16,0.0750541916462087,0.0002175209260014,55,0.3359230448741738,0.2866315052465156
10,INTERMEDIATE,60,elu,16,0.0750541916462087,0.0002175209260014,55,0.32214470552962,0.282347961915312
10,INTERMEDIATE,61,elu,16,0.0750541916462087,0.0002175209260014,55,0.3718062917270311,0.2928010638757252
10,INTERMEDIATE,62,elu,16,0.0750541916462087,0.0002175209260014,55,0.3301193248934862,0.2974349833381028
10,INTERMEDIATE,63,elu,16,0.0750541916462087,0.0002175209260014,55,0.330156869096,0.2866182930100663
10,INTERMEDIATE,64,elu,16,0.0750541916462087,0.0002175209260014,55,0.3139960860333791,0.2946044496823976
10,INTERMEDIATE,65,elu,16,0.0750541916462087,0.0002175209260014,55,0.3432054182559979,0.3196077677708717
10,INTERMEDIATE,66,elu,16,0.0750541916462087,0.0002175209260014,55,0.329812595211878,0.2969278131186226
10,INTERMEDIATE,67,elu,16,0.0750541916462087,0.0002175209260014,55,0.3288993926309957,0.3034856565710571
10,INTERMEDIATE,68,elu,16,0.0750541916462087,0.0002175209260014,55,0.3325621105912255,0.2817079348512638
10,INTERMEDIATE,69,elu,16,0.0750541916462087,0.0002175209260014,55,0.3125943746872064,0.273853090212301
10,INTERMEDIATE,70,elu,16,0.0750541916462087,0.0002175209260014,55,0.3322189582012048,0.2904568347436042
10,INTERMEDIATE,71,elu,16,0.0750541916462087,0.0002175209260014,55,0.3328758032947052,0.2749262521687297
10,INTERMEDIATE,72,elu,16,0.0750541916462087,0.0002175209260014,55,0.3037228863232019,0.2576258977599166
10,INTERMEDIATE,73,elu,16,0.0750541916462087,0.0002175209260014,55,0.3015442541459711,0.2594127162348157
10,INTERMEDIATE,74,elu,16,0.0750541916462087,0.0002175209260014,55,0.3045739307091003,0.2506481669153328
10,INTERMEDIATE,75,elu,16,0.0750541916462087,0.0002175209260014,55,0.3018853380912688,0.2533451346105631
10,INTERMEDIATE,76,elu,16,0.0750541916462087,0.0002175209260014,55,0.3096490771759574,0.2458830912264041
10,INTERMEDIATE,77,elu,16,0.0750541916462087,0.0002175209260014,55,0.3073080689987031,0.2543842011694739
10,INTERMEDIATE,78,elu,16,0.0750541916462087,0.0002175209260014,55,0.279216503497304,0.2412714222791018
10,INTERMEDIATE,79,elu,16,0.0750541916462087,0.0002175209260014,55,0.2814299048083584,0.2409512278520398
10,INTERMEDIATE,80,elu,16,0.0750541916462087,0.0002175209260014,55,0.2621855473191273,0.2305444780461214
10,INTERMEDIATE,81,elu,16,0.0750541916462087,0.0002175209260014,55,0.3004992824138665,0.2878112386406203
10,INTERMEDIATE,82,elu,16,0.0750541916462087,0.0002175209260014,55,0.3102705222440929,0.2586538840407206
10,INTERMEDIATE,83,elu,16,0.0750541916462087,0.0002175209260014,55,0.2662522217667684,0.265091215133851
10,INTERMEDIATE,84,elu,16,0.0750541916462087,0.0002175209260014,55,0.279158280162913,0.2178694113606104
10,INTERMEDIATE,85,elu,16,0.0750541916462087,0.0002175209260014,55,0.2733133466596283,0.2098813908703533
10,INTERMEDIATE,86,elu,16,0.0750541916462087,0.0002175209260014,55,0.2813733350485563,0.2023445450194916
10,INTERMEDIATE,87,elu,16,0.0750541916462087,0.0002175209260014,55,0.347542260659904,0.2981359081135856
10,INTERMEDIATE,88,elu,16,0.0750541916462087,0.0002175209260014,55,0.3352815234443037,0.2994681693107625
10,INTERMEDIATE,89,elu,16,0.0750541916462087,0.0002175209260014,55,0.2763723780560057,0.2395064685562694
10,INTERMEDIATE,90,elu,16,0.0750541916462087,0.0002175209260014,55,0.2876587257516093,0.222345853385366
10,INTERMEDIATE,91,elu,16,0.0750541916462087,0.0002175209260014,55,0.3484930267057767,0.2111373759323248
10,INTERMEDIATE,92,elu,16,0.0750541916462087,0.0002175209260014,55,0.3164163327253446,0.2728350868931523
10,INTERMEDIATE,93,elu,16,0.0750541916462087,0.0002175209260014,55,0.3015521651633629,0.2486226766795655
10,INTERMEDIATE,94,elu,16,0.0750541916462087,0.0002175209260014,55,0.2986339993048005,0.2423277230772339
10,INTERMEDIATE,95,elu,16,0.0750541916462087,0.0002175209260014,55,0.3030361399599692,0.2343577251390174
10,INTERMEDIATE,96,elu,16,0.0750541916462087,0.0002175209260014,55,0.2858687400272706,0.2151209565546409
10,INTERMEDIATE,97,elu,16,0.0750541916462087,0.0002175209260014,55,0.259044236208244,0.1973941288773476
10,INTERMEDIATE,98,elu,16,0.0750541916462087,0.0002175209260014,55,0.2644996305973064,0.1885266100562373
10,INTERMEDIATE,99,elu,16,0.0750541916462087,0.0002175209260014,55,0.2566754299147827,0.1920359493980621
10,INTERMEDIATE,100,elu,16,0.0750541916462087,0.0002175209260014,55,0.2625853237582416,0.1867238829705726
10,INTERMEDIATE,101,elu,16,0.0750541916462087,0.0002175209260014,55,0.236918583239724,0.1828634634292052
10,INTERMEDIATE,102,elu,16,0.0750541916462087,0.0002175209260014,55,0.2372213900089264,0.1729942472065212
10,INTERMEDIATE,103,elu,16,0.0750541916462087,0.0002175209260014,55,0.2336769741846294,0.1742064605041602
10,INTERMEDIATE,104,elu,16,0.0750541916462087,0.0002175209260014,55,0.2276305674870566,0.1665928339482181
10,INTERMEDIATE,105,elu,16,0.0750541916462087,0.0002175209260014,55,0.2382635680458894,0.1676202152372786
10,INTERMEDIATE,106,elu,16,0.0750541916462087,0.0002175209260014,55,0.2512915458802769,0.1587459665412704
10,INTERMEDIATE,107,elu,16,0.0750541916462087,0.0002175209260014,55,0.2145395223959917,0.1657303496332908
10,INTERMEDIATE,108,elu,16,0.0750541916462087,0.0002175209260014,55,0.2278080812496383,0.1820337502458305
10,INTERMEDIATE,109,elu,16,0.0750541916462087,0.0002175209260014,55,0.2187921546581314,0.1551375158683017
10,INTERMEDIATE,110,elu,16,0.0750541916462087,0.0002175209260014,55,0.2152548668133776,0.1534452318374849
10,INTERMEDIATE,111,elu,16,0.0750541916462087,0.0002175209260014,55,0.2184020708564941,0.1517651703576615
10,INTERMEDIATE,112,elu,16,0.0750541916462087,0.0002175209260014,55,0.2248000945305315,0.1429007048661142
10,INTERMEDIATE,113,elu,16,0.0750541916462087,0.0002175209260014,55,0.2093957588190167,0.1402080384324546
10,INTERMEDIATE,114,elu,16,0.0750541916462087,0.0002175209260014,55,0.2533303234362747,0.142796004489984
10,INTERMEDIATE,115,elu,16,0.0750541916462087,0.0002175209260014,55,0.2024152884032668,0.141975314034448
10,INTERMEDIATE,116,elu,16,0.0750541916462087,0.0002175209260014,55,0.2068726280022685,0.1406500563916554
10,INTERMEDIATE,117,elu,16,0.0750541916462087,0.0002175209260014,55,0.2001750523042751,0.1281401507360975
10,INTERMEDIATE,118,elu,16,0.0750541916462087,0.0002175209260014,55,0.2179796010619256,0.1243371238851528
10,INTERMEDIATE,119,elu,16,0.0750541916462087,0.0002175209260014,55,0.266117149237089,0.2168218269541767
10,INTERMEDIATE,120,elu,16,0.0750541916462087,0.0002175209260014,55,0.2314777168240852,0.1757664236148106
10,INTERMEDIATE,121,elu,16,0.0750541916462087,0.0002175209260014,55,0.2162466309964656,0.160620807474594
10,INTERMEDIATE,122,elu,16,0.0750541916462087,0.0002175209260014,55,0.2238452770724529,0.1396506659422115
10,INTERMEDIATE,123,elu,16,0.0750541916462087,0.0002175209260014,55,0.2303477103208623,0.1380825396799654
10,INTERMEDIATE,124,elu,16,0.0750541916462087,0.0002175209260014,55,0.2151110248594749,0.1390407691295776
10,INTERMEDIATE,125,elu,16,0.0750541916462087,0.0002175209260014,55,0.2356298830269313,0.128105291130918
10,INTERMEDIATE,126,elu,16,0.0750541916462087,0.0002175209260014,55,0.2096978747172326,0.146962228834767
10,INTERMEDIATE,127,elu,16,0.0750541916462087,0.0002175209260014,55,0.1875985444455248,0.1188286153346668
10,INTERMEDIATE,128,elu,16,0.0750541916462087,0.0002175209260014,55,0.2113400858531638,0.1220103678477491
10,INTERMEDIATE,129,elu,16,0.0750541916462087,0.0002175209260014,55,0.2031196715401076,0.1179231105711495
10,INTERMEDIATE,130,elu,16,0.0750541916462087,0.0002175209260014,55,0.2343155413911473,0.1030325749141658
10,INTERMEDIATE,131,elu,16,0.0750541916462087,0.0002175209260014,55,0.1995939158823159,0.1114926940508554
10,INTERMEDIATE,132,elu,16,0.0750541916462087,0.0002175209260014,55,0.2178368038020846,0.1122277721153273
10,INTERMEDIATE,133,elu,16,0.0750541916462087,0.0002175209260014,55,0.1930471264371057,0.1315930796511195
10,INTERMEDIATE,134,elu,16,0.0750541916462087,0.0002175209260014,55,0.1877528004030265,0.1027338045252556
10,INTERMEDIATE,135,elu,16,0.0750541916462087,0.0002175209260014,55,0.1848283096545989,0.100230685374872
10,INTERMEDIATE,136,elu,16,0.0750541916462087,0.0002175209260014,55,0.1864740613211945,0.0952355039081777
10,INTERMEDIATE,137,elu,16,0.0750541916462087,0.0002175209260014,55,0.1858147294033409,0.0926813547870282
10,INTERMEDIATE,138,elu,16,0.0750541916462087,0.0002175209260014,55,0.1970386479799522,0.0886580234186516
10,INTERMEDIATE,139,elu,16,0.0750541916462087,0.0002175209260014,55,0.177801855726213,0.0981304035378321
10,INTERMEDIATE,140,elu,16,0.0750541916462087,0.0002175209260014,55,0.189437395092327,0.0879428023127494
10,INTERMEDIATE,141,elu,16,0.0750541916462087,0.0002175209260014,55,0.176558593288064,0.0843912142006979
10,INTERMEDIATE,142,elu,16,0.0750541916462087,0.0002175209260014,55,0.1879670911286844,0.0877205360821666
10,INTERMEDIATE,143,elu,16,0.0750541916462087,0.0002175209260014,55,0.1724324953606034,0.0862750546449082
10,INTERMEDIATE,144,elu,16,0.0750541916462087,0.0002175209260014,55,0.1954070966315978,0.0830422933155923
10,INTERMEDIATE,145,elu,16,0.0750541916462087,0.0002175209260014,55,0.1928788990282067,0.0782323515999855
10,INTERMEDIATE,146,elu,16,0.0750541916462087,0.0002175209260014,55,0.1935152333774944,0.0829875574613932
10,INTERMEDIATE,147,elu,16,0.0750541916462087,0.0002175209260014,55,0.195538212238561,0.0965724083434008
10,INTERMEDIATE,148,elu,16,0.0750541916462087,0.0002175209260014,55,0.219477381812772,0.0748820539727738
10,INTERMEDIATE,149,elu,16,0.0750541916462087,0.0002175209260014,55,0.2214680877287031,0.0777179627653418
