Trial-ID,Status,Iteration,activation,batch_size,dropout,learning_rate,num_hidden_units,Objective,avg_train_loss
8,BEST,105,elu,64,0.26916942418016315,0.00018559918408325493,59,0.06901594416492364,0.07320957753534724
1,INTERMEDIATE,0,relu,64,0.0157217580968554,0.0002301549633024,39,1.5989773165095935,1.6133092467377823
1,INTERMEDIATE,1,relu,64,0.0157217580968554,0.0002301549633024,39,1.5549337213689631,1.579602590421351
1,INTERMEDIATE,2,relu,64,0.0157217580968554,0.0002301549633024,39,1.3911047198555686,1.4941742769101771
1,INTERMEDIATE,3,relu,64,0.0157217580968554,0.0002301549633024,39,1.0800483389334246,1.2280877174400702
1,INTERMEDIATE,4,relu,64,0.0157217580968554,0.0002301549633024,39,0.8858974738554521,0.9659677540383688
1,INTERMEDIATE,5,relu,64,0.0157217580968554,0.0002301549633024,39,0.6604776815934614,0.7618435228743204
1,INTERMEDIATE,6,relu,64,0.0157217580968554,0.0002301549633024,39,0.5480135868896138,0.5962133974563785
1,INTERMEDIATE,7,relu,64,0.0157217580968554,0.0002301549633024,39,0.4460979347879236,0.4866522797724096
1,INTERMEDIATE,8,relu,64,0.0157217580968554,0.0002301549633024,39,0.3952995051037181,0.430431200236809
1,INTERMEDIATE,9,relu,64,0.0157217580968554,0.0002301549633024,39,0.3975602456114508,0.3829893956824047
1,INTERMEDIATE,10,relu,64,0.0157217580968554,0.0002301549633024,39,0.3644117563962936,0.3636069802976236
1,INTERMEDIATE,11,relu,64,0.0157217580968554,0.0002301549633024,39,0.3340329094366593,0.325071419157633
1,INTERMEDIATE,12,relu,64,0.0157217580968554,0.0002301549633024,39,0.294538525017825,0.2955635022826311
1,INTERMEDIATE,13,relu,64,0.0157217580968554,0.0002301549633024,39,0.3711464662443507,0.284496322274208
1,INTERMEDIATE,14,relu,64,0.0157217580968554,0.0002301549633024,39,0.270233767953786,0.2670875024504778
1,INTERMEDIATE,15,relu,64,0.0157217580968554,0.0002301549633024,39,0.3521888438950885,0.2506891020187518
1,INTERMEDIATE,16,relu,64,0.0157217580968554,0.0002301549633024,39,0.2375958731228655,0.2427382238390969
1,INTERMEDIATE,17,relu,64,0.0157217580968554,0.0002301549633024,39,0.294716020876711,0.2555193579414995
1,INTERMEDIATE,18,relu,64,0.0157217580968554,0.0002301549633024,39,0.2828681468963623,0.2383790864813618
1,INTERMEDIATE,19,relu,64,0.0157217580968554,0.0002301549633024,39,0.2772696160457351,0.2257155861432959
1,INTERMEDIATE,20,relu,64,0.0157217580968554,0.0002301549633024,39,0.2556409551338716,0.2169471355836565
1,INTERMEDIATE,21,relu,64,0.0157217580968554,0.0002301549633024,39,0.2556163201277906,0.210702125437376
1,INTERMEDIATE,22,relu,64,0.0157217580968554,0.0002301549633024,39,0.2600384137847207,0.2056375647463449
1,INTERMEDIATE,23,relu,64,0.0157217580968554,0.0002301549633024,39,0.2600270028818737,0.2024128462483243
1,INTERMEDIATE,24,relu,64,0.0157217580968554,0.0002301549633024,39,0.2174385339021682,0.193728798954952
1,INTERMEDIATE,25,relu,64,0.0157217580968554,0.0002301549633024,39,0.2174817269498651,0.192022599461602
1,INTERMEDIATE,26,relu,64,0.0157217580968554,0.0002301549633024,39,0.2124189158732241,0.1850831659465301
1,INTERMEDIATE,27,relu,64,0.0157217580968554,0.0002301549633024,39,0.2001253170045939,0.1775185577571392
1,INTERMEDIATE,28,relu,64,0.0157217580968554,0.0002301549633024,39,0.2011743303049694,0.1783857346489662
1,INTERMEDIATE,29,relu,64,0.0157217580968554,0.0002301549633024,39,0.2286333224990151,0.1717086557934924
1,INTERMEDIATE,30,relu,64,0.0157217580968554,0.0002301549633024,39,0.2071820599111643,0.1732878192532353
1,INTERMEDIATE,31,relu,64,0.0157217580968554,0.0002301549633024,39,0.1927074251527136,0.1658602306028691
1,INTERMEDIATE,32,relu,64,0.0157217580968554,0.0002301549633024,39,0.1808424917134371,0.1698415910870563
1,INTERMEDIATE,33,relu,64,0.0157217580968554,0.0002301549633024,39,0.1816084770993753,0.1624138428852325
1,INTERMEDIATE,34,relu,64,0.0157217580968554,0.0002301549633024,39,0.1846138330345804,0.1996271444893465
1,INTERMEDIATE,35,relu,64,0.0157217580968554,0.0002301549633024,39,0.1787520399825139,0.1941112880481452
1,INTERMEDIATE,36,relu,64,0.0157217580968554,0.0002301549633024,39,0.1893919435414401,0.1794648157750688
1,INTERMEDIATE,37,relu,64,0.0157217580968554,0.0002301549633024,39,0.2178473963656208,0.1736843484203989
1,INTERMEDIATE,38,relu,64,0.0157217580968554,0.0002301549633024,39,0.1708887852728366,0.164473311566725
1,INTERMEDIATE,39,relu,64,0.0157217580968554,0.0002301549633024,39,0.1676090517165986,0.1609363740355503
1,INTERMEDIATE,40,relu,64,0.0157217580968554,0.0002301549633024,39,0.1764289841733195,0.1582683445658625
1,INTERMEDIATE,41,relu,64,0.0157217580968554,0.0002301549633024,39,0.1886234195394949,0.1539322126929353
1,INTERMEDIATE,42,relu,64,0.0157217580968554,0.0002301549633024,39,0.2606832490048625,0.147299074272557
1,INTERMEDIATE,43,relu,64,0.0157217580968554,0.0002301549633024,39,0.1850441226905042,0.1484800081972669
1,INTERMEDIATE,44,relu,64,0.0157217580968554,0.0002301549633024,39,0.2271367751739242,0.1449705776644916
1,INTERMEDIATE,45,relu,64,0.0157217580968554,0.0002301549633024,39,0.1813561648807742,0.1437317234713857
1,INTERMEDIATE,46,relu,64,0.0157217580968554,0.0002301549633024,39,0.185460438105193,0.1412556215938998
1,INTERMEDIATE,47,relu,64,0.0157217580968554,0.0002301549633024,39,0.175975070588968,0.1390006332317503
1,INTERMEDIATE,48,relu,64,0.0157217580968554,0.0002301549633024,39,0.1771038540384986,0.1410729048273912
1,INTERMEDIATE,49,relu,64,0.0157217580968554,0.0002301549633024,39,0.2782586758786982,0.1460368135353414
1,INTERMEDIATE,50,relu,64,0.0157217580968554,0.0002301549633024,39,0.1718957910144871,0.1415849721468076
1,INTERMEDIATE,51,relu,64,0.0157217580968554,0.0002301549633024,39,0.1812619465318593,0.1369683906981131
1,INTERMEDIATE,52,relu,64,0.0157217580968554,0.0002301549633024,39,0.1694569093259898,0.1335109534060082
1,INTERMEDIATE,53,relu,64,0.0157217580968554,0.0002301549633024,39,0.1789295846088366,0.1319335945314023
1,INTERMEDIATE,54,relu,64,0.0157217580968554,0.0002301549633024,39,0.2614113177088173,0.1371020799184718
1,INTERMEDIATE,55,relu,64,0.0157217580968554,0.0002301549633024,39,0.1689426011659882,0.1341528885702534
1,INTERMEDIATE,56,relu,64,0.0157217580968554,0.0002301549633024,39,0.167267588221214,0.1284561793251735
1,INTERMEDIATE,57,relu,64,0.0157217580968554,0.0002301549633024,39,0.1643857888200066,0.1257750239314102
1,INTERMEDIATE,58,relu,64,0.0157217580968554,0.0002301549633024,39,0.1628952974622899,0.1285565748992489
1,INTERMEDIATE,59,relu,64,0.0157217580968554,0.0002301549633024,39,0.209416277706623,0.1264989578687563
1,INTERMEDIATE,60,relu,64,0.0157217580968554,0.0002301549633024,39,0.1618911674754186,0.1261024161628106
1,INTERMEDIATE,61,relu,64,0.0157217580968554,0.0002301549633024,39,0.2265149422667243,0.1222991225559537
1,INTERMEDIATE,62,relu,64,0.0157217580968554,0.0002301549633024,39,0.1618810167366808,0.1232303793019637
1,INTERMEDIATE,63,relu,64,0.0157217580968554,0.0002301549633024,39,0.1938328810713508,0.1223942791452495
1,INTERMEDIATE,64,relu,64,0.0157217580968554,0.0002301549633024,39,0.1586517302150076,0.1228670132142014
1,INTERMEDIATE,65,relu,64,0.0157217580968554,0.0002301549633024,39,0.15534937212413,0.1258195000359925
1,INTERMEDIATE,66,relu,64,0.0157217580968554,0.0002301549633024,39,0.2675008150664242,0.1181164553343522
1,INTERMEDIATE,67,relu,64,0.0157217580968554,0.0002301549633024,39,0.1546931437809359,0.1179521639899509
1,INTERMEDIATE,68,relu,64,0.0157217580968554,0.0002301549633024,39,0.1511919598349116,0.1236125047250491
1,INTERMEDIATE,69,relu,64,0.0157217580968554,0.0002301549633024,39,0.1835008353333581,0.1292130018516284
1,INTERMEDIATE,70,relu,64,0.0157217580968554,0.0002301549633024,39,0.1495678468861363,0.1292444957283939
1,INTERMEDIATE,71,relu,64,0.0157217580968554,0.0002301549633024,39,0.1552087927067821,0.1200287062220457
1,INTERMEDIATE,72,relu,64,0.0157217580968554,0.0002301549633024,39,0.1402213590388948,0.1184264600004364
1,INTERMEDIATE,73,relu,64,0.0157217580968554,0.0002301549633024,39,0.1406745874238285,0.1171329736073569
1,INTERMEDIATE,74,relu,64,0.0157217580968554,0.0002301549633024,39,0.1514042981646277,0.1131808515183809
1,INTERMEDIATE,75,relu,64,0.0157217580968554,0.0002301549633024,39,0.1520588512278416,0.1164425236695423
1,INTERMEDIATE,76,relu,64,0.0157217580968554,0.0002301549633024,39,0.1384548450058156,0.1101281498445243
1,INTERMEDIATE,77,relu,64,0.0157217580968554,0.0002301549633024,39,0.1447589400817047,0.1124647897100303
1,INTERMEDIATE,78,relu,64,0.0157217580968554,0.0002301549633024,39,0.1363218093121593,0.1133957706028368
1,INTERMEDIATE,79,relu,64,0.0157217580968554,0.0002301549633024,39,0.142093967477029,0.1106142378071459
1,INTERMEDIATE,80,relu,64,0.0157217580968554,0.0002301549633024,39,0.1820802549746903,0.1197972793313788
1,INTERMEDIATE,81,relu,64,0.0157217580968554,0.0002301549633024,39,0.1551790369505232,0.111419559706275
1,INTERMEDIATE,82,relu,64,0.0157217580968554,0.0002301549633024,39,0.153958707709204,0.1121500779125021
1,INTERMEDIATE,83,relu,64,0.0157217580968554,0.0002301549633024,39,0.1368911776014349,0.1103935081784318
1,INTERMEDIATE,84,relu,64,0.0157217580968554,0.0002301549633024,39,0.1700528071007945,0.1114620427805476
1,INTERMEDIATE,85,relu,64,0.0157217580968554,0.0002301549633024,39,0.1374752321703867,0.1079594604216697
1,INTERMEDIATE,86,relu,64,0.0157217580968554,0.0002301549633024,39,0.1390775164419954,0.1066672249083838
1,INTERMEDIATE,87,relu,64,0.0157217580968554,0.0002301549633024,39,0.1822308034382083,0.1076036288698272
1,INTERMEDIATE,88,relu,64,0.0157217580968554,0.0002301549633024,39,0.156965276311067,0.1094285002114569
1,INTERMEDIATE,89,relu,64,0.0157217580968554,0.0002301549633024,39,0.1361644687977704,0.1125168449177247
1,INTERMEDIATE,90,relu,64,0.0157217580968554,0.0002301549633024,39,0.1995056291872805,0.1067233773448118
1,INTERMEDIATE,91,relu,64,0.0157217580968554,0.0002301549633024,39,0.1363344348289749,0.1082179339193716
1,INTERMEDIATE,92,relu,64,0.0157217580968554,0.0002301549633024,39,0.1471969271078705,0.1024014180662428
1,INTERMEDIATE,93,relu,64,0.0157217580968554,0.0002301549633024,39,0.1505970634858716,0.1054910527678524
1,INTERMEDIATE,94,relu,64,0.0157217580968554,0.0002301549633024,39,0.1472743865610523,0.1061550187537583
1,INTERMEDIATE,95,relu,64,0.0157217580968554,0.0002301549633024,39,0.1347199456596916,0.0980941699590624
1,INTERMEDIATE,96,relu,64,0.0157217580968554,0.0002301549633024,39,0.145045239393684,0.1006971215602101
1,INTERMEDIATE,97,relu,64,0.0157217580968554,0.0002301549633024,39,0.1367430314421653,0.0944058602993808
1,INTERMEDIATE,98,relu,64,0.0157217580968554,0.0002301549633024,39,0.1374548043717037,0.099307965896115
1,INTERMEDIATE,99,relu,64,0.0157217580968554,0.0002301549633024,39,0.2299369973215189,0.0982939141189179
1,INTERMEDIATE,100,relu,64,0.0157217580968554,0.0002301549633024,39,0.1299772557209838,0.0986118899067727
1,INTERMEDIATE,101,relu,64,0.0157217580968554,0.0002301549633024,39,0.1504249109632589,0.0961800504748414
1,INTERMEDIATE,102,relu,64,0.0157217580968554,0.0002301549633024,39,0.138516531241211,0.1076355222612619
1,INTERMEDIATE,103,relu,64,0.0157217580968554,0.0002301549633024,39,0.1381491981870071,0.098926696154039
1,INTERMEDIATE,104,relu,64,0.0157217580968554,0.0002301549633024,39,0.1598001515323465,0.1069766825019586
1,INTERMEDIATE,105,relu,64,0.0157217580968554,0.0002301549633024,39,0.1698316564275459,0.1041558758787265
1,INTERMEDIATE,106,relu,64,0.0157217580968554,0.0002301549633024,39,0.1451037698848681,0.1011324966462647
1,INTERMEDIATE,107,relu,64,0.0157217580968554,0.0002301549633024,39,0.1454079406843944,0.0915278832132859
1,INTERMEDIATE,108,relu,64,0.0157217580968554,0.0002301549633024,39,0.2092855669219385,0.1147887563650928
1,INTERMEDIATE,109,relu,64,0.0157217580968554,0.0002301549633024,39,0.1319646401838823,0.1028149829859413
1,INTERMEDIATE,110,relu,64,0.0157217580968554,0.0002301549633024,39,0.12748569089242,0.0913768513582465
1,INTERMEDIATE,111,relu,64,0.0157217580968554,0.0002301549633024,39,0.1317943577569994,0.1004692355579719
1,INTERMEDIATE,112,relu,64,0.0157217580968554,0.0002301549633024,39,0.1215769360265271,0.0991384179853811
1,INTERMEDIATE,113,relu,64,0.0157217580968554,0.0002301549633024,39,0.1901843896643682,0.0962407639840754
1,INTERMEDIATE,114,relu,64,0.0157217580968554,0.0002301549633024,39,0.1357493546198714,0.0918824718583647
1,INTERMEDIATE,115,relu,64,0.0157217580968554,0.0002301549633024,39,0.1383137386292219,0.0942254691589169
1,INTERMEDIATE,116,relu,64,0.0157217580968554,0.0002301549633024,39,0.1331972911615263,0.0976198878729852
1,INTERMEDIATE,117,relu,64,0.0157217580968554,0.0002301549633024,39,0.1959829360077327,0.1030358272809081
1,INTERMEDIATE,118,relu,64,0.0157217580968554,0.0002301549633024,39,0.1336286820640618,0.1119622996576675
1,INTERMEDIATE,119,relu,64,0.0157217580968554,0.0002301549633024,39,0.1440077791498466,0.1007398389643285
1,INTERMEDIATE,120,relu,64,0.0157217580968554,0.0002301549633024,39,0.1280339008027857,0.0994440104539801
1,INTERMEDIATE,121,relu,64,0.0157217580968554,0.0002301549633024,39,0.1349585259502584,0.0930257162942392
1,INTERMEDIATE,122,relu,64,0.0157217580968554,0.0002301549633024,39,0.1530512043020942,0.1105315590322744
1,INTERMEDIATE,123,relu,64,0.0157217580968554,0.0002301549633024,39,0.1361482244154269,0.1101654884291858
1,INTERMEDIATE,124,relu,64,0.0157217580968554,0.0002301549633024,39,0.1377974829043854,0.0966197104624858
1,INTERMEDIATE,125,relu,64,0.0157217580968554,0.0002301549633024,39,0.1385540119795636,0.093817984957884
1,INTERMEDIATE,126,relu,64,0.0157217580968554,0.0002301549633024,39,0.1371613634242252,0.0914466083958381
1,INTERMEDIATE,127,relu,64,0.0157217580968554,0.0002301549633024,39,0.1370979113165628,0.0902200891613596
1,INTERMEDIATE,128,relu,64,0.0157217580968554,0.0002301549633024,39,0.1828746880319985,0.0913159071763114
1,INTERMEDIATE,129,relu,64,0.0157217580968554,0.0002301549633024,39,0.1393515404567799,0.1016630157374027
1,INTERMEDIATE,130,relu,64,0.0157217580968554,0.0002301549633024,39,0.1372462741353295,0.0938074460661992
1,INTERMEDIATE,131,relu,64,0.0157217580968554,0.0002301549633024,39,0.1359614808197048,0.0910857277808756
1,INTERMEDIATE,132,relu,64,0.0157217580968554,0.0002301549633024,39,0.1413848297670483,0.0884755920028177
1,INTERMEDIATE,133,relu,64,0.0157217580968554,0.0002301549633024,39,0.1982940807938575,0.086758385662262
1,INTERMEDIATE,134,relu,64,0.0157217580968554,0.0002301549633024,39,0.139995808459141,0.0894535796762239
1,INTERMEDIATE,135,relu,64,0.0157217580968554,0.0002301549633024,39,0.1911618350581689,0.087954656096039
1,INTERMEDIATE,136,relu,64,0.0157217580968554,0.0002301549633024,39,0.1328607516109266,0.0888120716710279
1,INTERMEDIATE,137,relu,64,0.0157217580968554,0.0002301549633024,39,0.1655065171759236,0.089226518598635
1,INTERMEDIATE,138,relu,64,0.0157217580968554,0.0002301549633024,39,0.1313444008542732,0.0873588515082147
1,INTERMEDIATE,139,relu,64,0.0157217580968554,0.0002301549633024,39,0.1486924646252935,0.0866284432434817
1,INTERMEDIATE,140,relu,64,0.0157217580968554,0.0002301549633024,39,0.1358190386302092,0.0862864051468488
1,INTERMEDIATE,141,relu,64,0.0157217580968554,0.0002301549633024,39,0.1364408860152418,0.0869081849913771
1,INTERMEDIATE,142,relu,64,0.0157217580968554,0.0002301549633024,39,0.1509005122564055,0.0875119005625204
1,INTERMEDIATE,143,relu,64,0.0157217580968554,0.0002301549633024,39,0.1456040408123623,0.0858112174290709
1,INTERMEDIATE,144,relu,64,0.0157217580968554,0.0002301549633024,39,0.1991721154613928,0.0874963319837683
1,INTERMEDIATE,145,relu,64,0.0157217580968554,0.0002301549633024,39,0.2400124951858412,0.0890675054908525
1,INTERMEDIATE,146,relu,64,0.0157217580968554,0.0002301549633024,39,0.1629450768232345,0.0902287128449576
1,INTERMEDIATE,147,relu,64,0.0157217580968554,0.0002301549633024,39,0.1854180458255789,0.0987943417233664
1,INTERMEDIATE,148,relu,64,0.0157217580968554,0.0002301549633024,39,0.1532397680831226,0.0893010946399555
1,INTERMEDIATE,149,relu,64,0.0157217580968554,0.0002301549633024,39,0.1487204811789772,0.0860661664159923
1,COMPLETED,149,relu,64,0.0157217580968554,0.0002301549633024,39,0.1215769360265271,0.0991384179853811
2,INTERMEDIATE,0,relu,32,0.0319520297574283,0.0001146841818427,34,1.582519423393976,1.5992797024456071
2,INTERMEDIATE,1,relu,32,0.0319520297574283,0.0001146841818427,34,1.5486254010881697,1.572841266055166
2,INTERMEDIATE,2,relu,32,0.0319520297574283,0.0001146841818427,34,1.454931139945984,1.5202077332838082
2,INTERMEDIATE,3,relu,32,0.0319520297574283,0.0001146841818427,34,1.200161740893409,1.3552431633443007
2,INTERMEDIATE,4,relu,32,0.0319520297574283,0.0001146841818427,34,0.9194696630750384,1.0746277320532152
2,INTERMEDIATE,5,relu,32,0.0319520297574283,0.0001146841818427,34,0.7272263623419262,0.8409428964426489
2,INTERMEDIATE,6,relu,32,0.0319520297574283,0.0001146841818427,34,0.5899835214728401,0.6770430795940352
2,INTERMEDIATE,7,relu,32,0.0319520297574283,0.0001146841818427,34,0.5216904750892094,0.5757363243603412
2,INTERMEDIATE,8,relu,32,0.0319520297574283,0.0001146841818427,34,0.4748254915078481,0.5011799331800437
2,INTERMEDIATE,9,relu,32,0.0319520297574283,0.0001146841818427,34,0.4255050960041228,0.4579058480851444
2,INTERMEDIATE,10,relu,32,0.0319520297574283,0.0001146841818427,34,0.3829293690976642,0.4102170680776054
2,INTERMEDIATE,11,relu,32,0.0319520297574283,0.0001146841818427,34,0.3545313371079309,0.3825322625077801
2,INTERMEDIATE,12,relu,32,0.0319520297574283,0.0001146841818427,34,0.3214967002471288,0.3468801027830736
2,INTERMEDIATE,13,relu,32,0.0319520297574283,0.0001146841818427,34,0.3036106860353833,0.3152124070458942
2,INTERMEDIATE,14,relu,32,0.0319520297574283,0.0001146841818427,34,0.2867754115944817,0.2911735581762997
2,INTERMEDIATE,15,relu,32,0.0319520297574283,0.0001146841818427,34,0.2813904810519445,0.2800178099193691
2,INTERMEDIATE,16,relu,32,0.0319520297574283,0.0001146841818427,34,0.2606898684586797,0.2648341764270523
2,INTERMEDIATE,17,relu,32,0.0319520297574283,0.0001146841818427,34,0.2547138319129035,0.2524394781133275
2,INTERMEDIATE,18,relu,32,0.0319520297574283,0.0001146841818427,34,0.2443561454614003,0.2409365834829248
2,INTERMEDIATE,19,relu,32,0.0319520297574283,0.0001146841818427,34,0.2417037228033656,0.2262596189975738
2,INTERMEDIATE,20,relu,32,0.0319520297574283,0.0001146841818427,34,0.2375551050617581,0.2190626914854403
2,INTERMEDIATE,21,relu,32,0.0319520297574283,0.0001146841818427,34,0.2221101515349887,0.2185028439134727
2,INTERMEDIATE,22,relu,32,0.0319520297574283,0.0001146841818427,34,0.231662581896498,0.2084362571254188
2,INTERMEDIATE,23,relu,32,0.0319520297574283,0.0001146841818427,34,0.2546021164882751,0.2084050113220273
2,INTERMEDIATE,24,relu,32,0.0319520297574283,0.0001146841818427,34,0.2311428929013865,0.2042834299765987
2,INTERMEDIATE,25,relu,32,0.0319520297574283,0.0001146841818427,34,0.2400115884485699,0.1956015177255059
2,INTERMEDIATE,26,relu,32,0.0319520297574283,0.0001146841818427,34,0.2203514079252878,0.1896586734571574
2,INTERMEDIATE,27,relu,32,0.0319520297574283,0.0001146841818427,34,0.2041496590134643,0.1995166018145319
2,INTERMEDIATE,28,relu,32,0.0319520297574283,0.0001146841818427,34,0.1971058160776183,0.183730823436269
2,INTERMEDIATE,29,relu,32,0.0319520297574283,0.0001146841818427,34,0.2092533086736997,0.1801407591060355
2,INTERMEDIATE,30,relu,32,0.0319520297574283,0.0001146841818427,34,0.1996243643973554,0.173399889220794
2,INTERMEDIATE,31,relu,32,0.0319520297574283,0.0001146841818427,34,0.1910625809714907,0.1706100762074376
2,INTERMEDIATE,32,relu,32,0.0319520297574283,0.0001146841818427,34,0.310337983071804,0.1795645085749802
2,INTERMEDIATE,33,relu,32,0.0319520297574283,0.0001146841818427,34,0.2039335863221259,0.1860999618599444
2,INTERMEDIATE,34,relu,32,0.0319520297574283,0.0001146841818427,34,0.2367159211564631,0.1720835401412145
2,INTERMEDIATE,35,relu,32,0.0319520297574283,0.0001146841818427,34,0.1763432983841215,0.1738374650846293
2,INTERMEDIATE,36,relu,32,0.0319520297574283,0.0001146841818427,34,0.1911022586836701,0.1710799568689164
2,INTERMEDIATE,37,relu,32,0.0319520297574283,0.0001146841818427,34,0.1974991096981934,0.1743900622298688
2,INTERMEDIATE,38,relu,32,0.0319520297574283,0.0001146841818427,34,0.1827632382157303,0.1754491272623892
2,INTERMEDIATE,39,relu,32,0.0319520297574283,0.0001146841818427,34,0.1799308682481447,0.1724176979451268
2,INTERMEDIATE,40,relu,32,0.0319520297574283,0.0001146841818427,34,0.1852428127257596,0.1687299209980317
2,INTERMEDIATE,41,relu,32,0.0319520297574283,0.0001146841818427,34,0.1970053552871658,0.1753621815163412
2,INTERMEDIATE,42,relu,32,0.0319520297574283,0.0001146841818427,34,0.1895289435273125,0.1560908254281974
2,INTERMEDIATE,43,relu,32,0.0319520297574283,0.0001146841818427,34,0.180035976426942,0.1567453095850385
2,INTERMEDIATE,44,relu,32,0.0319520297574283,0.0001146841818427,34,0.1789844500876608,0.1655733726320811
2,INTERMEDIATE,45,relu,32,0.0319520297574283,0.0001146841818427,34,0.1788538461994557,0.1568946147360551
2,INTERMEDIATE,46,relu,32,0.0319520297574283,0.0001146841818427,34,0.2071401359779494,0.1774468819760246
2,INTERMEDIATE,47,relu,32,0.0319520297574283,0.0001146841818427,34,0.2113383038945141,0.1587164694972244
2,INTERMEDIATE,48,relu,32,0.0319520297574283,0.0001146841818427,34,0.3626188669531118,0.2136288161079088
2,INTERMEDIATE,49,relu,32,0.0319520297574283,0.0001146841818427,34,0.2587695015328271,0.2470455055619463
2,INTERMEDIATE,50,relu,32,0.0319520297574283,0.0001146841818427,34,0.2253643284950937,0.1958244250696382
2,INTERMEDIATE,51,relu,32,0.0319520297574283,0.0001146841818427,34,0.21815728032518,0.173874920119106
2,INTERMEDIATE,52,relu,32,0.0319520297574283,0.0001146841818427,34,0.2071080342644737,0.1690466037411012
2,INTERMEDIATE,53,relu,32,0.0319520297574283,0.0001146841818427,34,0.1993731281587056,0.1632046713321297
2,INTERMEDIATE,54,relu,32,0.0319520297574283,0.0001146841818427,34,0.2025781078707604,0.1575273989619296
2,INTERMEDIATE,55,relu,32,0.0319520297574283,0.0001146841818427,34,0.1961504139360927,0.1531951120238245
2,INTERMEDIATE,56,relu,32,0.0319520297574283,0.0001146841818427,34,0.2036030253484135,0.1471988957053349
2,INTERMEDIATE,57,relu,32,0.0319520297574283,0.0001146841818427,34,0.1896064416283653,0.145495615646611
2,INTERMEDIATE,58,relu,32,0.0319520297574283,0.0001146841818427,34,0.1978920338054498,0.1451014665035921
2,INTERMEDIATE,59,relu,32,0.0319520297574283,0.0001146841818427,34,0.1960337092833859,0.1409199755454873
2,INTERMEDIATE,60,relu,32,0.0319520297574283,0.0001146841818427,34,0.2210612948983907,0.1383485478107576
2,INTERMEDIATE,61,relu,32,0.0319520297574283,0.0001146841818427,34,0.1970979491514819,0.1392279278578949
2,INTERMEDIATE,62,relu,32,0.0319520297574283,0.0001146841818427,34,0.2039801437585126,0.1447814634000813
2,INTERMEDIATE,63,relu,32,0.0319520297574283,0.0001146841818427,34,0.2363067299482368,0.1383565983700531
2,INTERMEDIATE,64,relu,32,0.0319520297574283,0.0001146841818427,34,0.2032351367885158,0.1399572037942247
2,INTERMEDIATE,65,relu,32,0.0319520297574283,0.0001146841818427,34,0.2004097920975514,0.1330596768515713
2,INTERMEDIATE,66,relu,32,0.0319520297574283,0.0001146841818427,34,0.2223038400212923,0.1380083808606421
2,INTERMEDIATE,67,relu,32,0.0319520297574283,0.0001146841818427,34,0.1909440330096653,0.1372882489252973
2,INTERMEDIATE,68,relu,32,0.0319520297574283,0.0001146841818427,34,0.177946834869328,0.1344851732001076
2,INTERMEDIATE,69,relu,32,0.0319520297574283,0.0001146841818427,34,0.1878027884910504,0.1341434027309771
2,INTERMEDIATE,70,relu,32,0.0319520297574283,0.0001146841818427,34,0.1797306434739203,0.1323000049149548
2,INTERMEDIATE,71,relu,32,0.0319520297574283,0.0001146841818427,34,0.1894225950042406,0.1331923730027528
2,INTERMEDIATE,72,relu,32,0.0319520297574283,0.0001146841818427,34,0.1770826146183979,0.1289436696212232
2,INTERMEDIATE,73,relu,32,0.0319520297574283,0.0001146841818427,34,0.185722704267218,0.1323294793428094
2,INTERMEDIATE,74,relu,32,0.0319520297574283,0.0001146841818427,34,0.1853023136832884,0.1276737128004983
2,INTERMEDIATE,75,relu,32,0.0319520297574283,0.0001146841818427,34,0.1897842563866149,0.1286373353896685
2,COMPLETED,75,relu,32,0.0319520297574283,0.0001146841818427,34,0.1763432983841215,0.1738374650846293
3,INTERMEDIATE,0,relu,32,0.0903772070323539,0.0009092174852548,55,0.5470681289831797,1.137521180473728
3,INTERMEDIATE,1,relu,32,0.0903772070323539,0.0009092174852548,55,0.2794311174324581,0.3853110091553794
3,INTERMEDIATE,2,relu,32,0.0903772070323539,0.0009092174852548,55,0.3525049622569765,0.2423212347023281
3,INTERMEDIATE,3,relu,32,0.0903772070323539,0.0009092174852548,55,0.2225250094419434,0.2461383201549818
3,INTERMEDIATE,4,relu,32,0.0903772070323539,0.0009092174852548,55,0.1652775101718448,0.1878859850543516
3,INTERMEDIATE,5,relu,32,0.0903772070323539,0.0009092174852548,55,0.288012387851874,0.190935587303506
3,INTERMEDIATE,6,relu,32,0.0903772070323539,0.0009092174852548,55,0.1635369316098235,0.2114863426045135
3,INTERMEDIATE,7,relu,32,0.0903772070323539,0.0009092174852548,55,0.1503137715515636,0.1598926595653649
3,INTERMEDIATE,8,relu,32,0.0903772070323539,0.0009092174852548,55,0.155952938344507,0.1730178662196353
3,INTERMEDIATE,9,relu,32,0.0903772070323539,0.0009092174852548,55,0.1691060633886428,0.1537638105636025
3,INTERMEDIATE,10,relu,32,0.0903772070323539,0.0009092174852548,55,0.1427571840052093,0.1494992670407633
3,INTERMEDIATE,11,relu,32,0.0903772070323539,0.0009092174852548,55,0.1462727977583805,0.1336446590031738
3,INTERMEDIATE,12,relu,32,0.0903772070323539,0.0009092174852548,55,0.1456667126289435,0.1351522410081492
3,INTERMEDIATE,13,relu,32,0.0903772070323539,0.0009092174852548,55,0.1381750921053545,0.1267603210598966
3,INTERMEDIATE,14,relu,32,0.0903772070323539,0.0009092174852548,55,0.3079230334787142,0.1964075818979813
3,INTERMEDIATE,15,relu,32,0.0903772070323539,0.0009092174852548,55,0.212628890893289,0.2083132696556456
3,INTERMEDIATE,16,relu,32,0.0903772070323539,0.0009092174852548,55,0.1707155097808156,0.1742002535611391
3,INTERMEDIATE,17,relu,32,0.0903772070323539,0.0009092174852548,55,0.1381842260736794,0.1362415603649469
3,INTERMEDIATE,18,relu,32,0.0903772070323539,0.0009092174852548,55,0.1780158467590809,0.1376763786660668
3,INTERMEDIATE,19,relu,32,0.0903772070323539,0.0009092174852548,55,0.1943222430667706,0.1418817759617979
3,INTERMEDIATE,20,relu,32,0.0903772070323539,0.0009092174852548,55,0.123237532341764,0.1174632058490389
3,INTERMEDIATE,21,relu,32,0.0903772070323539,0.0009092174852548,55,0.1316008881798812,0.11456262094923
3,INTERMEDIATE,22,relu,32,0.0903772070323539,0.0009092174852548,55,0.1218718423375061,0.0986908261468749
3,INTERMEDIATE,23,relu,32,0.0903772070323539,0.0009092174852548,55,0.1133548044821336,0.0971772304540615
3,INTERMEDIATE,24,relu,32,0.0903772070323539,0.0009092174852548,55,0.113464303713824,0.0935983177688386
3,INTERMEDIATE,25,relu,32,0.0903772070323539,0.0009092174852548,55,0.1224084880779541,0.091503082199689
3,INTERMEDIATE,26,relu,32,0.0903772070323539,0.0009092174852548,55,0.1076832750723475,0.0976601423304757
3,INTERMEDIATE,27,relu,32,0.0903772070323539,0.0009092174852548,55,0.1271861076266283,0.0993617816287794
3,INTERMEDIATE,28,relu,32,0.0903772070323539,0.0009092174852548,55,0.1198097557893821,0.1000204674301692
3,INTERMEDIATE,29,relu,32,0.0903772070323539,0.0009092174852548,55,0.1562514128606943,0.0927448457474877
3,INTERMEDIATE,30,relu,32,0.0903772070323539,0.0009092174852548,55,0.1609635876402968,0.0876003717198784
3,INTERMEDIATE,31,relu,32,0.0903772070323539,0.0009092174852548,55,0.1145003760189172,0.0828884573664838
3,INTERMEDIATE,32,relu,32,0.0903772070323539,0.0009092174852548,55,0.1745951789032135,0.0985228695136345
3,INTERMEDIATE,33,relu,32,0.0903772070323539,0.0009092174852548,55,0.1133179577688376,0.0982512031555359
3,INTERMEDIATE,34,relu,32,0.0903772070323539,0.0009092174852548,55,0.1515630034818536,0.0872820029840057
3,INTERMEDIATE,35,relu,32,0.0903772070323539,0.0009092174852548,55,0.1245893770828843,0.0898466561288561
3,INTERMEDIATE,36,relu,32,0.0903772070323539,0.0009092174852548,55,0.1325614638626575,0.0989211035007036
3,INTERMEDIATE,37,relu,32,0.0903772070323539,0.0009092174852548,55,0.1411140135799845,0.0955857694103026
3,INTERMEDIATE,38,relu,32,0.0903772070323539,0.0009092174852548,55,0.1459783524984405,0.0856777678853199
3,INTERMEDIATE,39,relu,32,0.0903772070323539,0.0009092174852548,55,0.1479086718477663,0.1478736345299784
3,INTERMEDIATE,40,relu,32,0.0903772070323539,0.0009092174852548,55,0.1602147246400515,0.0976758675166854
3,INTERMEDIATE,41,relu,32,0.0903772070323539,0.0009092174852548,55,0.1596320308523164,0.1015469354036965
3,INTERMEDIATE,42,relu,32,0.0903772070323539,0.0009092174852548,55,0.1124771246686577,0.1045171769197892
3,INTERMEDIATE,43,relu,32,0.0903772070323539,0.0009092174852548,55,0.1324893247690938,0.0752747788864337
3,INTERMEDIATE,44,relu,32,0.0903772070323539,0.0009092174852548,55,0.1155622640979432,0.0811009054060703
3,INTERMEDIATE,45,relu,32,0.0903772070323539,0.0009092174852548,55,0.1348158720259865,0.0738090363181667
3,INTERMEDIATE,46,relu,32,0.0903772070323539,0.0009092174852548,55,0.1701386821944089,0.1314422532939064
3,INTERMEDIATE,47,relu,32,0.0903772070323539,0.0009092174852548,55,0.154919101479685,0.1163430121025921
3,INTERMEDIATE,48,relu,32,0.0903772070323539,0.0009092174852548,55,0.1546648691984869,0.1066050456008977
3,INTERMEDIATE,49,relu,32,0.0903772070323539,0.0009092174852548,55,0.1443789866531179,0.1729470207183449
3,INTERMEDIATE,50,relu,32,0.0903772070323539,0.0009092174852548,55,0.1295558801364331,0.0893687725550046
3,INTERMEDIATE,51,relu,32,0.0903772070323539,0.0009092174852548,55,0.1497622826801879,0.0933204832153371
3,INTERMEDIATE,52,relu,32,0.0903772070323539,0.0009092174852548,55,0.1303376980746785,0.0823418413645323
3,INTERMEDIATE,53,relu,32,0.0903772070323539,0.0009092174852548,55,0.1339445698208042,0.0747675980372285
3,INTERMEDIATE,54,relu,32,0.0903772070323539,0.0009092174852548,55,0.1364940158534972,0.0675052388881643
3,INTERMEDIATE,55,relu,32,0.0903772070323539,0.0009092174852548,55,0.1355742457367125,0.0719152169854
3,INTERMEDIATE,56,relu,32,0.0903772070323539,0.0009092174852548,55,0.1279064686525435,0.0574642776045948
3,INTERMEDIATE,57,relu,32,0.0903772070323539,0.0009092174852548,55,0.1405236469138236,0.0638210652108637
3,INTERMEDIATE,58,relu,32,0.0903772070323539,0.0009092174852548,55,0.159677593547496,0.0531484316747037
3,INTERMEDIATE,59,relu,32,0.0903772070323539,0.0009092174852548,55,0.1386041945356521,0.05468938384711
3,INTERMEDIATE,60,relu,32,0.0903772070323539,0.0009092174852548,55,0.1575441798306114,0.0547751182011892
3,INTERMEDIATE,61,relu,32,0.0903772070323539,0.0009092174852548,55,0.1422935869943882,0.0472030146881064
3,INTERMEDIATE,62,relu,32,0.0903772070323539,0.0009092174852548,55,0.1256006006151437,0.0434842349466994
3,INTERMEDIATE,63,relu,32,0.0903772070323539,0.0009092174852548,55,0.1118372164533606,0.053650243492383
3,INTERMEDIATE,64,relu,32,0.0903772070323539,0.0009092174852548,55,0.1353531674249097,0.044831646732802
3,INTERMEDIATE,65,relu,32,0.0903772070323539,0.0009092174852548,55,0.1562375920669486,0.0471840411924791
3,INTERMEDIATE,66,relu,32,0.0903772070323539,0.0009092174852548,55,0.1271419158992579,0.0405541222260828
3,COMPLETED,66,relu,32,0.0903772070323539,0.0009092174852548,55,0.1076832750723475,0.0976601423304757
4,INTERMEDIATE,0,relu,64,0.1300594677527197,0.0001072419349817,60,1.588598749854348,1.6001340441587495
4,INTERMEDIATE,1,relu,64,0.1300594677527197,0.0001072419349817,60,1.5632576183839275,1.576228109801688
4,INTERMEDIATE,2,relu,64,0.1300594677527197,0.0001072419349817,60,1.5139583240855825,1.5405034379261295
4,INTERMEDIATE,3,relu,64,0.1300594677527197,0.0001072419349817,60,1.3980897014791316,1.468399004238408
4,INTERMEDIATE,4,relu,64,0.1300594677527197,0.0001072419349817,60,1.066200153394179,1.2679723326752823
4,INTERMEDIATE,5,relu,64,0.1300594677527197,0.0001072419349817,60,0.8637985641306097,0.9512555104930226
4,INTERMEDIATE,6,relu,64,0.1300594677527197,0.0001072419349817,60,0.7062543115832589,0.78919351391676
4,INTERMEDIATE,7,relu,64,0.1300594677527197,0.0001072419349817,60,0.617885101925243,0.6938792670645365
4,INTERMEDIATE,8,relu,64,0.1300594677527197,0.0001072419349817,60,0.5916182398796082,0.611118915604382
4,INTERMEDIATE,9,relu,64,0.1300594677527197,0.0001072419349817,60,0.5162919841029427,0.557315641786994
4,INTERMEDIATE,10,relu,64,0.1300594677527197,0.0001072419349817,60,0.4822205738587813,0.5049343756059321
4,INTERMEDIATE,11,relu,64,0.1300594677527197,0.0001072419349817,60,0.4354983649470589,0.4598340421188168
4,INTERMEDIATE,12,relu,64,0.1300594677527197,0.0001072419349817,60,0.404358446598053,0.4365676532431347
4,INTERMEDIATE,13,relu,64,0.1300594677527197,0.0001072419349817,60,0.3879144625230269,0.4082994388370979
4,INTERMEDIATE,14,relu,64,0.1300594677527197,0.0001072419349817,60,0.3650980618867007,0.3791536034607305
4,INTERMEDIATE,15,relu,64,0.1300594677527197,0.0001072419349817,60,0.421853863380172,0.3534237553433674
4,INTERMEDIATE,16,relu,64,0.1300594677527197,0.0001072419349817,60,0.3468942303549159,0.3395749617640565
4,INTERMEDIATE,17,relu,64,0.1300594677527197,0.0001072419349817,60,0.356356685811823,0.3267809519680535
4,INTERMEDIATE,18,relu,64,0.1300594677527197,0.0001072419349817,60,0.3370292064818469,0.3105806141364865
4,INTERMEDIATE,19,relu,64,0.1300594677527197,0.0001072419349817,60,0.3120397586714137,0.3031158992430059
4,INTERMEDIATE,20,relu,64,0.1300594677527197,0.0001072419349817,60,0.2984053343534469,0.2907476257987139
4,INTERMEDIATE,21,relu,64,0.1300594677527197,0.0001072419349817,60,0.3093754743987864,0.2816597848403744
4,INTERMEDIATE,22,relu,64,0.1300594677527197,0.0001072419349817,60,0.2821883816610683,0.2790874533536958
4,INTERMEDIATE,23,relu,64,0.1300594677527197,0.0001072419349817,60,0.282398372888565,0.2648569327302095
4,INTERMEDIATE,24,relu,64,0.1300594677527197,0.0001072419349817,60,0.2650877765633843,0.2588196614893471
4,INTERMEDIATE,25,relu,64,0.1300594677527197,0.0001072419349817,60,0.2680455188859593,0.2441873826631685
4,INTERMEDIATE,26,relu,64,0.1300594677527197,0.0001072419349817,60,0.2761419449340213,0.2457910828837534
4,INTERMEDIATE,27,relu,64,0.1300594677527197,0.0001072419349817,60,0.2518356388265436,0.2369541711196666
4,INTERMEDIATE,28,relu,64,0.1300594677527197,0.0001072419349817,60,0.245001265948469,0.235407297022459
4,INTERMEDIATE,29,relu,64,0.1300594677527197,0.0001072419349817,60,0.2509423785588958,0.2325311055997523
4,INTERMEDIATE,30,relu,64,0.1300594677527197,0.0001072419349817,60,0.2424623011188073,0.2243240668279368
4,INTERMEDIATE,31,relu,64,0.1300594677527197,0.0001072419349817,60,0.2379937348040667,0.2195123788423654
4,INTERMEDIATE,32,relu,64,0.1300594677527197,0.0001072419349817,60,0.2403071258555759,0.2148539302189175
4,INTERMEDIATE,33,relu,64,0.1300594677527197,0.0001072419349817,60,0.2207813235846432,0.2157494805571509
4,INTERMEDIATE,34,relu,64,0.1300594677527197,0.0001072419349817,60,0.2171316580338911,0.2260188218660471
4,INTERMEDIATE,35,relu,64,0.1300594677527197,0.0001072419349817,60,0.2160407426682385,0.2163267188319345
4,INTERMEDIATE,36,relu,64,0.1300594677527197,0.0001072419349817,60,0.254721539941701,0.224712275332067
4,INTERMEDIATE,37,relu,64,0.1300594677527197,0.0001072419349817,60,0.2168833816593343,0.2149527354574785
4,INTERMEDIATE,38,relu,64,0.1300594677527197,0.0001072419349817,60,0.217665134505792,0.2066227155851154
4,INTERMEDIATE,39,relu,64,0.1300594677527197,0.0001072419349817,60,0.2223574464971369,0.2017155351435265
4,INTERMEDIATE,40,relu,64,0.1300594677527197,0.0001072419349817,60,0.218995600938797,0.2000522608073746
4,INTERMEDIATE,41,relu,64,0.1300594677527197,0.0001072419349817,60,0.2058824578469449,0.1935002242283123
4,INTERMEDIATE,42,relu,64,0.1300594677527197,0.0001072419349817,60,0.3032947114922784,0.2510516499055595
4,INTERMEDIATE,43,relu,64,0.1300594677527197,0.0001072419349817,60,0.2291301610794934,0.2548664533873884
4,INTERMEDIATE,44,relu,64,0.1300594677527197,0.0001072419349817,60,0.2247339886697855,0.2147483471326711
4,INTERMEDIATE,45,relu,64,0.1300594677527197,0.0001072419349817,60,0.2041076929731802,0.1860311816378337
4,INTERMEDIATE,46,relu,64,0.1300594677527197,0.0001072419349817,60,0.2569041658531535,0.1809875856085521
4,INTERMEDIATE,47,relu,64,0.1300594677527197,0.0001072419349817,60,0.1967551945285363,0.1782487238325723
4,INTERMEDIATE,48,relu,64,0.1300594677527197,0.0001072419349817,60,0.2153435363010926,0.1886919844986462
4,INTERMEDIATE,49,relu,64,0.1300594677527197,0.0001072419349817,60,0.3267037204720757,0.1858323226432974
4,INTERMEDIATE,50,relu,64,0.1300594677527197,0.0001072419349817,60,0.2556462927975438,0.192251253782249
4,INTERMEDIATE,51,relu,64,0.1300594677527197,0.0001072419349817,60,0.2056660767305981,0.1788976687665392
4,INTERMEDIATE,52,relu,64,0.1300594677527197,0.0001072419349817,60,0.1850923922928896,0.1758026520653468
4,INTERMEDIATE,53,relu,64,0.1300594677527197,0.0001072419349817,60,0.1858284795148806,0.1695815889937121
4,INTERMEDIATE,54,relu,64,0.1300594677527197,0.0001072419349817,60,0.189885295250199,0.1659930577365363
4,INTERMEDIATE,55,relu,64,0.1300594677527197,0.0001072419349817,60,0.1966320811347528,0.1667855999818662
4,INTERMEDIATE,56,relu,64,0.1300594677527197,0.0001072419349817,60,0.1800130954520269,0.1642269200486381
4,INTERMEDIATE,57,relu,64,0.1300594677527197,0.0001072419349817,60,0.1777036330578002,0.1677682341598882
4,INTERMEDIATE,58,relu,64,0.1300594677527197,0.0001072419349817,60,0.1795208972286094,0.1604071731065831
4,INTERMEDIATE,59,relu,64,0.1300594677527197,0.0001072419349817,60,0.1806035888465968,0.1651168750008431
4,INTERMEDIATE,60,relu,64,0.1300594677527197,0.0001072419349817,60,0.2051949020136486,0.1589397709907555
4,INTERMEDIATE,61,relu,64,0.1300594677527197,0.0001072419349817,60,0.1743719625202092,0.1538199718769003
4,INTERMEDIATE,62,relu,64,0.1300594677527197,0.0001072419349817,60,0.2495728087696162,0.1724331958628282
4,INTERMEDIATE,63,relu,64,0.1300594677527197,0.0001072419349817,60,0.2410091490230777,0.182639761941462
4,INTERMEDIATE,64,relu,64,0.1300594677527197,0.0001072419349817,60,0.1678009265187111,0.1563552387240456
4,INTERMEDIATE,65,relu,64,0.1300594677527197,0.0001072419349817,60,0.1858746612613851,0.1654909972737475
4,INTERMEDIATE,66,relu,64,0.1300594677527197,0.0001072419349817,60,0.1772347234866836,0.1632138780522637
4,INTERMEDIATE,67,relu,64,0.1300594677527197,0.0001072419349817,60,0.1632069007239558,0.1589396068054001
4,INTERMEDIATE,68,relu,64,0.1300594677527197,0.0001072419349817,60,0.1849955577741969,0.1580998348753626
4,INTERMEDIATE,69,relu,64,0.1300594677527197,0.0001072419349817,60,0.1762794618579474,0.1770785421859927
4,INTERMEDIATE,70,relu,64,0.1300594677527197,0.0001072419349817,60,0.1698124874383211,0.1610306295134672
4,INTERMEDIATE,71,relu,64,0.1300594677527197,0.0001072419349817,60,0.1980721794746139,0.1615610672842438
4,INTERMEDIATE,72,relu,64,0.1300594677527197,0.0001072419349817,60,0.175544086843729,0.1629589176396044
4,INTERMEDIATE,73,relu,64,0.1300594677527197,0.0001072419349817,60,0.1682229064066301,0.1640829015068891
4,INTERMEDIATE,74,relu,64,0.1300594677527197,0.0001072419349817,60,0.187054919925603,0.1585861329988735
4,INTERMEDIATE,75,relu,64,0.1300594677527197,0.0001072419349817,60,0.16585858437148,0.1525550658201299
4,INTERMEDIATE,76,relu,64,0.1300594677527197,0.0001072419349817,60,0.1627835448492657,0.150600655231534
4,INTERMEDIATE,77,relu,64,0.1300594677527197,0.0001072419349817,60,0.1698322509500113,0.1523916724978423
4,INTERMEDIATE,78,relu,64,0.1300594677527197,0.0001072419349817,60,0.1682670438154177,0.1558485053843114
4,INTERMEDIATE,79,relu,64,0.1300594677527197,0.0001072419349817,60,0.1595155098898844,0.1451881610129664
4,INTERMEDIATE,80,relu,64,0.1300594677527197,0.0001072419349817,60,0.1610765406353907,0.1552565833780823
4,INTERMEDIATE,81,relu,64,0.1300594677527197,0.0001072419349817,60,0.1668109909038652,0.1494254428075581
4,INTERMEDIATE,82,relu,64,0.1300594677527197,0.0001072419349817,60,0.1675490923225879,0.1471153622175135
4,INTERMEDIATE,83,relu,64,0.1300594677527197,0.0001072419349817,60,0.1567257168618115,0.1500971295484682
4,INTERMEDIATE,84,relu,64,0.1300594677527197,0.0001072419349817,60,0.1486853811551224,0.1462160953116126
4,INTERMEDIATE,85,relu,64,0.1300594677527197,0.0001072419349817,60,0.1570310358974066,0.1491185727461082
4,INTERMEDIATE,86,relu,64,0.1300594677527197,0.0001072419349817,60,0.155901041728529,0.1423175834664484
4,INTERMEDIATE,87,relu,64,0.1300594677527197,0.0001072419349817,60,0.2190894575958902,0.1444017780808414
4,INTERMEDIATE,88,relu,64,0.1300594677527197,0.0001072419349817,60,0.1581184579567476,0.1486655123895261
4,INTERMEDIATE,89,relu,64,0.1300594677527197,0.0001072419349817,60,0.1445983478968793,0.1400553545937305
4,INTERMEDIATE,90,relu,64,0.1300594677527197,0.0001072419349817,60,0.1608263376084241,0.13917613892657
4,INTERMEDIATE,91,relu,64,0.1300594677527197,0.0001072419349817,60,0.1541144915602424,0.1343048484541657
4,INTERMEDIATE,92,relu,64,0.1300594677527197,0.0001072419349817,60,0.1825387010520154,0.138893550125564
4,INTERMEDIATE,93,relu,64,0.1300594677527197,0.0001072419349817,60,0.1564883853901516,0.1374923360147854
4,INTERMEDIATE,94,relu,64,0.1300594677527197,0.0001072419349817,60,0.1306058998135003,0.1327064649724378
4,INTERMEDIATE,95,relu,64,0.1300594677527197,0.0001072419349817,60,0.1399071971801194,0.1315246619193292
4,INTERMEDIATE,96,relu,64,0.1300594677527197,0.0001072419349817,60,0.1348986778069626,0.1335772200510269
4,INTERMEDIATE,97,relu,64,0.1300594677527197,0.0001072419349817,60,0.2158214498988606,0.1354846135236141
4,INTERMEDIATE,98,relu,64,0.1300594677527197,0.0001072419349817,60,0.1880660737780007,0.1308679269036141
4,INTERMEDIATE,99,relu,64,0.1300594677527197,0.0001072419349817,60,0.1951971336013891,0.1333360110477703
4,INTERMEDIATE,100,relu,64,0.1300594677527197,0.0001072419349817,60,0.1374057914045724,0.1431792731873872
4,INTERMEDIATE,101,relu,64,0.1300594677527197,0.0001072419349817,60,0.1317364478653127,0.1344330406225309
4,INTERMEDIATE,102,relu,64,0.1300594677527197,0.0001072419349817,60,0.1418153873898766,0.1396181848717899
4,INTERMEDIATE,103,relu,64,0.1300594677527197,0.0001072419349817,60,0.1436781012876467,0.1289323784592675
4,INTERMEDIATE,104,relu,64,0.1300594677527197,0.0001072419349817,60,0.1895133168859915,0.1318873491865105
4,INTERMEDIATE,105,relu,64,0.1300594677527197,0.0001072419349817,60,0.1375936389985409,0.1247884979607855
4,INTERMEDIATE,106,relu,64,0.1300594677527197,0.0001072419349817,60,0.1966002864593809,0.1246023655119465
4,INTERMEDIATE,107,relu,64,0.1300594677527197,0.0001072419349817,60,0.1526538937945257,0.127733924130841
4,INTERMEDIATE,108,relu,64,0.1300594677527197,0.0001072419349817,60,0.1500046966089443,0.1300117571542902
4,INTERMEDIATE,109,relu,64,0.1300594677527197,0.0001072419349817,60,0.1371608544141054,0.1243101150796907
4,INTERMEDIATE,110,relu,64,0.1300594677527197,0.0001072419349817,60,0.1358477192168886,0.1217678998846833
4,INTERMEDIATE,111,relu,64,0.1300594677527197,0.0001072419349817,60,0.145174064758149,0.1259950401670322
4,INTERMEDIATE,112,relu,64,0.1300594677527197,0.0001072419349817,60,0.1337098623202605,0.1213061389308877
4,INTERMEDIATE,113,relu,64,0.1300594677527197,0.0001072419349817,60,0.1254427749663591,0.1268242567595912
4,INTERMEDIATE,114,relu,64,0.1300594677527197,0.0001072419349817,60,0.1612023643471977,0.119424628139269
4,INTERMEDIATE,115,relu,64,0.1300594677527197,0.0001072419349817,60,0.1474731154739856,0.121227399423355
4,INTERMEDIATE,116,relu,64,0.1300594677527197,0.0001072419349817,60,0.1409009546041488,0.1148911773613313
4,INTERMEDIATE,117,relu,64,0.1300594677527197,0.0001072419349817,60,0.1206449108536947,0.1204972493848422
4,INTERMEDIATE,118,relu,64,0.1300594677527197,0.0001072419349817,60,0.1338674192401495,0.1162123676026012
4,INTERMEDIATE,119,relu,64,0.1300594677527197,0.0001072419349817,60,0.1351604502309452,0.1212964539938583
4,INTERMEDIATE,120,relu,64,0.1300594677527197,0.0001072419349817,60,0.1385610882531512,0.1175225167194517
4,INTERMEDIATE,121,relu,64,0.1300594677527197,0.0001072419349817,60,0.1297503328797492,0.1174200499294007
4,INTERMEDIATE,122,relu,64,0.1300594677527197,0.0001072419349817,60,0.1380981910465793,0.1134551194746319
4,INTERMEDIATE,123,relu,64,0.1300594677527197,0.0001072419349817,60,0.1688890059224584,0.1113710010015383
4,INTERMEDIATE,124,relu,64,0.1300594677527197,0.0001072419349817,60,0.1858603094111789,0.115209021582836
4,INTERMEDIATE,125,relu,64,0.1300594677527197,0.0001072419349817,60,0.1193495025350288,0.1156225687165449
4,INTERMEDIATE,126,relu,64,0.1300594677527197,0.0001072419349817,60,0.1267951909791339,0.1117263081960561
4,INTERMEDIATE,127,relu,64,0.1300594677527197,0.0001072419349817,60,0.1265579708428545,0.1138039259467183
4,INTERMEDIATE,128,relu,64,0.1300594677527197,0.0001072419349817,60,0.1390670861371538,0.1120065839097994
4,INTERMEDIATE,129,relu,64,0.1300594677527197,0.0001072419349817,60,0.1764042384245178,0.1285518782622203
4,INTERMEDIATE,130,relu,64,0.1300594677527197,0.0001072419349817,60,0.1491835529661991,0.1364427961681674
4,INTERMEDIATE,131,relu,64,0.1300594677527197,0.0001072419349817,60,0.1519754808396101,0.1335149162517088
4,INTERMEDIATE,132,relu,64,0.1300594677527197,0.0001072419349817,60,0.2013475610451265,0.1334005140858452
4,INTERMEDIATE,133,relu,64,0.1300594677527197,0.0001072419349817,60,0.1886009387671947,0.1296661446643311
4,INTERMEDIATE,134,relu,64,0.1300594677527197,0.0001072419349817,60,0.140731795606288,0.1219525817872547
4,INTERMEDIATE,135,relu,64,0.1300594677527197,0.0001072419349817,60,0.1371874213218689,0.1236968567458594
4,INTERMEDIATE,136,relu,64,0.1300594677527197,0.0001072419349817,60,0.1489858534187078,0.1366590818889984
4,INTERMEDIATE,137,relu,64,0.1300594677527197,0.0001072419349817,60,0.1424654618074948,0.1175486400905178
4,INTERMEDIATE,138,relu,64,0.1300594677527197,0.0001072419349817,60,0.2008834792809053,0.1283559193153207
4,INTERMEDIATE,139,relu,64,0.1300594677527197,0.0001072419349817,60,0.1483843760056929,0.1175707100277266
4,INTERMEDIATE,140,relu,64,0.1300594677527197,0.0001072419349817,60,0.1301350631666454,0.112616372544591
4,INTERMEDIATE,141,relu,64,0.1300594677527197,0.0001072419349817,60,0.1333936812694777,0.1126253414989971
4,INTERMEDIATE,142,relu,64,0.1300594677527197,0.0001072419349817,60,0.1793993095105344,0.1139127225047204
4,INTERMEDIATE,143,relu,64,0.1300594677527197,0.0001072419349817,60,0.1560091278092427,0.1107557757598597
4,INTERMEDIATE,144,relu,64,0.1300594677527197,0.0001072419349817,60,0.1361833492463285,0.1076510451370623
4,INTERMEDIATE,145,relu,64,0.1300594677527197,0.0001072419349817,60,0.1371543305841359,0.1161384379445779
4,INTERMEDIATE,146,relu,64,0.1300594677527197,0.0001072419349817,60,0.1272140118208798,0.1164973214632127
4,INTERMEDIATE,147,relu,64,0.1300594677527197,0.0001072419349817,60,0.1235581897199153,0.1099092909021348
4,INTERMEDIATE,148,relu,64,0.1300594677527197,0.0001072419349817,60,0.1455200656571171,0.111585295100401
4,INTERMEDIATE,149,relu,64,0.1300594677527197,0.0001072419349817,60,0.1247898783873428,0.1071525189298682
4,COMPLETED,149,relu,64,0.1300594677527197,0.0001072419349817,60,0.1193495025350288,0.1156225687165449
5,INTERMEDIATE,0,elu,16,0.0967281396755309,0.0006050698240919,40,0.4976996383289011,1.0456118169758055
5,INTERMEDIATE,1,elu,16,0.0967281396755309,0.0006050698240919,40,0.3367072378353374,0.347155862522346
5,INTERMEDIATE,2,elu,16,0.0967281396755309,0.0006050698240919,40,0.223970782466051,0.2298526997551506
5,INTERMEDIATE,3,elu,16,0.0967281396755309,0.0006050698240919,40,0.2651632416811658,0.2086329111990369
5,INTERMEDIATE,4,elu,16,0.0967281396755309,0.0006050698240919,40,0.382579818731401,0.2048037256010704
5,INTERMEDIATE,5,elu,16,0.0967281396755309,0.0006050698240919,40,0.1909277318272648,0.1837728196226152
5,INTERMEDIATE,6,elu,16,0.0967281396755309,0.0006050698240919,40,0.2037833015911462,0.1666504873399749
5,INTERMEDIATE,7,elu,16,0.0967281396755309,0.0006050698240919,40,0.1764503487999119,0.162308970776697
5,INTERMEDIATE,8,elu,16,0.0967281396755309,0.0006050698240919,40,0.4097949201013984,0.1918649778206959
5,INTERMEDIATE,9,elu,16,0.0967281396755309,0.0006050698240919,40,0.220638878552652,0.2309196174351705
5,INTERMEDIATE,10,elu,16,0.0967281396755309,0.0006050698240919,40,0.1824120765597355,0.158425080773915
5,INTERMEDIATE,11,elu,16,0.0967281396755309,0.0006050698240919,40,0.1829060967557313,0.1606666933584176
5,INTERMEDIATE,12,elu,16,0.0967281396755309,0.0006050698240919,40,0.1556305726081496,0.1407211038318497
5,INTERMEDIATE,13,elu,16,0.0967281396755309,0.0006050698240919,40,0.1787376136678021,0.135655027595751
5,INTERMEDIATE,14,elu,16,0.0967281396755309,0.0006050698240919,40,0.1615697114569385,0.1259444720157778
5,INTERMEDIATE,15,elu,16,0.0967281396755309,0.0006050698240919,40,0.1396302062813647,0.1246459991441188
5,INTERMEDIATE,16,elu,16,0.0967281396755309,0.0006050698240919,40,0.1572395295995037,0.1209856670430321
5,INTERMEDIATE,17,elu,16,0.0967281396755309,0.0006050698240919,40,0.1404913593106335,0.1244288791936856
5,INTERMEDIATE,18,elu,16,0.0967281396755309,0.0006050698240919,40,0.1990057927579051,0.1133883895846888
5,INTERMEDIATE,19,elu,16,0.0967281396755309,0.0006050698240919,40,0.1481193800161524,0.1115083069638291
5,INTERMEDIATE,20,elu,16,0.0967281396755309,0.0006050698240919,40,0.1458269227750417,0.1181528113960622
5,INTERMEDIATE,21,elu,16,0.0967281396755309,0.0006050698240919,40,0.1504541262529972,0.1097316456682704
5,INTERMEDIATE,22,elu,16,0.0967281396755309,0.0006050698240919,40,0.1714302726180815,0.1081681061639553
5,INTERMEDIATE,23,elu,16,0.0967281396755309,0.0006050698240919,40,0.1483306755289072,0.1009624466518469
5,INTERMEDIATE,24,elu,16,0.0967281396755309,0.0006050698240919,40,0.1719642701990357,0.1076801109133449
5,INTERMEDIATE,25,elu,16,0.0967281396755309,0.0006050698240919,40,0.1514299264541123,0.1054056899630706
5,INTERMEDIATE,26,elu,16,0.0967281396755309,0.0006050698240919,40,0.1724557999362487,0.1027855689890314
5,INTERMEDIATE,27,elu,16,0.0967281396755309,0.0006050698240919,40,0.1651896639477189,0.1031745768491362
5,INTERMEDIATE,28,elu,16,0.0967281396755309,0.0006050698240919,40,0.1444462863728404,0.1031014834887083
5,INTERMEDIATE,29,elu,16,0.0967281396755309,0.0006050698240919,40,0.1569565625168474,0.0935159345979537
5,INTERMEDIATE,30,elu,16,0.0967281396755309,0.0006050698240919,40,0.1341297746090809,0.0874311647832071
5,INTERMEDIATE,31,elu,16,0.0967281396755309,0.0006050698240919,40,0.141193542890705,0.1012683786138501
5,INTERMEDIATE,32,elu,16,0.0967281396755309,0.0006050698240919,40,0.1531353201717138,0.0935860553693118
5,INTERMEDIATE,33,elu,16,0.0967281396755309,0.0006050698240919,40,0.1653948392401018,0.1050562192829624
5,INTERMEDIATE,34,elu,16,0.0967281396755309,0.0006050698240919,40,0.2366516413167119,0.0762094811573739
5,INTERMEDIATE,35,elu,16,0.0967281396755309,0.0006050698240919,40,0.1741553797079931,0.1265397553567855
5,INTERMEDIATE,36,elu,16,0.0967281396755309,0.0006050698240919,40,0.1628954588867179,0.0844815585066644
5,INTERMEDIATE,37,elu,16,0.0967281396755309,0.0006050698240919,40,0.1762081516179733,0.0785705130144861
5,INTERMEDIATE,38,elu,16,0.0967281396755309,0.0006050698240919,40,0.1539941756793002,0.0735460178621895
5,INTERMEDIATE,39,elu,16,0.0967281396755309,0.0006050698240919,40,0.1588408059508698,0.0744764778811921
5,INTERMEDIATE,40,elu,16,0.0967281396755309,0.0006050698240919,40,0.1648814018770325,0.0808819922400109
5,INTERMEDIATE,41,elu,16,0.0967281396755309,0.0006050698240919,40,0.1507750873783285,0.0668909235751072
5,INTERMEDIATE,42,elu,16,0.0967281396755309,0.0006050698240919,40,0.1528369673959365,0.0658724553290938
5,INTERMEDIATE,43,elu,16,0.0967281396755309,0.0006050698240919,40,0.1661239152762857,0.070928208281309
5,INTERMEDIATE,44,elu,16,0.0967281396755309,0.0006050698240919,40,0.1425403634756349,0.064656079881882
5,INTERMEDIATE,45,elu,16,0.0967281396755309,0.0006050698240919,40,0.1458614018643502,0.0639007819283259
5,INTERMEDIATE,46,elu,16,0.0967281396755309,0.0006050698240919,40,0.2548462172697593,0.097932503969742
5,INTERMEDIATE,47,elu,16,0.0967281396755309,0.0006050698240919,40,0.147856010635179,0.1212560235965353
5,INTERMEDIATE,48,elu,16,0.0967281396755309,0.0006050698240919,40,0.1735577506507269,0.087370078044909
5,INTERMEDIATE,49,elu,16,0.0967281396755309,0.0006050698240919,40,0.1679512728630315,0.0674182362064006
5,INTERMEDIATE,50,elu,16,0.0967281396755309,0.0006050698240919,40,0.1722234728428103,0.0616449550107512
5,INTERMEDIATE,51,elu,16,0.0967281396755309,0.0006050698240919,40,0.1626791501099743,0.0568747157769933
5,INTERMEDIATE,52,elu,16,0.0967281396755309,0.0006050698240919,40,0.1625768380103315,0.0577446308553241
5,INTERMEDIATE,53,elu,16,0.0967281396755309,0.0006050698240919,40,0.1537607233409156,0.0806614235618416
5,INTERMEDIATE,54,elu,16,0.0967281396755309,0.0006050698240919,40,0.1591085372606246,0.0618204338760632
5,INTERMEDIATE,55,elu,16,0.0967281396755309,0.0006050698240919,40,0.1693920758780001,0.059510386204002
5,INTERMEDIATE,56,elu,16,0.0967281396755309,0.0006050698240919,40,0.1918739487116066,0.0522512714802517
5,INTERMEDIATE,57,elu,16,0.0967281396755309,0.0006050698240919,40,0.1606926733412121,0.0580993197789346
5,INTERMEDIATE,58,elu,16,0.0967281396755309,0.0006050698240919,40,0.1898492525172669,0.0511439508919454
5,INTERMEDIATE,59,elu,16,0.0967281396755309,0.0006050698240919,40,0.1598688634737144,0.0514303098258815
5,INTERMEDIATE,60,elu,16,0.0967281396755309,0.0006050698240919,40,0.1499248036444641,0.0463213551549505
5,INTERMEDIATE,61,elu,16,0.0967281396755309,0.0006050698240919,40,0.1538877209943787,0.0568368437184009
5,INTERMEDIATE,62,elu,16,0.0967281396755309,0.0006050698240919,40,0.1448914561216242,0.0538504253562689
5,INTERMEDIATE,63,elu,16,0.0967281396755309,0.0006050698240919,40,0.1606896567646777,0.0619635576271613
5,INTERMEDIATE,64,elu,16,0.0967281396755309,0.0006050698240919,40,0.1764971625241564,0.0576883884718825
5,INTERMEDIATE,65,elu,16,0.0967281396755309,0.0006050698240919,40,0.1713370010128994,0.0453585029103977
5,INTERMEDIATE,66,elu,16,0.0967281396755309,0.0006050698240919,40,0.1696762993517218,0.0459060340169041
5,INTERMEDIATE,67,elu,16,0.0967281396755309,0.0006050698240919,40,0.193122775617578,0.0463800185656801
5,INTERMEDIATE,68,elu,16,0.0967281396755309,0.0006050698240919,40,0.1788111836195173,0.0435838267227985
5,INTERMEDIATE,69,elu,16,0.0967281396755309,0.0006050698240919,40,0.1841401049509508,0.0382152105348161
5,INTERMEDIATE,70,elu,16,0.0967281396755309,0.0006050698240919,40,0.2032112259752821,0.0551337359058469
5,COMPLETED,70,elu,16,0.0967281396755309,0.0006050698240919,40,0.1341297746090809,0.0874311647832071
6,INTERMEDIATE,0,elu,64,0.065589088370751,0.0001096950230048,60,1.5658171610398726,1.58462251395714
6,INTERMEDIATE,1,elu,64,0.065589088370751,0.0001096950230048,60,1.5174321911551736,1.551598583779684
6,INTERMEDIATE,2,elu,64,0.065589088370751,0.0001096950230048,60,1.4641998247666792,1.5027490505358068
6,INTERMEDIATE,3,elu,64,0.065589088370751,0.0001096950230048,60,1.2779935815117576,1.3988017105474704
6,INTERMEDIATE,4,elu,64,0.065589088370751,0.0001096950230048,60,0.9904414361173456,1.1537877510233625
6,INTERMEDIATE,5,elu,64,0.065589088370751,0.0001096950230048,60,0.8263937289064581,0.922411866304351
6,INTERMEDIATE,6,elu,64,0.065589088370751,0.0001096950230048,60,0.6728260788050565,0.7553208135977024
6,INTERMEDIATE,7,elu,64,0.065589088370751,0.0001096950230048,60,0.6483032649213617,0.6293807836567483
6,INTERMEDIATE,8,elu,64,0.065589088370751,0.0001096950230048,60,0.5146256929094141,0.5655794463506559
6,INTERMEDIATE,9,elu,64,0.065589088370751,0.0001096950230048,60,0.4697312197901986,0.5036128563124959
6,INTERMEDIATE,10,elu,64,0.065589088370751,0.0001096950230048,60,0.4136311899531971,0.4411270429448383
6,INTERMEDIATE,11,elu,64,0.065589088370751,0.0001096950230048,60,0.3813415169715881,0.4055080181214867
6,INTERMEDIATE,12,elu,64,0.065589088370751,0.0001096950230048,60,0.3485590490427884,0.3738682862462067
6,INTERMEDIATE,13,elu,64,0.065589088370751,0.0001096950230048,60,0.3329790884798223,0.3446714369262137
6,INTERMEDIATE,14,elu,64,0.065589088370751,0.0001096950230048,60,0.3487775041298432,0.3191053478456125
6,INTERMEDIATE,15,elu,64,0.065589088370751,0.0001096950230048,60,0.3028644167564132,0.3086197837823775
6,INTERMEDIATE,16,elu,64,0.065589088370751,0.0001096950230048,60,0.2985288649797439,0.3005509649108095
6,INTERMEDIATE,17,elu,64,0.065589088370751,0.0001096950230048,60,0.2912375168366866,0.2868807900969575
6,INTERMEDIATE,18,elu,64,0.065589088370751,0.0001096950230048,60,0.281529731371186,0.2720987295232168
6,INTERMEDIATE,19,elu,64,0.065589088370751,0.0001096950230048,60,0.269612311639569,0.2613246729824601
6,INTERMEDIATE,20,elu,64,0.065589088370751,0.0001096950230048,60,0.29409029267051,0.2645568153480204
6,INTERMEDIATE,21,elu,64,0.065589088370751,0.0001096950230048,60,0.2755210873755542,0.2570272873087627
6,INTERMEDIATE,22,elu,64,0.065589088370751,0.0001096950230048,60,0.2538326043974269,0.2472365218691709
6,INTERMEDIATE,23,elu,64,0.065589088370751,0.0001096950230048,60,0.2709711790084839,0.2375847431944637
6,INTERMEDIATE,24,elu,64,0.065589088370751,0.0001096950230048,60,0.2740776525302367,0.2329531704507223
6,INTERMEDIATE,25,elu,64,0.065589088370751,0.0001096950230048,60,0.3641107299111106,0.2268820161499628
6,INTERMEDIATE,26,elu,64,0.065589088370751,0.0001096950230048,60,0.2334965101697228,0.231708506440244
6,INTERMEDIATE,27,elu,64,0.065589088370751,0.0001096950230048,60,0.2367440421472896,0.2233777551389322
6,INTERMEDIATE,28,elu,64,0.065589088370751,0.0001096950230048,60,0.2267453907565637,0.2265309049952321
6,INTERMEDIATE,29,elu,64,0.065589088370751,0.0001096950230048,60,0.2278216636993668,0.2229470049099224
6,INTERMEDIATE,30,elu,64,0.065589088370751,0.0001096950230048,60,0.2235610180280425,0.2143812579352681
6,INTERMEDIATE,31,elu,64,0.065589088370751,0.0001096950230048,60,0.2174871245568448,0.2163159042233374
6,INTERMEDIATE,32,elu,64,0.065589088370751,0.0001096950230048,60,0.2287839176979932,0.2090173478170139
6,INTERMEDIATE,33,elu,64,0.065589088370751,0.0001096950230048,60,0.213995471258055,0.2108851087892927
6,INTERMEDIATE,34,elu,64,0.065589088370751,0.0001096950230048,60,0.2225321409377184,0.2176456478674237
6,INTERMEDIATE,35,elu,64,0.065589088370751,0.0001096950230048,60,0.296245354143056,0.201771123652778
6,INTERMEDIATE,36,elu,64,0.065589088370751,0.0001096950230048,60,0.216988249935887,0.2132190097032523
6,INTERMEDIATE,37,elu,64,0.065589088370751,0.0001096950230048,60,0.2200209146196192,0.2055452409677389
6,INTERMEDIATE,38,elu,64,0.065589088370751,0.0001096950230048,60,0.203652945431796,0.1940871285410915
6,INTERMEDIATE,39,elu,64,0.065589088370751,0.0001096950230048,60,0.1980362553149461,0.1928949147099402
6,INTERMEDIATE,40,elu,64,0.065589088370751,0.0001096950230048,60,0.2479496259580959,0.1841112621492002
6,INTERMEDIATE,41,elu,64,0.065589088370751,0.0001096950230048,60,0.1916778091002594,0.1888325650517533
6,INTERMEDIATE,42,elu,64,0.065589088370751,0.0001096950230048,60,0.2101760506629943,0.1775325423151981
6,INTERMEDIATE,43,elu,64,0.065589088370751,0.0001096950230048,60,0.1866359189152717,0.1728237248593714
6,INTERMEDIATE,44,elu,64,0.065589088370751,0.0001096950230048,60,0.1865523437207395,0.1777307134030795
6,INTERMEDIATE,45,elu,64,0.065589088370751,0.0001096950230048,60,0.1800001835958524,0.1753936798834219
6,INTERMEDIATE,46,elu,64,0.065589088370751,0.0001096950230048,60,0.1894885091619058,0.1703587023586761
6,INTERMEDIATE,47,elu,64,0.065589088370751,0.0001096950230048,60,0.1753884371031414,0.1671142733496863
6,INTERMEDIATE,48,elu,64,0.065589088370751,0.0001096950230048,60,0.1986877074973149,0.1695152888210808
6,INTERMEDIATE,49,elu,64,0.065589088370751,0.0001096950230048,60,0.1695026931437579,0.1656013798968094
6,INTERMEDIATE,50,elu,64,0.065589088370751,0.0001096950230048,60,0.1641700823198665,0.1551648799966021
6,INTERMEDIATE,51,elu,64,0.065589088370751,0.0001096950230048,60,0.1707993085411462,0.1595212195250319
6,INTERMEDIATE,52,elu,64,0.065589088370751,0.0001096950230048,60,0.1606701761484146,0.1602419439430643
6,INTERMEDIATE,53,elu,64,0.065589088370751,0.0001096950230048,60,0.1627561260353435,0.1508178085815615
6,INTERMEDIATE,54,elu,64,0.065589088370751,0.0001096950230048,60,0.1547026884826746,0.1493387121434618
6,INTERMEDIATE,55,elu,64,0.065589088370751,0.0001096950230048,60,0.1637083156542344,0.1453022223601981
6,INTERMEDIATE,56,elu,64,0.065589088370751,0.0001096950230048,60,0.1422244191847064,0.150454730794924
6,INTERMEDIATE,57,elu,64,0.065589088370751,0.0001096950230048,60,0.1423925044523044,0.1369957909351442
6,INTERMEDIATE,58,elu,64,0.065589088370751,0.0001096950230048,60,0.1473056623204187,0.1381236241176361
6,INTERMEDIATE,59,elu,64,0.065589088370751,0.0001096950230048,60,0.1355592200363224,0.1430295851626774
6,INTERMEDIATE,60,elu,64,0.065589088370751,0.0001096950230048,60,0.135942011394284,0.1505655132052375
6,INTERMEDIATE,61,elu,64,0.065589088370751,0.0001096950230048,60,0.1473114258525046,0.1427440526100193
6,INTERMEDIATE,62,elu,64,0.065589088370751,0.0001096950230048,60,0.1349506288428198,0.1419007073996997
6,INTERMEDIATE,63,elu,64,0.065589088370751,0.0001096950230048,60,0.1295363095334985,0.1352244558312544
6,INTERMEDIATE,64,elu,64,0.065589088370751,0.0001096950230048,60,0.1314386163245547,0.1349487666767544
6,INTERMEDIATE,65,elu,64,0.065589088370751,0.0001096950230048,60,0.1299980604513124,0.132179423258072
6,INTERMEDIATE,66,elu,64,0.065589088370751,0.0001096950230048,60,0.169294874607162,0.1290313286207071
6,INTERMEDIATE,67,elu,64,0.065589088370751,0.0001096950230048,60,0.1292316283692013,0.1391736401199567
6,INTERMEDIATE,68,elu,64,0.065589088370751,0.0001096950230048,60,0.1314640485427596,0.1356537352974821
6,INTERMEDIATE,69,elu,64,0.065589088370751,0.0001096950230048,60,0.1310763399709354,0.1323022867848233
6,INTERMEDIATE,70,elu,64,0.065589088370751,0.0001096950230048,60,0.1725964359939098,0.1358467799770396
6,INTERMEDIATE,71,elu,64,0.065589088370751,0.0001096950230048,60,0.1227051310918547,0.1296641394586825
6,INTERMEDIATE,72,elu,64,0.065589088370751,0.0001096950230048,60,0.1507183577526699,0.1298326603704836
6,INTERMEDIATE,73,elu,64,0.065589088370751,0.0001096950230048,60,0.1393069696019996,0.1294399632095563
6,INTERMEDIATE,74,elu,64,0.065589088370751,0.0001096950230048,60,0.1204984315078366,0.1309433644410313
6,INTERMEDIATE,75,elu,64,0.065589088370751,0.0001096950230048,60,0.1225683948194438,0.1241033286219689
6,INTERMEDIATE,76,elu,64,0.065589088370751,0.0001096950230048,60,0.1267555960538712,0.1214496028586858
6,INTERMEDIATE,77,elu,64,0.065589088370751,0.0001096950230048,60,0.1148235186595808,0.1203308422118425
6,INTERMEDIATE,78,elu,64,0.065589088370751,0.0001096950230048,60,0.1690520386804234,0.1173682757994023
6,INTERMEDIATE,79,elu,64,0.065589088370751,0.0001096950230048,60,0.1154384635050188,0.1196867644150809
6,INTERMEDIATE,80,elu,64,0.065589088370751,0.0001096950230048,60,0.1394415843215855,0.1268034362484042
6,INTERMEDIATE,81,elu,64,0.065589088370751,0.0001096950230048,60,0.1250426962294361,0.127456429028293
6,INTERMEDIATE,82,elu,64,0.065589088370751,0.0001096950230048,60,0.1229187400842254,0.123523089762141
6,INTERMEDIATE,83,elu,64,0.065589088370751,0.0001096950230048,60,0.123726721514355,0.1184278630265375
6,INTERMEDIATE,84,elu,64,0.065589088370751,0.0001096950230048,60,0.131323348053477,0.1245407751511509
6,INTERMEDIATE,85,elu,64,0.065589088370751,0.0001096950230048,60,0.1205497363751584,0.117534467677881
6,INTERMEDIATE,86,elu,64,0.065589088370751,0.0001096950230048,60,0.1231402607465332,0.123509207740426
6,INTERMEDIATE,87,elu,64,0.065589088370751,0.0001096950230048,60,0.1196748932654207,0.1292137027059386
6,INTERMEDIATE,88,elu,64,0.065589088370751,0.0001096950230048,60,0.1241356280039657,0.1209342954907475
6,INTERMEDIATE,89,elu,64,0.065589088370751,0.0001096950230048,60,0.1227826364338398,0.1187658274500835
6,INTERMEDIATE,90,elu,64,0.065589088370751,0.0001096950230048,60,0.1183673759753053,0.1201670854920294
6,INTERMEDIATE,91,elu,64,0.065589088370751,0.0001096950230048,60,0.1183530471541664,0.1201226909349604
6,INTERMEDIATE,92,elu,64,0.065589088370751,0.0001096950230048,60,0.1205486106601628,0.1214408430657008
6,INTERMEDIATE,93,elu,64,0.065589088370751,0.0001096950230048,60,0.1229784590276804,0.1244493011930366
6,INTERMEDIATE,94,elu,64,0.065589088370751,0.0001096950230048,60,0.1144166929139332,0.114180746965292
6,INTERMEDIATE,95,elu,64,0.065589088370751,0.0001096950230048,60,0.1092454113743521,0.1144340851957478
6,INTERMEDIATE,96,elu,64,0.065589088370751,0.0001096950230048,60,0.1202563773840665,0.1141636089489954
6,INTERMEDIATE,97,elu,64,0.065589088370751,0.0001096950230048,60,0.1180937518789009,0.1259232882137705
6,INTERMEDIATE,98,elu,64,0.065589088370751,0.0001096950230048,60,0.1195346784185279,0.1258837339899889
6,INTERMEDIATE,99,elu,64,0.065589088370751,0.0001096950230048,60,0.1250760626386512,0.1153696593260619
6,INTERMEDIATE,100,elu,64,0.065589088370751,0.0001096950230048,60,0.1538730929182334,0.116166867906364
6,INTERMEDIATE,101,elu,64,0.065589088370751,0.0001096950230048,60,0.1126382008872248,0.1121691008802594
6,INTERMEDIATE,102,elu,64,0.065589088370751,0.0001096950230048,60,0.1167004210027781,0.1109335746888707
6,INTERMEDIATE,103,elu,64,0.065589088370751,0.0001096950230048,60,0.1063089253888888,0.1070607719806636
6,INTERMEDIATE,104,elu,64,0.065589088370751,0.0001096950230048,60,0.1127193729308518,0.1062893877033053
6,INTERMEDIATE,105,elu,64,0.065589088370751,0.0001096950230048,60,0.1196303179656917,0.1103281599083324
6,INTERMEDIATE,106,elu,64,0.065589088370751,0.0001096950230048,60,0.1110718866640871,0.1166706387771338
6,INTERMEDIATE,107,elu,64,0.065589088370751,0.0001096950230048,60,0.1031746573068878,0.111927550831219
6,INTERMEDIATE,108,elu,64,0.065589088370751,0.0001096950230048,60,0.1249900954690846,0.1120134527090846
6,INTERMEDIATE,109,elu,64,0.065589088370751,0.0001096950230048,60,0.126295040954243,0.1343099208684956
6,INTERMEDIATE,110,elu,64,0.065589088370751,0.0001096950230048,60,0.1858546520498666,0.1585566912118981
6,INTERMEDIATE,111,elu,64,0.065589088370751,0.0001096950230048,60,0.1902612549337473,0.1509384337540079
6,INTERMEDIATE,112,elu,64,0.065589088370751,0.0001096950230048,60,0.1967763663692907,0.1461407638541082
6,INTERMEDIATE,113,elu,64,0.065589088370751,0.0001096950230048,60,0.1337260343134403,0.1427065777342493
6,INTERMEDIATE,114,elu,64,0.065589088370751,0.0001096950230048,60,0.1245959240265868,0.1348210318786342
6,INTERMEDIATE,115,elu,64,0.065589088370751,0.0001096950230048,60,0.1227408600124445,0.1332869538355891
6,INTERMEDIATE,116,elu,64,0.065589088370751,0.0001096950230048,60,0.1303370483219623,0.1303726394274612
6,INTERMEDIATE,117,elu,64,0.065589088370751,0.0001096950230048,60,0.1175218388776887,0.1386711972697479
6,INTERMEDIATE,118,elu,64,0.065589088370751,0.0001096950230048,60,0.1290830411016941,0.1213094036026698
6,INTERMEDIATE,119,elu,64,0.065589088370751,0.0001096950230048,60,0.1123895887285471,0.1208714732854831
6,INTERMEDIATE,120,elu,64,0.065589088370751,0.0001096950230048,60,0.1086885754696347,0.1166279562635392
6,INTERMEDIATE,121,elu,64,0.065589088370751,0.0001096950230048,60,0.1621297645297917,0.1142096499480852
6,INTERMEDIATE,122,elu,64,0.065589088370751,0.0001096950230048,60,0.1063314851542765,0.1140209086148477
6,INTERMEDIATE,123,elu,64,0.065589088370751,0.0001096950230048,60,0.144098000600934,0.1183609988812993
6,INTERMEDIATE,124,elu,64,0.065589088370751,0.0001096950230048,60,0.123340139334852,0.1238418864767725
6,INTERMEDIATE,125,elu,64,0.065589088370751,0.0001096950230048,60,0.1143341299823739,0.1185718442245227
6,INTERMEDIATE,126,elu,64,0.065589088370751,0.0001096950230048,60,0.1543552523309534,0.1119971646041405
6,INTERMEDIATE,127,elu,64,0.065589088370751,0.0001096950230048,60,0.1197538799182935,0.1274987798093295
6,INTERMEDIATE,128,elu,64,0.065589088370751,0.0001096950230048,60,0.1006221439350735,0.1232667668472703
6,INTERMEDIATE,129,elu,64,0.065589088370751,0.0001096950230048,60,0.1020220836455171,0.1053885522230369
6,INTERMEDIATE,130,elu,64,0.065589088370751,0.0001096950230048,60,0.099752985110337,0.1106734314433685
6,INTERMEDIATE,131,elu,64,0.065589088370751,0.0001096950230048,60,0.1070854613049463,0.1100912186794164
6,INTERMEDIATE,132,elu,64,0.065589088370751,0.0001096950230048,60,0.1558664740825241,0.1016887931562051
6,INTERMEDIATE,133,elu,64,0.065589088370751,0.0001096950230048,60,0.09073603305627,0.1071799831328595
6,INTERMEDIATE,134,elu,64,0.065589088370751,0.0001096950230048,60,0.0892893053929914,0.10059269131502
6,INTERMEDIATE,135,elu,64,0.065589088370751,0.0001096950230048,60,0.0879280147227374,0.103572254137295
6,INTERMEDIATE,136,elu,64,0.065589088370751,0.0001096950230048,60,0.146139989353039,0.1088201261420802
6,INTERMEDIATE,137,elu,64,0.065589088370751,0.0001096950230048,60,0.1236910977485505,0.1008660378070866
6,INTERMEDIATE,138,elu,64,0.065589088370751,0.0001096950230048,60,0.0915612304921854,0.1009783454057647
6,INTERMEDIATE,139,elu,64,0.065589088370751,0.0001096950230048,60,0.0942574138329787,0.0995893183096153
6,INTERMEDIATE,140,elu,64,0.065589088370751,0.0001096950230048,60,0.1125170263377103,0.1017819998740423
6,INTERMEDIATE,141,elu,64,0.065589088370751,0.0001096950230048,60,0.0964377122846516,0.1137055804180662
6,INTERMEDIATE,142,elu,64,0.065589088370751,0.0001096950230048,60,0.127444877712564,0.1032031353381348
6,INTERMEDIATE,143,elu,64,0.065589088370751,0.0001096950230048,60,0.1101053033701398,0.1118819771743402
6,INTERMEDIATE,144,elu,64,0.065589088370751,0.0001096950230048,60,0.1034743188118392,0.1076590304785385
6,INTERMEDIATE,145,elu,64,0.065589088370751,0.0001096950230048,60,0.1008375891568985,0.1055810137129411
6,INTERMEDIATE,146,elu,64,0.065589088370751,0.0001096950230048,60,0.0979776602577079,0.1009307713134259
6,INTERMEDIATE,147,elu,64,0.065589088370751,0.0001096950230048,60,0.0983015083792534,0.1054037135185265
6,INTERMEDIATE,148,elu,64,0.065589088370751,0.0001096950230048,60,0.0995491678741845,0.1005974824472171
6,INTERMEDIATE,149,elu,64,0.065589088370751,0.0001096950230048,60,0.1185380001975731,0.1047005655652866
6,COMPLETED,149,elu,64,0.065589088370751,0.0001096950230048,60,0.0879280147227374,0.103572254137295
7,INTERMEDIATE,0,relu,16,0.2684696882685354,0.0003143461874565,38,1.0025206513521148,1.4216624292326565
7,INTERMEDIATE,1,relu,16,0.2684696882685354,0.0003143461874565,38,0.5882626619280839,0.7605331560343872
7,INTERMEDIATE,2,relu,16,0.2684696882685354,0.0003143461874565,38,0.4282168822317588,0.5269067938681002
7,INTERMEDIATE,3,relu,16,0.2684696882685354,0.0003143461874565,38,0.3458641549436057,0.4011042091397591
7,INTERMEDIATE,4,relu,16,0.2684696882685354,0.0003143461874565,38,0.300326959025569,0.3514585276536735
7,INTERMEDIATE,5,relu,16,0.2684696882685354,0.0003143461874565,38,0.2849123608775255,0.2963808416216462
7,INTERMEDIATE,6,relu,16,0.2684696882685354,0.0003143461874565,38,0.2535802940043007,0.2579781405259798
7,INTERMEDIATE,7,relu,16,0.2684696882685354,0.0003143461874565,38,0.2563132142148366,0.2527835962856993
7,INTERMEDIATE,8,relu,16,0.2684696882685354,0.0003143461874565,38,0.2414440143762565,0.2404691435304689
7,INTERMEDIATE,9,relu,16,0.2684696882685354,0.0003143461874565,38,0.3619811941937702,0.2933051755168923
7,INTERMEDIATE,10,relu,16,0.2684696882685354,0.0003143461874565,38,0.2473044821583643,0.2841155771166086
7,INTERMEDIATE,11,relu,16,0.2684696882685354,0.0003143461874565,38,0.2270535379648208,0.2729224575982417
7,INTERMEDIATE,12,relu,16,0.2684696882685354,0.0003143461874565,38,0.2149635148121089,0.2341794144408202
7,INTERMEDIATE,13,relu,16,0.2684696882685354,0.0003143461874565,38,0.2052539437554958,0.206619412695736
7,INTERMEDIATE,14,relu,16,0.2684696882685354,0.0003143461874565,38,0.2885829177571506,0.2083877510402673
7,INTERMEDIATE,15,relu,16,0.2684696882685354,0.0003143461874565,38,0.1954570089625876,0.2005204525028849
7,INTERMEDIATE,16,relu,16,0.2684696882685354,0.0003143461874565,38,0.2080930256988944,0.2007386237842801
7,INTERMEDIATE,17,relu,16,0.2684696882685354,0.0003143461874565,38,0.1825822733524369,0.180183309348829
7,INTERMEDIATE,18,relu,16,0.2684696882685354,0.0003143461874565,38,0.1918170517991955,0.2051767967871309
7,INTERMEDIATE,19,relu,16,0.2684696882685354,0.0003143461874565,38,0.1549735433172162,0.1859240633791979
7,INTERMEDIATE,20,relu,16,0.2684696882685354,0.0003143461874565,38,0.1615045678506537,0.2074549324281605
7,INTERMEDIATE,21,relu,16,0.2684696882685354,0.0003143461874565,38,0.157797753129427,0.1862387031109796
7,INTERMEDIATE,22,relu,16,0.2684696882685354,0.0003143461874565,38,0.1586111009847827,0.1727045186346879
7,INTERMEDIATE,23,relu,16,0.2684696882685354,0.0003143461874565,38,0.2140398107060208,0.2412700568682249
7,INTERMEDIATE,24,relu,16,0.2684696882685354,0.0003143461874565,38,0.1627720410413131,0.1850029632311176
7,INTERMEDIATE,25,relu,16,0.2684696882685354,0.0003143461874565,38,0.1282457804489063,0.1592603576726015
7,INTERMEDIATE,26,relu,16,0.2684696882685354,0.0003143461874565,38,0.1652563607501911,0.1725992714457306
7,INTERMEDIATE,27,relu,16,0.2684696882685354,0.0003143461874565,38,0.1354843558652735,0.1556245784022281
7,INTERMEDIATE,28,relu,16,0.2684696882685354,0.0003143461874565,38,0.1299226219515974,0.1391999656736942
7,INTERMEDIATE,29,relu,16,0.2684696882685354,0.0003143461874565,38,0.143931016007938,0.1391255138326942
7,INTERMEDIATE,30,relu,16,0.2684696882685354,0.0003143461874565,38,0.1088051139717785,0.140727532406648
7,INTERMEDIATE,31,relu,16,0.2684696882685354,0.0003143461874565,38,0.1368089862985582,0.1497828657106485
7,INTERMEDIATE,32,relu,16,0.2684696882685354,0.0003143461874565,38,0.1079697310243074,0.1541400792100179
7,INTERMEDIATE,33,relu,16,0.2684696882685354,0.0003143461874565,38,0.1970611046091085,0.148492474856292
7,INTERMEDIATE,34,relu,16,0.2684696882685354,0.0003143461874565,38,0.1471123222443388,0.1624834394243396
7,INTERMEDIATE,35,relu,16,0.2684696882685354,0.0003143461874565,38,0.1193132641293653,0.1397977127624606
7,INTERMEDIATE,36,relu,16,0.2684696882685354,0.0003143461874565,38,0.1099892043531304,0.1261537878940824
7,INTERMEDIATE,37,relu,16,0.2684696882685354,0.0003143461874565,38,0.114691010517318,0.1350043465521324
7,INTERMEDIATE,38,relu,16,0.2684696882685354,0.0003143461874565,38,0.1080377659442402,0.1200240729721607
7,INTERMEDIATE,39,relu,16,0.2684696882685354,0.0003143461874565,38,0.1185256814720427,0.1272931938565531
7,INTERMEDIATE,40,relu,16,0.2684696882685354,0.0003143461874565,38,0.5822872814790505,0.5240143977944958
7,INTERMEDIATE,41,relu,16,0.2684696882685354,0.0003143461874565,38,0.40519296346096,0.4488670759500913
7,INTERMEDIATE,42,relu,16,0.2684696882685354,0.0003143461874565,38,0.3319294943315227,0.3847511385647971
7,INTERMEDIATE,43,relu,16,0.2684696882685354,0.0003143461874565,38,0.2946783423014893,0.3251593744635214
7,INTERMEDIATE,44,relu,16,0.2684696882685354,0.0003143461874565,38,0.261174311270801,0.2787363917371373
7,INTERMEDIATE,45,relu,16,0.2684696882685354,0.0003143461874565,38,0.2166287179854585,0.2515830283432647
7,INTERMEDIATE,46,relu,16,0.2684696882685354,0.0003143461874565,38,0.2097592794495384,0.2390539260397171
7,INTERMEDIATE,47,relu,16,0.2684696882685354,0.0003143461874565,38,0.2211069574170723,0.2138817269171093
7,INTERMEDIATE,48,relu,16,0.2684696882685354,0.0003143461874565,38,0.1701741693768559,0.1956329807340179
7,INTERMEDIATE,49,relu,16,0.2684696882685354,0.0003143461874565,38,0.1610782435391007,0.170976825127447
7,INTERMEDIATE,50,relu,16,0.2684696882685354,0.0003143461874565,38,0.1547852448392205,0.1610115382670896
7,INTERMEDIATE,51,relu,16,0.2684696882685354,0.0003143461874565,38,0.1580521821430543,0.1517357394720117
7,INTERMEDIATE,52,relu,16,0.2684696882685354,0.0003143461874565,38,0.1623602106531218,0.1598189474416919
7,INTERMEDIATE,53,relu,16,0.2684696882685354,0.0003143461874565,38,0.154768027717293,0.1599038989616581
7,INTERMEDIATE,54,relu,16,0.2684696882685354,0.0003143461874565,38,0.1518671285679064,0.1588055727727435
7,INTERMEDIATE,55,relu,16,0.2684696882685354,0.0003143461874565,38,0.1363498277326182,0.1424182504702957
7,INTERMEDIATE,56,relu,16,0.2684696882685354,0.0003143461874565,38,0.129599255691396,0.1299469414006137
7,INTERMEDIATE,57,relu,16,0.2684696882685354,0.0003143461874565,38,0.152509972044244,0.1250605613890069
7,INTERMEDIATE,58,relu,16,0.2684696882685354,0.0003143461874565,38,0.1408871790030744,0.1086806609053854
7,INTERMEDIATE,59,relu,16,0.2684696882685354,0.0003143461874565,38,0.1724830869153687,0.1098864998777661
7,INTERMEDIATE,60,relu,16,0.2684696882685354,0.0003143461874565,38,0.1672032142239736,0.1140424323549931
7,INTERMEDIATE,61,relu,16,0.2684696882685354,0.0003143461874565,38,0.1401640939548975,0.1099418505514615
7,INTERMEDIATE,62,relu,16,0.2684696882685354,0.0003143461874565,38,0.1318644076222326,0.1033317795782177
7,INTERMEDIATE,63,relu,16,0.2684696882685354,0.0003143461874565,38,0.1548322764929474,0.1010721875095947
7,INTERMEDIATE,64,relu,16,0.2684696882685354,0.0003143461874565,38,0.1215558216634501,0.0973066710349586
7,INTERMEDIATE,65,relu,16,0.2684696882685354,0.0003143461874565,38,0.1324722069747201,0.0979567197709125
7,INTERMEDIATE,66,relu,16,0.2684696882685354,0.0003143461874565,38,0.1121076671747354,0.1488669464985529
7,INTERMEDIATE,67,relu,16,0.2684696882685354,0.0003143461874565,38,0.1106603978451613,0.1204194780094204
7,INTERMEDIATE,68,relu,16,0.2684696882685354,0.0003143461874565,38,0.1605250834964397,0.1061379948866634
7,INTERMEDIATE,69,relu,16,0.2684696882685354,0.0003143461874565,38,0.1483392042062449,0.1286046001629007
7,INTERMEDIATE,70,relu,16,0.2684696882685354,0.0003143461874565,38,0.1498165889756708,0.1293250700447386
7,INTERMEDIATE,71,relu,16,0.2684696882685354,0.0003143461874565,38,0.1172767543779095,0.1353035689917979
7,INTERMEDIATE,72,relu,16,0.2684696882685354,0.0003143461874565,38,0.1479755598233967,0.1137092999429844
7,COMPLETED,72,relu,16,0.2684696882685354,0.0003143461874565,38,0.1079697310243074,0.1541400792100179
8,INTERMEDIATE,0,elu,64,0.2691694241801631,0.0001855991840832,59,1.5645450136878274,1.5964341367163308
8,INTERMEDIATE,1,elu,64,0.2691694241801631,0.0001855991840832,59,1.476936101913452,1.5309849076154756
8,INTERMEDIATE,2,elu,64,0.2691694241801631,0.0001855991840832,59,1.224450252272866,1.391995435807763
8,INTERMEDIATE,3,elu,64,0.2691694241801631,0.0001855991840832,59,0.7830731083046306,1.0156848256180926
8,INTERMEDIATE,4,elu,64,0.2691694241801631,0.0001855991840832,59,0.6288082735104994,0.7275158225036249
8,INTERMEDIATE,5,elu,64,0.2691694241801631,0.0001855991840832,59,0.4716486470265822,0.5572482064002897
8,INTERMEDIATE,6,elu,64,0.2691694241801631,0.0001855991840832,59,0.4171375225890766,0.4565177349055686
8,INTERMEDIATE,7,elu,64,0.2691694241801631,0.0001855991840832,59,0.3872853246602145,0.4001592950123112
8,INTERMEDIATE,8,elu,64,0.2691694241801631,0.0001855991840832,59,0.3270160433920947,0.3627504597349865
8,INTERMEDIATE,9,elu,64,0.2691694241801631,0.0001855991840832,59,0.3043939457698302,0.328727093048212
8,INTERMEDIATE,10,elu,64,0.2691694241801631,0.0001855991840832,59,0.3675640211863951,0.3244938843133973
8,INTERMEDIATE,11,elu,64,0.2691694241801631,0.0001855991840832,59,0.4963376345959576,0.3774874908168141
8,INTERMEDIATE,12,elu,64,0.2691694241801631,0.0001855991840832,59,0.4764689992774616,0.3895431840565146
8,INTERMEDIATE,13,elu,64,0.2691694241801631,0.0001855991840832,59,0.3667155341668562,0.3701591164600558
8,INTERMEDIATE,14,elu,64,0.2691694241801631,0.0001855991840832,59,0.3386722505092621,0.3604545844037358
8,INTERMEDIATE,15,elu,64,0.2691694241801631,0.0001855991840832,59,0.3243477236140858,0.3389261114161189
8,INTERMEDIATE,16,elu,64,0.2691694241801631,0.0001855991840832,59,0.2760146659883586,0.3094725721493
8,INTERMEDIATE,17,elu,64,0.2691694241801631,0.0001855991840832,59,0.2604675875468688,0.2689684956538968
8,INTERMEDIATE,18,elu,64,0.2691694241801631,0.0001855991840832,59,0.2936416430906816,0.2660499380492582
8,INTERMEDIATE,19,elu,64,0.2691694241801631,0.0001855991840832,59,0.2407168434424833,0.2568928161408843
8,INTERMEDIATE,20,elu,64,0.2691694241801631,0.0001855991840832,59,0.2429304590279405,0.2488899105569211
8,INTERMEDIATE,21,elu,64,0.2691694241801631,0.0001855991840832,59,0.2301412272182378,0.2466448610875664
8,INTERMEDIATE,22,elu,64,0.2691694241801631,0.0001855991840832,59,0.2333651706576347,0.2510066154163058
8,INTERMEDIATE,23,elu,64,0.2691694241801631,0.0001855991840832,59,0.2492388005961071,0.2465367357178432
8,INTERMEDIATE,24,elu,64,0.2691694241801631,0.0001855991840832,59,0.2672226815061135,0.2304951592189509
8,INTERMEDIATE,25,elu,64,0.2691694241801631,0.0001855991840832,59,0.2262876365672458,0.2281940521263494
8,INTERMEDIATE,26,elu,64,0.2691694241801631,0.0001855991840832,59,0.2289168462157249,0.208332935211862
8,INTERMEDIATE,27,elu,64,0.2691694241801631,0.0001855991840832,59,0.2553839758038521,0.2018117628446439
8,INTERMEDIATE,28,elu,64,0.2691694241801631,0.0001855991840832,59,0.3352437398650429,0.2236574157709028
8,INTERMEDIATE,29,elu,64,0.2691694241801631,0.0001855991840832,59,0.2940737537362359,0.2994728235573303
8,INTERMEDIATE,30,elu,64,0.2691694241801631,0.0001855991840832,59,0.2917213236743753,0.2761532362641358
8,INTERMEDIATE,31,elu,64,0.2691694241801631,0.0001855991840832,59,0.2733823616396297,0.2743713254245316
8,INTERMEDIATE,32,elu,64,0.2691694241801631,0.0001855991840832,59,0.2366381338374181,0.2646297223684264
8,INTERMEDIATE,33,elu,64,0.2691694241801631,0.0001855991840832,59,0.2333733297207138,0.2514294694836547
8,INTERMEDIATE,34,elu,64,0.2691694241801631,0.0001855991840832,59,0.2392648417841304,0.2390528112286474
8,INTERMEDIATE,35,elu,64,0.2691694241801631,0.0001855991840832,59,0.2389915666796944,0.2362774252528097
8,INTERMEDIATE,36,elu,64,0.2691694241801631,0.0001855991840832,59,0.2182540399107066,0.2290044154335812
8,INTERMEDIATE,37,elu,64,0.2691694241801631,0.0001855991840832,59,0.2139982107010754,0.2267479175111142
8,INTERMEDIATE,38,elu,64,0.2691694241801631,0.0001855991840832,59,0.2472297302023931,0.2212191954618547
8,INTERMEDIATE,39,elu,64,0.2691694241801631,0.0001855991840832,59,0.2152641781351783,0.2141509600347135
8,INTERMEDIATE,40,elu,64,0.2691694241801631,0.0001855991840832,59,0.2121105742725459,0.2072570892732317
8,INTERMEDIATE,41,elu,64,0.2691694241801631,0.0001855991840832,59,0.1868858381428501,0.1957009848116374
8,INTERMEDIATE,42,elu,64,0.2691694241801631,0.0001855991840832,59,0.1863623498515649,0.1920217565465264
8,INTERMEDIATE,43,elu,64,0.2691694241801631,0.0001855991840832,59,0.2217435799539089,0.1896781337152167
8,INTERMEDIATE,44,elu,64,0.2691694241801631,0.0001855991840832,59,0.2150465172122825,0.1874337123661506
8,INTERMEDIATE,45,elu,64,0.2691694241801631,0.0001855991840832,59,0.158815199509263,0.1742548091200793
8,INTERMEDIATE,46,elu,64,0.2691694241801631,0.0001855991840832,59,0.163664411753416,0.170102864322139
8,INTERMEDIATE,47,elu,64,0.2691694241801631,0.0001855991840832,59,0.1631690229881893,0.1624817348471502
8,INTERMEDIATE,48,elu,64,0.2691694241801631,0.0001855991840832,59,0.1621212170205333,0.1599862704553255
8,INTERMEDIATE,49,elu,64,0.2691694241801631,0.0001855991840832,59,0.1599511690437793,0.1546935638549124
8,INTERMEDIATE,50,elu,64,0.2691694241801631,0.0001855991840832,59,0.1540804466401988,0.1523427337226344
8,INTERMEDIATE,51,elu,64,0.2691694241801631,0.0001855991840832,59,0.1515147579325871,0.1437905522108805
8,INTERMEDIATE,52,elu,64,0.2691694241801631,0.0001855991840832,59,0.1497378774325956,0.1419258172192224
8,INTERMEDIATE,53,elu,64,0.2691694241801631,0.0001855991840832,59,0.1475063731724565,0.1444059201493495
8,INTERMEDIATE,54,elu,64,0.2691694241801631,0.0001855991840832,59,0.2048527716913006,0.136454579942837
8,INTERMEDIATE,55,elu,64,0.2691694241801631,0.0001855991840832,59,0.1436271068047393,0.1387604236966226
8,INTERMEDIATE,56,elu,64,0.2691694241801631,0.0001855991840832,59,0.1997874436730688,0.1428559805925299
8,INTERMEDIATE,57,elu,64,0.2691694241801631,0.0001855991840832,59,0.1431212753734805,0.1596645638346672
8,INTERMEDIATE,58,elu,64,0.2691694241801631,0.0001855991840832,59,0.1297636855054985,0.136746601587752
8,INTERMEDIATE,59,elu,64,0.2691694241801631,0.0001855991840832,59,0.125918727198785,0.1383897002059512
8,INTERMEDIATE,60,elu,64,0.2691694241801631,0.0001855991840832,59,0.1319440244273706,0.1340728810556778
8,INTERMEDIATE,61,elu,64,0.2691694241801631,0.0001855991840832,59,0.1245251020247286,0.1285575452919413
8,INTERMEDIATE,62,elu,64,0.2691694241801631,0.0001855991840832,59,0.1199383165009997,0.1229009306194578
8,INTERMEDIATE,63,elu,64,0.2691694241801631,0.0001855991840832,59,0.1203760792585936,0.120423848309168
8,INTERMEDIATE,64,elu,64,0.2691694241801631,0.0001855991840832,59,0.1169556694274598,0.1136327143304231
8,INTERMEDIATE,65,elu,64,0.2691694241801631,0.0001855991840832,59,0.1177100906656547,0.1152323050560747
8,INTERMEDIATE,66,elu,64,0.2691694241801631,0.0001855991840832,59,0.1165127876130017,0.113487504967829
8,INTERMEDIATE,67,elu,64,0.2691694241801631,0.0001855991840832,59,0.1133528846231373,0.1125490944832563
8,INTERMEDIATE,68,elu,64,0.2691694241801631,0.0001855991840832,59,0.1137588176537643,0.1124574774194781
8,INTERMEDIATE,69,elu,64,0.2691694241801631,0.0001855991840832,59,0.1099967875263907,0.1120602862864005
8,INTERMEDIATE,70,elu,64,0.2691694241801631,0.0001855991840832,59,0.1130609378557313,0.1093484005640919
8,INTERMEDIATE,71,elu,64,0.2691694241801631,0.0001855991840832,59,0.1474339254200458,0.0981673248929948
8,INTERMEDIATE,72,elu,64,0.2691694241801631,0.0001855991840832,59,0.1093685425479303,0.1030937892089529
8,INTERMEDIATE,73,elu,64,0.2691694241801631,0.0001855991840832,59,0.1045453854921189,0.0996069134008593
8,INTERMEDIATE,74,elu,64,0.2691694241801631,0.0001855991840832,59,0.1052434513006698,0.0976866696756787
8,INTERMEDIATE,75,elu,64,0.2691694241801631,0.0001855991840832,59,0.1045192475007339,0.099890457875118
8,INTERMEDIATE,76,elu,64,0.2691694241801631,0.0001855991840832,59,0.0994170924479311,0.1035372854732885
8,INTERMEDIATE,77,elu,64,0.2691694241801631,0.0001855991840832,59,0.0961607379669493,0.1000810559021263
8,INTERMEDIATE,78,elu,64,0.2691694241801631,0.0001855991840832,59,0.0943668831817128,0.100401932146491
8,INTERMEDIATE,79,elu,64,0.2691694241801631,0.0001855991840832,59,0.1192056836391037,0.0930101349495533
8,INTERMEDIATE,80,elu,64,0.2691694241801631,0.0001855991840832,59,0.0933410553261637,0.0920193339357288
8,INTERMEDIATE,81,elu,64,0.2691694241801631,0.0001855991840832,59,0.1357971350239082,0.0930351420510106
8,INTERMEDIATE,82,elu,64,0.2691694241801631,0.0001855991840832,59,0.0951729393140836,0.093019099678935
8,INTERMEDIATE,83,elu,64,0.2691694241801631,0.0001855991840832,59,0.0881091525608843,0.0875582654347143
8,INTERMEDIATE,84,elu,64,0.2691694241801631,0.0001855991840832,59,0.0900957855311307,0.0896254518046611
8,INTERMEDIATE,85,elu,64,0.2691694241801631,0.0001855991840832,59,0.0929095943204381,0.0841649459084359
8,INTERMEDIATE,86,elu,64,0.2691694241801631,0.0001855991840832,59,0.0900836883282119,0.0861358229161762
8,INTERMEDIATE,87,elu,64,0.2691694241801631,0.0001855991840832,59,0.0873970278454097,0.0827061843535885
8,INTERMEDIATE,88,elu,64,0.2691694241801631,0.0001855991840832,59,0.0891723824156956,0.0809251578842721
8,INTERMEDIATE,89,elu,64,0.2691694241801631,0.0001855991840832,59,0.0895494502037763,0.0848740327012975
8,INTERMEDIATE,90,elu,64,0.2691694241801631,0.0001855991840832,59,0.1239592700519345,0.078373295959176
8,INTERMEDIATE,91,elu,64,0.2691694241801631,0.0001855991840832,59,0.0975109022957357,0.0804192010631285
8,INTERMEDIATE,92,elu,64,0.2691694241801631,0.0001855991840832,59,0.0911729555915702,0.0891753344955604
8,INTERMEDIATE,93,elu,64,0.2691694241801631,0.0001855991840832,59,0.0864326787943189,0.0906904462452341
8,INTERMEDIATE,94,elu,64,0.2691694241801631,0.0001855991840832,59,0.0843833984637802,0.0802389335614152
8,INTERMEDIATE,95,elu,64,0.2691694241801631,0.0001855991840832,59,0.08283470435576,0.0764155210927128
8,INTERMEDIATE,96,elu,64,0.2691694241801631,0.0001855991840832,59,0.086900031956082,0.0758392003069563
8,INTERMEDIATE,97,elu,64,0.2691694241801631,0.0001855991840832,59,0.0815620874478058,0.0772586781531572
8,INTERMEDIATE,98,elu,64,0.2691694241801631,0.0001855991840832,59,0.0801428525115956,0.0766478390319318
8,INTERMEDIATE,99,elu,64,0.2691694241801631,0.0001855991840832,59,0.1213871303268454,0.0761324062080281
8,INTERMEDIATE,100,elu,64,0.2691694241801631,0.0001855991840832,59,0.0792611210014332,0.0741465205735549
8,INTERMEDIATE,101,elu,64,0.2691694241801631,0.0001855991840832,59,0.108830262991515,0.0697904961955983
8,INTERMEDIATE,102,elu,64,0.2691694241801631,0.0001855991840832,59,0.0777425973422148,0.069475811679007
8,INTERMEDIATE,103,elu,64,0.2691694241801631,0.0001855991840832,59,0.0802890109744939,0.071191411419976
8,INTERMEDIATE,104,elu,64,0.2691694241801631,0.0001855991840832,59,0.0752061130478978,0.0657636136180017
8,INTERMEDIATE,105,elu,64,0.2691694241801631,0.0001855991840832,59,0.0690159441649236,0.0732095775353472
8,INTERMEDIATE,106,elu,64,0.2691694241801631,0.0001855991840832,59,0.0758917564102871,0.0686035375451532
8,INTERMEDIATE,107,elu,64,0.2691694241801631,0.0001855991840832,59,0.0692856988276947,0.067532452845537
8,INTERMEDIATE,108,elu,64,0.2691694241801631,0.0001855991840832,59,0.0841737817972898,0.0660601530632958
8,INTERMEDIATE,109,elu,64,0.2691694241801631,0.0001855991840832,59,0.0741873414213345,0.066825346521488
8,INTERMEDIATE,110,elu,64,0.2691694241801631,0.0001855991840832,59,0.0775812847370451,0.0636529175382925
8,INTERMEDIATE,111,elu,64,0.2691694241801631,0.0001855991840832,59,0.0717946428551592,0.0607047989828194
8,INTERMEDIATE,112,elu,64,0.2691694241801631,0.0001855991840832,59,0.0739815527657893,0.063055613328044
8,INTERMEDIATE,113,elu,64,0.2691694241801631,0.0001855991840832,59,0.1419525157490914,0.060554372192156
8,INTERMEDIATE,114,elu,64,0.2691694241801631,0.0001855991840832,59,0.0769701381213963,0.0707808640989952
8,INTERMEDIATE,115,elu,64,0.2691694241801631,0.0001855991840832,59,0.0750446111302484,0.0690627666417418
8,INTERMEDIATE,116,elu,64,0.2691694241801631,0.0001855991840832,59,0.0860726694491776,0.0599171380944004
8,INTERMEDIATE,117,elu,64,0.2691694241801631,0.0001855991840832,59,0.1765473424245349,0.073989310392701
8,INTERMEDIATE,118,elu,64,0.2691694241801631,0.0001855991840832,59,0.1504887683232399,0.1191424349799934
8,INTERMEDIATE,119,elu,64,0.2691694241801631,0.0001855991840832,59,0.1370268005200407,0.082926779394833
8,INTERMEDIATE,120,elu,64,0.2691694241801631,0.0001855991840832,59,0.1345381972125985,0.0745472160236137
8,INTERMEDIATE,121,elu,64,0.2691694241801631,0.0001855991840832,59,0.137602365237068,0.0712294339588502
8,INTERMEDIATE,122,elu,64,0.2691694241801631,0.0001855991840832,59,0.1321324735710566,0.068744085592831
8,INTERMEDIATE,123,elu,64,0.2691694241801631,0.0001855991840832,59,0.1283131692219864,0.0658749609436022
8,INTERMEDIATE,124,elu,64,0.2691694241801631,0.0001855991840832,59,0.1173184954307296,0.0651891851434257
8,INTERMEDIATE,125,elu,64,0.2691694241801631,0.0001855991840832,59,0.1009458915584466,0.0666295195838845
8,INTERMEDIATE,126,elu,64,0.2691694241801631,0.0001855991840832,59,0.0938293052075261,0.0649164385139578
8,INTERMEDIATE,127,elu,64,0.2691694241801631,0.0001855991840832,59,0.1020054184747013,0.0640255711382118
8,INTERMEDIATE,128,elu,64,0.2691694241801631,0.0001855991840832,59,0.0851550102657215,0.0709177511857777
8,INTERMEDIATE,129,elu,64,0.2691694241801631,0.0001855991840832,59,0.083006261636249,0.0615633371308809
8,INTERMEDIATE,130,elu,64,0.2691694241801631,0.0001855991840832,59,0.0831604922952299,0.0588720786248947
8,INTERMEDIATE,131,elu,64,0.2691694241801631,0.0001855991840832,59,0.0989751935597847,0.0581693658945945
8,INTERMEDIATE,132,elu,64,0.2691694241801631,0.0001855991840832,59,0.0831573227081786,0.058722933890616
8,INTERMEDIATE,133,elu,64,0.2691694241801631,0.0001855991840832,59,0.078800426161086,0.061147901990519
8,INTERMEDIATE,134,elu,64,0.2691694241801631,0.0001855991840832,59,0.0863748933611945,0.06019450520824
8,INTERMEDIATE,135,elu,64,0.2691694241801631,0.0001855991840832,59,0.0885336152912879,0.05609023214386
8,INTERMEDIATE,136,elu,64,0.2691694241801631,0.0001855991840832,59,0.084966506047005,0.0574330161893513
8,INTERMEDIATE,137,elu,64,0.2691694241801631,0.0001855991840832,59,0.0921513779004189,0.0584344317364256
8,INTERMEDIATE,138,elu,64,0.2691694241801631,0.0001855991840832,59,0.1506217770617116,0.0620095926654956
8,INTERMEDIATE,139,elu,64,0.2691694241801631,0.0001855991840832,59,0.0790284518364139,0.0568215580452687
8,INTERMEDIATE,140,elu,64,0.2691694241801631,0.0001855991840832,59,0.0769945449957793,0.0545347132720053
8,INTERMEDIATE,141,elu,64,0.2691694241801631,0.0001855991840832,59,0.0942075855352661,0.0582300040007727
8,INTERMEDIATE,142,elu,64,0.2691694241801631,0.0001855991840832,59,0.0888738828203217,0.0945484811758122
8,INTERMEDIATE,143,elu,64,0.2691694241801631,0.0001855991840832,59,0.081622034734623,0.0755735928896905
8,INTERMEDIATE,144,elu,64,0.2691694241801631,0.0001855991840832,59,0.1150885018181394,0.0801947430775659
8,INTERMEDIATE,145,elu,64,0.2691694241801631,0.0001855991840832,59,0.0826682001775638,0.0808764084174138
8,COMPLETED,145,elu,64,0.2691694241801631,0.0001855991840832,59,0.0690159441649236,0.0732095775353472
9,INTERMEDIATE,0,relu,32,0.3545109897427424,0.000497598504751,55,0.9798059775715784,1.4544503556357489
9,INTERMEDIATE,1,relu,32,0.3545109897427424,0.000497598504751,55,0.4651604791482289,0.7277649641036987
9,INTERMEDIATE,2,relu,32,0.3545109897427424,0.000497598504751,55,0.3784948722237632,0.4513330038314984
9,INTERMEDIATE,3,relu,32,0.3545109897427424,0.000497598504751,55,0.2858998119121506,0.3434843607706788
9,INTERMEDIATE,4,relu,32,0.3545109897427424,0.000497598504751,55,0.262966907450131,0.2758885394827819
9,INTERMEDIATE,5,relu,32,0.3545109897427424,0.000497598504751,55,0.207502900489739,0.2479172398646672
9,INTERMEDIATE,6,relu,32,0.3545109897427424,0.000497598504751,55,0.1904147715263423,0.2309421048856076
9,INTERMEDIATE,7,relu,32,0.3545109897427424,0.000497598504751,55,0.2063098184409595,0.244399528030628
9,INTERMEDIATE,8,relu,32,0.3545109897427424,0.000497598504751,55,0.1894189637331735,0.205867802011378
9,INTERMEDIATE,9,relu,32,0.3545109897427424,0.000497598504751,55,0.1742865209068571,0.1938989851853729
9,INTERMEDIATE,10,relu,32,0.3545109897427424,0.000497598504751,55,0.1983628767941679,0.2470517947258037
9,INTERMEDIATE,11,relu,32,0.3545109897427424,0.000497598504751,55,0.1835021297669126,0.2117601990883733
9,INTERMEDIATE,12,relu,32,0.3545109897427424,0.000497598504751,55,0.2717616277791205,0.2144939324554101
9,INTERMEDIATE,13,relu,32,0.3545109897427424,0.000497598504751,55,0.1805560021173386,0.2413428759225356
9,INTERMEDIATE,14,relu,32,0.3545109897427424,0.000497598504751,55,0.1691576489912612,0.2029516665195977
9,INTERMEDIATE,15,relu,32,0.3545109897427424,0.000497598504751,55,0.1804986523375624,0.193158453123437
9,INTERMEDIATE,16,relu,32,0.3545109897427424,0.000497598504751,55,0.1550780974683307,0.1947685552783954
9,INTERMEDIATE,17,relu,32,0.3545109897427424,0.000497598504751,55,0.1471319937014154,0.1849381984843884
9,INTERMEDIATE,18,relu,32,0.3545109897427424,0.000497598504751,55,0.1591764229926325,0.192824429337993
9,INTERMEDIATE,19,relu,32,0.3545109897427424,0.000497598504751,55,0.15986753929229,0.1755404096142745
9,INTERMEDIATE,20,relu,32,0.3545109897427424,0.000497598504751,55,0.1481965637011897,0.1710142288586975
9,INTERMEDIATE,21,relu,32,0.3545109897427424,0.000497598504751,55,0.144333071918005,0.1612063167317781
9,INTERMEDIATE,22,relu,32,0.3545109897427424,0.000497598504751,55,0.5237351284318027,0.1749054164522224
9,INTERMEDIATE,23,relu,32,0.3545109897427424,0.000497598504751,55,0.2853088808201608,0.5590103856391377
9,INTERMEDIATE,24,relu,32,0.3545109897427424,0.000497598504751,55,0.1935245632415726,0.2528654894803041
9,INTERMEDIATE,25,relu,32,0.3545109897427424,0.000497598504751,55,0.1799913660756179,0.2101950056299015
9,INTERMEDIATE,26,relu,32,0.3545109897427424,0.000497598504751,55,0.169660925332989,0.1926429572020783
9,INTERMEDIATE,27,relu,32,0.3545109897427424,0.000497598504751,55,0.1654020583345776,0.1911746138867772
9,INTERMEDIATE,28,relu,32,0.3545109897427424,0.000497598504751,55,0.1820353790230694,0.1861664018605226
9,INTERMEDIATE,29,relu,32,0.3545109897427424,0.000497598504751,55,0.1591191495813074,0.1829818961337024
9,INTERMEDIATE,30,relu,32,0.3545109897427424,0.000497598504751,55,0.1611724995254051,0.1814878271593723
9,INTERMEDIATE,31,relu,32,0.3545109897427424,0.000497598504751,55,0.1753706173705203,0.175970225698418
9,INTERMEDIATE,32,relu,32,0.3545109897427424,0.000497598504751,55,0.1601316141230719,0.1815006441816135
9,INTERMEDIATE,33,relu,32,0.3545109897427424,0.000497598504751,55,0.237872279204783,0.1723877694687725
9,INTERMEDIATE,34,relu,32,0.3545109897427424,0.000497598504751,55,0.1514916391599746,0.1678178413874573
9,INTERMEDIATE,35,relu,32,0.3545109897427424,0.000497598504751,55,0.1480985966821511,0.1718401484835295
9,INTERMEDIATE,36,relu,32,0.3545109897427424,0.000497598504751,55,0.1711046987523635,0.1679758541285991
9,INTERMEDIATE,37,relu,32,0.3545109897427424,0.000497598504751,55,0.1674173548817634,0.1705842538288346
9,INTERMEDIATE,38,relu,32,0.3545109897427424,0.000497598504751,55,0.1377317137306644,0.1735643595457077
9,INTERMEDIATE,39,relu,32,0.3545109897427424,0.000497598504751,55,0.1541686995575825,0.1595382841050992
9,INTERMEDIATE,40,relu,32,0.3545109897427424,0.000497598504751,55,0.1485182198119305,0.1533752623255606
9,INTERMEDIATE,41,relu,32,0.3545109897427424,0.000497598504751,55,0.1354159996179597,0.1502514063254182
9,INTERMEDIATE,42,relu,32,0.3545109897427424,0.000497598504751,55,0.1405721969370331,0.151122698261414
9,INTERMEDIATE,43,relu,32,0.3545109897427424,0.000497598504751,55,0.144932112168698,0.144713552162787
9,INTERMEDIATE,44,relu,32,0.3545109897427424,0.000497598504751,55,0.1396313997074252,0.1447688248698358
9,INTERMEDIATE,45,relu,32,0.3545109897427424,0.000497598504751,55,0.1388921768714984,0.1390839003394415
9,INTERMEDIATE,46,relu,32,0.3545109897427424,0.000497598504751,55,0.1477341172063634,0.2040899838838312
9,INTERMEDIATE,47,relu,32,0.3545109897427424,0.000497598504751,55,0.146685452688308,0.1624477112918724
9,INTERMEDIATE,48,relu,32,0.3545109897427424,0.000497598504751,55,0.1547189991743791,0.1515697244048854
9,INTERMEDIATE,49,relu,32,0.3545109897427424,0.000497598504751,55,0.1497442368417978,0.1520268784169061
9,INTERMEDIATE,50,relu,32,0.3545109897427424,0.000497598504751,55,0.1361803233712202,0.1483900924155741
9,INTERMEDIATE,51,relu,32,0.3545109897427424,0.000497598504751,55,0.1304358100252492,0.1351577178517609
9,INTERMEDIATE,52,relu,32,0.3545109897427424,0.000497598504751,55,0.1642831819398062,0.1516622109453619
9,INTERMEDIATE,53,relu,32,0.3545109897427424,0.000497598504751,55,0.1472603666285673,0.1397516461848109
9,INTERMEDIATE,54,relu,32,0.3545109897427424,0.000497598504751,55,0.1400265798770955,0.1372952799968145
9,INTERMEDIATE,55,relu,32,0.3545109897427424,0.000497598504751,55,0.1253205004059487,0.1282451064958248
9,INTERMEDIATE,56,relu,32,0.3545109897427424,0.000497598504751,55,0.1315890553274325,0.1372964771487462
9,INTERMEDIATE,57,relu,32,0.3545109897427424,0.000497598504751,55,0.1982764199021316,0.2038753027855246
9,INTERMEDIATE,58,relu,32,0.3545109897427424,0.000497598504751,55,0.2006494365632534,0.1952531714406278
9,INTERMEDIATE,59,relu,32,0.3545109897427424,0.000497598504751,55,0.1716416627168655,0.184143590223458
9,INTERMEDIATE,60,relu,32,0.3545109897427424,0.000497598504751,55,0.148458096420481,0.1711234745144108
9,INTERMEDIATE,61,relu,32,0.3545109897427424,0.000497598504751,55,0.1450322300550483,0.1669388673739668
9,INTERMEDIATE,62,relu,32,0.3545109897427424,0.000497598504751,55,0.1441309472457284,0.1660971331099669
9,INTERMEDIATE,63,relu,32,0.3545109897427424,0.000497598504751,55,0.1440754849020214,0.1529392641681579
9,INTERMEDIATE,64,relu,32,0.3545109897427424,0.000497598504751,55,0.1354409936992895,0.1620584219970085
9,INTERMEDIATE,65,relu,32,0.3545109897427424,0.000497598504751,55,0.1470836441786516,0.155778294728126
9,INTERMEDIATE,66,relu,32,0.3545109897427424,0.000497598504751,55,0.1835512859480721,0.1501760384366836
9,INTERMEDIATE,67,relu,32,0.3545109897427424,0.000497598504751,55,0.147703155431719,0.1505497562020649
9,INTERMEDIATE,68,relu,32,0.3545109897427424,0.000497598504751,55,0.1338527867836611,0.1446172157417476
9,INTERMEDIATE,69,relu,32,0.3545109897427424,0.000497598504751,55,0.134138045211633,0.1443776434954301
9,INTERMEDIATE,70,relu,32,0.3545109897427424,0.000497598504751,55,0.1486908943347987,0.1445545533005102
9,INTERMEDIATE,71,relu,32,0.3545109897427424,0.000497598504751,55,0.1511068503771509,0.1422357698327597
9,INTERMEDIATE,72,relu,32,0.3545109897427424,0.000497598504751,55,0.1455842849044572,0.1423856593714452
9,INTERMEDIATE,73,relu,32,0.3545109897427424,0.000497598504751,55,0.1587626659976584,0.1380606918929167
9,INTERMEDIATE,74,relu,32,0.3545109897427424,0.000497598504751,55,0.1312847181356378,0.1324498364356932
9,INTERMEDIATE,75,relu,32,0.3545109897427424,0.000497598504751,55,0.1453227066390571,0.1334803256631633
9,INTERMEDIATE,76,relu,32,0.3545109897427424,0.000497598504751,55,0.1314014533889435,0.1346676443691974
9,INTERMEDIATE,77,relu,32,0.3545109897427424,0.000497598504751,55,0.1506274544323484,0.1236291449333046
9,INTERMEDIATE,78,relu,32,0.3545109897427424,0.000497598504751,55,0.1508599398657679,0.1158350552489728
9,INTERMEDIATE,79,relu,32,0.3545109897427424,0.000497598504751,55,0.1442577700086292,0.1151109320100075
9,INTERMEDIATE,80,relu,32,0.3545109897427424,0.000497598504751,55,0.137460849647011,0.1247683248172203
9,INTERMEDIATE,81,relu,32,0.3545109897427424,0.000497598504751,55,0.1647599002435094,0.1163515458458367
9,INTERMEDIATE,82,relu,32,0.3545109897427424,0.000497598504751,55,0.1395153592872832,0.1086965227430617
9,INTERMEDIATE,83,relu,32,0.3545109897427424,0.000497598504751,55,0.1335838029072398,0.1080067617427787
9,INTERMEDIATE,84,relu,32,0.3545109897427424,0.000497598504751,55,0.1555506177024827,0.1008403619498382
9,INTERMEDIATE,85,relu,32,0.3545109897427424,0.000497598504751,55,0.1423365801705845,0.1125586606723107
9,INTERMEDIATE,86,relu,32,0.3545109897427424,0.000497598504751,55,0.1397804483948719,0.1089731473245738
9,INTERMEDIATE,87,relu,32,0.3545109897427424,0.000497598504751,55,0.1533040435363849,0.104523267298017
9,INTERMEDIATE,88,relu,32,0.3545109897427424,0.000497598504751,55,0.1433169361913488,0.109992674137983
9,INTERMEDIATE,89,relu,32,0.3545109897427424,0.000497598504751,55,0.2039953234073306,0.1053835361690065
9,INTERMEDIATE,90,relu,32,0.3545109897427424,0.000497598504751,55,0.1459835084332596,0.1354587144091909
9,INTERMEDIATE,91,relu,32,0.3545109897427424,0.000497598504751,55,0.1765548096570585,0.1022249678851185
9,INTERMEDIATE,92,relu,32,0.3545109897427424,0.000497598504751,55,0.1533584289829291,0.1046735370405202
9,INTERMEDIATE,93,relu,32,0.3545109897427424,0.000497598504751,55,0.1392297508372437,0.1004171959227985
9,INTERMEDIATE,94,relu,32,0.3545109897427424,0.000497598504751,55,0.1503930709191731,0.1014523333697407
9,INTERMEDIATE,95,relu,32,0.3545109897427424,0.000497598504751,55,0.3128661036580091,0.1495900464324671
9,COMPLETED,95,relu,32,0.3545109897427424,0.000497598504751,55,0.1253205004059487,0.1282451064958248
10,INTERMEDIATE,0,elu,64,0.2851950340266675,0.0001888478103867,56,1.548677921295166,1.5761633849725492
10,INTERMEDIATE,1,elu,64,0.2851950340266675,0.0001888478103867,56,1.4661077369343152,1.5131199069139434
10,INTERMEDIATE,2,elu,64,0.2851950340266675,0.0001888478103867,56,1.159388704733415,1.339890584713075
10,INTERMEDIATE,3,elu,64,0.2851950340266675,0.0001888478103867,56,0.821543422612277,0.9923965916401004
10,INTERMEDIATE,4,elu,64,0.2851950340266675,0.0001888478103867,56,0.612303760918704,0.7155215274996873
10,INTERMEDIATE,5,elu,64,0.2851950340266675,0.0001888478103867,56,0.4986394399946386,0.5642874807846255
10,INTERMEDIATE,6,elu,64,0.2851950340266675,0.0001888478103867,56,0.4617175622419877,0.4678398741454613
10,INTERMEDIATE,7,elu,64,0.2851950340266675,0.0001888478103867,56,0.4169903912327506,0.4108122739850021
10,INTERMEDIATE,8,elu,64,0.2851950340266675,0.0001888478103867,56,0.343627470460805,0.3649515535046415
10,INTERMEDIATE,9,elu,64,0.2851950340266675,0.0001888478103867,56,0.3006569688970392,0.331103569487246
10,INTERMEDIATE,10,elu,64,0.2851950340266675,0.0001888478103867,56,0.3156699348579753,0.2930130991266995
10,INTERMEDIATE,11,elu,64,0.2851950340266675,0.0001888478103867,56,0.2706862471320412,0.2711358626441257
10,INTERMEDIATE,12,elu,64,0.2851950340266675,0.0001888478103867,56,0.2793878398158333,0.2747333663992765
10,INTERMEDIATE,13,elu,64,0.2851950340266675,0.0001888478103867,56,0.2499028227545998,0.2510324549384233
10,INTERMEDIATE,14,elu,64,0.2851950340266675,0.0001888478103867,56,0.2897000190886584,0.2315814493269455
10,INTERMEDIATE,15,elu,64,0.2851950340266675,0.0001888478103867,56,0.2354558503085916,0.2444557220470614
10,INTERMEDIATE,16,elu,64,0.2851950340266675,0.0001888478103867,56,0.2512433664365248,0.2202404901021864
10,INTERMEDIATE,17,elu,64,0.2851950340266675,0.0001888478103867,56,0.2302027520808306,0.2091326777164529
10,INTERMEDIATE,18,elu,64,0.2851950340266675,0.0001888478103867,56,0.2494475916028022,0.1998492710110617
10,INTERMEDIATE,19,elu,64,0.2851950340266675,0.0001888478103867,56,0.2975960102948276,0.2095406927713533
10,INTERMEDIATE,20,elu,64,0.2851950340266675,0.0001888478103867,56,0.2055653997442939,0.1943335315076316
10,INTERMEDIATE,21,elu,64,0.2851950340266675,0.0001888478103867,56,0.2102607261728156,0.1937240224059035
10,INTERMEDIATE,22,elu,64,0.2851950340266675,0.0001888478103867,56,0.2231846881861036,0.1871327588834413
10,INTERMEDIATE,23,elu,64,0.2851950340266675,0.0001888478103867,56,0.1978611593896692,0.1939551824840103
10,INTERMEDIATE,24,elu,64,0.2851950340266675,0.0001888478103867,56,0.4094602892344648,0.2081695921355631
10,INTERMEDIATE,25,elu,64,0.2851950340266675,0.0001888478103867,56,0.2659842561591755,0.2761805353731644
10,INTERMEDIATE,26,elu,64,0.2851950340266675,0.0001888478103867,56,0.2275352687998251,0.2295148759716894
10,INTERMEDIATE,27,elu,64,0.2851950340266675,0.0001888478103867,56,0.2102345593950965,0.2045232233841245
10,INTERMEDIATE,28,elu,64,0.2851950340266675,0.0001888478103867,56,0.2961093634366989,0.1939391701868394
10,INTERMEDIATE,29,elu,64,0.2851950340266675,0.0001888478103867,56,0.2469357807527888,0.1849698093606204
10,INTERMEDIATE,30,elu,64,0.2851950340266675,0.0001888478103867,56,0.2090536281466484,0.1920790781335133
10,INTERMEDIATE,31,elu,64,0.2851950340266675,0.0001888478103867,56,0.2272831425070762,0.1835480021630845
10,INTERMEDIATE,32,elu,64,0.2851950340266675,0.0001888478103867,56,0.2085443044250661,0.1803041930060561
10,INTERMEDIATE,33,elu,64,0.2851950340266675,0.0001888478103867,56,0.2358401173895055,0.1815966654841493
10,INTERMEDIATE,34,elu,64,0.2851950340266675,0.0001888478103867,56,0.1884385868906974,0.1788871173815029
10,INTERMEDIATE,35,elu,64,0.2851950340266675,0.0001888478103867,56,0.1982177214866334,0.177589092857954
10,INTERMEDIATE,36,elu,64,0.2851950340266675,0.0001888478103867,56,0.1967751885002309,0.1737391083705716
10,INTERMEDIATE,37,elu,64,0.2851950340266675,0.0001888478103867,56,0.1993537734855305,0.1759903301007864
10,INTERMEDIATE,38,elu,64,0.2851950340266675,0.0001888478103867,56,0.1917215081101114,0.1725294614528737
10,INTERMEDIATE,39,elu,64,0.2851950340266675,0.0001888478103867,56,0.189356725832278,0.1666516686176381
10,INTERMEDIATE,40,elu,64,0.2851950340266675,0.0001888478103867,56,0.2255332205783237,0.1642164915073208
10,INTERMEDIATE,41,elu,64,0.2851950340266675,0.0001888478103867,56,0.203234081918543,0.1635876342472506
10,INTERMEDIATE,42,elu,64,0.2851950340266675,0.0001888478103867,56,0.1827828709713437,0.1668289040737762
10,INTERMEDIATE,43,elu,64,0.2851950340266675,0.0001888478103867,56,0.1839376694776795,0.1620479675873023
10,INTERMEDIATE,44,elu,64,0.2851950340266675,0.0001888478103867,56,0.1731443974104794,0.1572717336438051
10,INTERMEDIATE,45,elu,64,0.2851950340266675,0.0001888478103867,56,0.1733755906197157,0.1623551853728003
10,INTERMEDIATE,46,elu,64,0.2851950340266675,0.0001888478103867,56,0.2078511173074895,0.1565410685611934
10,INTERMEDIATE,47,elu,64,0.2851950340266675,0.0001888478103867,56,0.1863038712604479,0.1583836307612861
10,INTERMEDIATE,48,elu,64,0.2851950340266675,0.0001888478103867,56,0.1647720247168432,0.1519374200483647
10,INTERMEDIATE,49,elu,64,0.2851950340266675,0.0001888478103867,56,0.2093062075701627,0.1436702823493539
10,INTERMEDIATE,50,elu,64,0.2851950340266675,0.0001888478103867,56,0.1677887697111476,0.1510654937294198
10,INTERMEDIATE,51,elu,64,0.2851950340266675,0.0001888478103867,56,0.171652370894497,0.1517896262429109
10,INTERMEDIATE,52,elu,64,0.2851950340266675,0.0001888478103867,56,0.1710986471311612,0.149897804074898
10,INTERMEDIATE,53,elu,64,0.2851950340266675,0.0001888478103867,56,0.1608935232189568,0.1397448530102648
10,INTERMEDIATE,54,elu,64,0.2851950340266675,0.0001888478103867,56,0.1660356403074481,0.1486267074033981
10,INTERMEDIATE,55,elu,64,0.2851950340266675,0.0001888478103867,56,0.1650729954920032,0.1460543150400243
10,INTERMEDIATE,56,elu,64,0.2851950340266675,0.0001888478103867,56,0.347121900794181,0.1584880014926922
10,INTERMEDIATE,57,elu,64,0.2851950340266675,0.0001888478103867,56,0.2612460347061807,0.2568282039336315
10,INTERMEDIATE,58,elu,64,0.2851950340266675,0.0001888478103867,56,0.2307792969725348,0.2245757076434972
10,INTERMEDIATE,59,elu,64,0.2851950340266675,0.0001888478103867,56,0.1932546413418921,0.1866098884038808
10,INTERMEDIATE,60,elu,64,0.2851950340266675,0.0001888478103867,56,0.1869753375649452,0.1536391326567021
10,INTERMEDIATE,61,elu,64,0.2851950340266675,0.0001888478103867,56,0.170758016068827,0.1501523961381214
10,INTERMEDIATE,62,elu,64,0.2851950340266675,0.0001888478103867,56,0.1726586009291085,0.1395185884179138
10,INTERMEDIATE,63,elu,64,0.2851950340266675,0.0001888478103867,56,0.1696797301146117,0.1337817109576085
10,INTERMEDIATE,64,elu,64,0.2851950340266675,0.0001888478103867,56,0.2109628397632729,0.141601249212172
10,INTERMEDIATE,65,elu,64,0.2851950340266675,0.0001888478103867,56,0.1641034219752658,0.133343258600046
10,INTERMEDIATE,66,elu,64,0.2851950340266675,0.0001888478103867,56,0.1661560694602402,0.135839403584236
10,INTERMEDIATE,67,elu,64,0.2851950340266675,0.0001888478103867,56,0.1714321737262335,0.1621812743748106
10,INTERMEDIATE,68,elu,64,0.2851950340266675,0.0001888478103867,56,0.1687322584065524,0.1435737182817808
10,INTERMEDIATE,69,elu,64,0.2851950340266675,0.0001888478103867,56,0.1483890922232107,0.1368723892402358
10,INTERMEDIATE,70,elu,64,0.2851950340266675,0.0001888478103867,56,0.197015411474488,0.1877120755976293
10,INTERMEDIATE,71,elu,64,0.2851950340266675,0.0001888478103867,56,0.1624373085796833,0.1538304773772635
10,INTERMEDIATE,72,elu,64,0.2851950340266675,0.0001888478103867,56,0.1727964603765444,0.1382921608846362
10,INTERMEDIATE,73,elu,64,0.2851950340266675,0.0001888478103867,56,0.1449366606433283,0.1309459366176913
10,INTERMEDIATE,74,elu,64,0.2851950340266675,0.0001888478103867,56,0.1583189971067688,0.1280868478664537
10,INTERMEDIATE,75,elu,64,0.2851950340266675,0.0001888478103867,56,0.1467666084116155,0.1261354977855595
10,INTERMEDIATE,76,elu,64,0.2851950340266675,0.0001888478103867,56,0.1620385504581711,0.1220449173777568
10,INTERMEDIATE,77,elu,64,0.2851950340266675,0.0001888478103867,56,0.1509283511814746,0.1244297122991666
10,INTERMEDIATE,78,elu,64,0.2851950340266675,0.0001888478103867,56,0.1552949029613625,0.1263978235060122
10,INTERMEDIATE,79,elu,64,0.2851950340266675,0.0001888478103867,56,0.2537736384706063,0.1423927021281021
10,INTERMEDIATE,80,elu,64,0.2851950340266675,0.0001888478103867,56,0.2549563758075237,0.1487678079070841
10,INTERMEDIATE,81,elu,64,0.2851950340266675,0.0001888478103867,56,0.4259616491300138,0.2853343701217232
10,INTERMEDIATE,82,elu,64,0.2851950340266675,0.0001888478103867,56,0.3263944428075443,0.3403332156197327
10,INTERMEDIATE,83,elu,64,0.2851950340266675,0.0001888478103867,56,0.2672189027070999,0.2708333709799662
10,INTERMEDIATE,84,elu,64,0.2851950340266675,0.0001888478103867,56,0.2261428951539776,0.2187170799730754
10,INTERMEDIATE,85,elu,64,0.2851950340266675,0.0001888478103867,56,0.1973352459343997,0.1765475332191804
10,INTERMEDIATE,86,elu,64,0.2851950340266675,0.0001888478103867,56,0.1504097404805096,0.1481677362831627
10,INTERMEDIATE,87,elu,64,0.2851950340266675,0.0001888478103867,56,0.1394274417649615,0.1338625694738655
10,INTERMEDIATE,88,elu,64,0.2851950340266675,0.0001888478103867,56,0.1413866251029751,0.1329775257263241
10,INTERMEDIATE,89,elu,64,0.2851950340266675,0.0001888478103867,56,0.1707827333699573,0.1410325839661243
10,INTERMEDIATE,90,elu,64,0.2851950340266675,0.0001888478103867,56,0.1771500479768623,0.1503777222753298
10,INTERMEDIATE,91,elu,64,0.2851950340266675,0.0001888478103867,56,0.1629370406947352,0.1420388770539586
10,INTERMEDIATE,92,elu,64,0.2851950340266675,0.0001888478103867,56,0.2819827415726401,0.1485315197851599
10,INTERMEDIATE,93,elu,64,0.2851950340266675,0.0001888478103867,56,0.1792279779911041,0.1478957631057355
10,INTERMEDIATE,94,elu,64,0.2851950340266675,0.0001888478103867,56,0.1539720921692523,0.1431597893739619
10,INTERMEDIATE,95,elu,64,0.2851950340266675,0.0001888478103867,56,0.1543214507400989,0.1426576888870175
10,INTERMEDIATE,96,elu,64,0.2851950340266675,0.0001888478103867,56,0.158714391968467,0.1402322934349862
10,INTERMEDIATE,97,elu,64,0.2851950340266675,0.0001888478103867,56,0.1483866670592264,0.1408140052836842
10,INTERMEDIATE,98,elu,64,0.2851950340266675,0.0001888478103867,56,0.1415594131262465,0.1381936456281237
10,INTERMEDIATE,99,elu,64,0.2851950340266675,0.0001888478103867,56,0.1518057464537295,0.1317339081135465
10,INTERMEDIATE,100,elu,64,0.2851950340266675,0.0001888478103867,56,0.1437163378366015,0.1315199316638272
10,INTERMEDIATE,101,elu,64,0.2851950340266675,0.0001888478103867,56,0.1756686761297962,0.134831080940075
10,INTERMEDIATE,102,elu,64,0.2851950340266675,0.0001888478103867,56,0.1366311917928132,0.1282796525373691
10,INTERMEDIATE,103,elu,64,0.2851950340266675,0.0001888478103867,56,0.2194062913344665,0.1290453315780657
10,INTERMEDIATE,104,elu,64,0.2851950340266675,0.0001888478103867,56,0.135162627832456,0.1231342430067498
10,INTERMEDIATE,105,elu,64,0.2851950340266675,0.0001888478103867,56,0.134945502335375,0.1233850857470093
10,INTERMEDIATE,106,elu,64,0.2851950340266675,0.0001888478103867,56,0.1534509828144853,0.1183323654823187
10,INTERMEDIATE,107,elu,64,0.2851950340266675,0.0001888478103867,56,0.1416197773069143,0.1217947072553925
10,INTERMEDIATE,108,elu,64,0.2851950340266675,0.0001888478103867,56,0.1441453062844547,0.1146845657196713
10,INTERMEDIATE,109,elu,64,0.2851950340266675,0.0001888478103867,56,0.1490916171195832,0.1140373807127882
10,INTERMEDIATE,110,elu,64,0.2851950340266675,0.0001888478103867,56,0.1340782989493825,0.1148108567860795
10,INTERMEDIATE,111,elu,64,0.2851950340266675,0.0001888478103867,56,0.1415476804937828,0.1141469128793332
10,INTERMEDIATE,112,elu,64,0.2851950340266675,0.0001888478103867,56,0.2036869769746607,0.1158650035447463
10,INTERMEDIATE,113,elu,64,0.2851950340266675,0.0001888478103867,56,0.1389445891095833,0.1159447855883982
10,INTERMEDIATE,114,elu,64,0.2851950340266675,0.0001888478103867,56,0.1433472457257184,0.1067338697385133
10,INTERMEDIATE,115,elu,64,0.2851950340266675,0.0001888478103867,56,0.1392929946834391,0.1081522989836407
10,INTERMEDIATE,116,elu,64,0.2851950340266675,0.0001888478103867,56,0.1374502043155106,0.1067979024132577
10,INTERMEDIATE,117,elu,64,0.2851950340266675,0.0001888478103867,56,0.1349245579913258,0.106298645912874
10,INTERMEDIATE,118,elu,64,0.2851950340266675,0.0001888478103867,56,0.1318745735016736,0.1022845383097485
10,INTERMEDIATE,119,elu,64,0.2851950340266675,0.0001888478103867,56,0.1440408852120692,0.1029705611489168
10,INTERMEDIATE,120,elu,64,0.2851950340266675,0.0001888478103867,56,0.217481985264881,0.1052733657927048
10,INTERMEDIATE,121,elu,64,0.2851950340266675,0.0001888478103867,56,0.1714925628832795,0.1074507691693015
10,INTERMEDIATE,122,elu,64,0.2851950340266675,0.0001888478103867,56,0.1682836970483714,0.1258329375669723
10,INTERMEDIATE,123,elu,64,0.2851950340266675,0.0001888478103867,56,0.1231074839491735,0.1076733845672229
10,INTERMEDIATE,124,elu,64,0.2851950340266675,0.0001888478103867,56,0.1306282674724405,0.1058737954987985
10,INTERMEDIATE,125,elu,64,0.2851950340266675,0.0001888478103867,56,0.136734174225818,0.096277158434798
10,INTERMEDIATE,126,elu,64,0.2851950340266675,0.0001888478103867,56,0.1497656494717706,0.0994174449545581
10,INTERMEDIATE,127,elu,64,0.2851950340266675,0.0001888478103867,56,0.1414481660520488,0.102261035884844
10,INTERMEDIATE,128,elu,64,0.2851950340266675,0.0001888478103867,56,0.1323521448807283,0.1022605728812334
10,INTERMEDIATE,129,elu,64,0.2851950340266675,0.0001888478103867,56,0.1484793729402802,0.0956210911092234
10,INTERMEDIATE,130,elu,64,0.2851950340266675,0.0001888478103867,56,0.2579066875306042,0.1728973450911481
10,INTERMEDIATE,131,elu,64,0.2851950340266675,0.0001888478103867,56,0.1847142665223642,0.1616121350628573
10,INTERMEDIATE,132,elu,64,0.2851950340266675,0.0001888478103867,56,0.1255645855668593,0.1279506302643113
10,INTERMEDIATE,133,elu,64,0.2851950340266675,0.0001888478103867,56,0.1281475318087772,0.1005514230033973
10,INTERMEDIATE,134,elu,64,0.2851950340266675,0.0001888478103867,56,0.1237873065031387,0.0960635571036397
10,INTERMEDIATE,135,elu,64,0.2851950340266675,0.0001888478103867,56,0.1531988011503761,0.0984429340900444
10,INTERMEDIATE,136,elu,64,0.2851950340266675,0.0001888478103867,56,0.1267120018601417,0.0939492810426688
10,INTERMEDIATE,137,elu,64,0.2851950340266675,0.0001888478103867,56,0.2636483294719999,0.1671825702779176
10,INTERMEDIATE,138,elu,64,0.2851950340266675,0.0001888478103867,56,0.137383905832063,0.1120546548286589
10,INTERMEDIATE,139,elu,64,0.2851950340266675,0.0001888478103867,56,0.1427982403812083,0.1128664805394847
10,INTERMEDIATE,140,elu,64,0.2851950340266675,0.0001888478103867,56,0.1321569240906021,0.1005624675805248
10,INTERMEDIATE,141,elu,64,0.2851950340266675,0.0001888478103867,56,0.1244246697222644,0.0944737182339517
10,INTERMEDIATE,142,elu,64,0.2851950340266675,0.0001888478103867,56,0.1286705699325962,0.0923226390533694
10,INTERMEDIATE,143,elu,64,0.2851950340266675,0.0001888478103867,56,0.1238533855331215,0.0942742922229737
10,INTERMEDIATE,144,elu,64,0.2851950340266675,0.0001888478103867,56,0.1396063181825659,0.0911486286033944
10,INTERMEDIATE,145,elu,64,0.2851950340266675,0.0001888478103867,56,0.1465269706465981,0.0891384051022369
10,INTERMEDIATE,146,elu,64,0.2851950340266675,0.0001888478103867,56,0.1254122854972427,0.0936216940739896
10,INTERMEDIATE,147,elu,64,0.2851950340266675,0.0001888478103867,56,0.1266589889472181,0.0873412147118914
10,INTERMEDIATE,148,elu,64,0.2851950340266675,0.0001888478103867,56,0.124589390206066,0.0953782424330711
10,INTERMEDIATE,149,elu,64,0.2851950340266675,0.0001888478103867,56,0.1343438436954536,0.0981234048561352
